0,source,sink,in_out_degree_b
1,2184483,1300190,3000000.0
2,3151356,1452193,289000000.0
3,1579396,193159,2000000.0
4,1406432,2481036,1.7142855918367434
5,2389638,593017,2.844827537158146
6,228206,212805,3.01010099996599
7,1237964,879115,482000000.0
8,3318124,1840575,26000000.0
9,4522929,1552625,63000000.0
10,3406737,3781412,2000000.0
11,1567983,3008412,84000000.0
12,4370932,2906415,2000000.0
13,286240,474307,6000000.0
14,4796773,3115614,5000000.0
15,2207765,4354226,0.039339103037498734
16,1283384,279636,70000000.0
17,368544,2431466,0.023233760064848858
18,3921857,4512147,3000000.0
19,49037,3175009,1000000.0
20,61633,1064392,8000000.0
21,1459453,654182,7000000.0
22,447597,2736867,4000000.0
23,2121585,3413796,12000000.0
24,933347,1131654,95000000.0
25,3733033,488937,2000000.0
26,3023014,2817859,11000000.0
27,1404783,410037,1000000.0
28,1886158,3656408,272000000.0
29,3316731,4579088,0.14968814937694772
30,2369031,1860112,1.014705867430796
31,2850334,755258,98000000.0
32,4606553,2879440,6000000.0
33,3013323,2064734,179000000.0
34,1653770,1190291,15000000.0
35,4540325,202508,64000000.0
36,4189431,4404645,2000000.0
37,1590268,3824559,4000000.0
38,2717491,421433,518000000.0
39,71500,2156609,28000000.0
40,2422900,325927,68000000.0
41,784291,4194667,99000000.0
42,3836480,4207316,31000000.0
43,2570161,3824301,21000000.0
44,2574465,1663756,2.0436681133464276
45,195757,4324049,73000000.0
46,3501584,624570,20000000.0
47,2342205,3520804,18000000.0
48,2067826,727427,5000000.0
49,4787138,2365654,46000000.0
50,2907109,1536763,29000000.0
51,2979388,2811074,240000000.0
52,2773866,3562714,501000000.0
53,3467832,3446682,81000000.0
54,209191,3142365,145000000.0
55,1630356,2157727,1000000.0
56,662368,853327,50000000.0
57,3151576,4278188,33000000.0
58,2671870,4797151,1000000.0
59,3536080,614747,97000000.0
60,2541283,1592987,204000000.0
61,3848381,903626,20000000.0
62,811898,3593324,3000000.0
63,231650,4016607,321000000.0
64,1305368,3362916,37000000.0
65,3275981,2183299,3000000.0
66,3863858,4710588,45000000.0
67,938826,4543397,243000000.0
68,4705108,2629120,1000000.0
69,617435,2721940,0.222910216373204
70,2022904,1202849,11000000.0
71,4797294,3735230,1000000.0
72,2450052,2549546,40000000.0
73,24523,497993,2000000.0
74,4576342,1043689,110000000.0
75,1875903,2638090,0.03414019458345621
76,930131,1305103,0.1842751838224197
77,3872353,2516690,0.030657815325207262
78,217062,20388,0.0063547446615992076
79,1628755,1120745,57000000.0
80,4033899,2555403,99000000.0
81,4600810,4690043,12000000.0
82,2852252,3901568,313000000.0
83,4128817,963520,41000000.0
84,4603833,3538910,2000000.0
85,2665129,694605,7000000.0
86,2506289,2034494,1000000.0
87,3755683,4027183,14000000.0
88,281045,1477566,0.350515462110745
89,525339,4345638,0.36184210288261776
90,2872550,3571822,14000000.0
91,3996001,1317062,22000000.0
92,1630993,2942968,3000000.0
93,3519436,273127,33000000.0
94,1072548,4516657,1.4893616915648107
95,3385377,21536,597000000.0
96,1698628,4155714,69000000.0
97,3421725,3521843,0.039950148858273894
98,2930692,138960,22000000.0
99,3738701,228193,2000000.0
100,1729154,1781627,2000000.0
101,3763685,3856235,1000000.0
102,2141424,1303746,2000000.0
103,4842336,3181505,2000000.0
104,258948,1471608,1000000.0
105,721572,98932,33000000.0
106,1943690,492035,0.0996336995607079
107,3345713,3762682,1000000.0
108,2924614,3377440,0.197916666604193
109,4112224,1051087,1000000.0
110,4110767,2609871,1000000.0
111,3922567,307495,26000000.0
112,558917,3683147,103000000.0
113,678764,1677837,41000000.0
114,4064525,2308522,1.633136085011029
115,2628408,2510362,0.26829268219974883
116,4088436,483355,2000000.0
117,4294640,2123719,0.6447368336218838
118,1062857,1809556,45000000.0
119,3287551,3077116,2000000.0
120,2921487,2416082,3000000.0
121,2206017,4727122,35000000.0
122,1601895,4424787,178000000.0
123,4538043,4347620,0.43636362842975224
124,2494024,1709398,0.6470588044982705
125,2380958,648703,45000000.0
126,3786904,871332,18000000.0
127,2705657,852814,91000000.0
128,2867762,2832683,2000000.0
129,4814135,2585300,7000000.0
130,1488632,297642,29000000.0
131,1789514,2955720,1000000.0
132,309474,3636323,3000000.0
133,4115547,879781,18000000.0
134,4771179,77677,1000000.0
135,1541973,2681572,2000000.0
136,660741,517853,18000000.0
137,4483428,1765722,3000000.0
138,2190643,2947163,2000000.0
139,2519581,3743967,30000000.0
140,4202801,710142,16000000.0
141,3417866,1598643,147000000.0
142,697388,943197,10000000.0
143,3899173,1397388,4000000.0
144,3150672,3974467,119000000.0
145,4449837,3538291,3000000.0
146,35548,3549289,7000000.0
147,2707088,2136581,2000000.0
148,1586232,3610552,0.08686521572290327
149,1735883,1901143,20000000.0
150,2968005,1495600,2000000.0
151,2873622,3664409,30000000.0
152,3691603,3188162,20000000.0
153,1655116,365416,16000000.0
154,2312268,4219994,15.842104985226229
155,2349671,204712,85000000.0
156,1026366,792812,32000000.0
157,3417564,2307183,173000000.0
158,3687290,1281414,1000000.0
159,3327760,600051,89000000.0
160,1299905,4474903,8000000.0
161,3881924,783583,4000000.0
162,111970,2294803,0.7545126326551891
163,3736271,433745,2000000.0
164,2807537,2703992,5000000.0
165,934509,1653156,1000000.0
166,4662733,4764472,39000000.0
167,1486892,237461,49000000.0
168,3026000,4750153,3000000.0
169,2436861,4683579,58000000.0
170,2295601,494551,15000000.0
171,2333576,4066830,102000000.0
172,1599720,3262474,182000000.0
173,600846,64799,83000000.0
174,1285894,2023333,31000000.0
175,1590882,971074,0.7922077901501097
176,357381,908061,14000000.0
177,2345122,743875,8000000.0
178,1164538,4273253,36000000.0
179,4624816,1789251,31000000.0
180,470204,3779626,56000000.0
181,2266717,1367613,178000000.0
182,2826267,928903,24000000.0
183,275804,1725270,131000000.0
184,3980329,4675165,0.34782607183364905
185,41540,1437899,1.465408795815039
186,1810899,2882556,0.9210697971812982
187,1230845,2027917,29000000.0
188,2472742,3567788,285000000.0
189,4174076,5480,147000000.0
190,4819127,543061,125000000.0
191,1512639,1757836,0.03191489327750113
192,594370,207942,1000000.0
193,4066375,4645447,42000000.0
194,1326339,639157,9000000.0
195,1429554,3308151,42000000.0
196,2622002,3723250,2000000.0
197,3341679,524043,4000000.0
198,2241048,4039025,110000000.0
199,2529024,1545613,1000000.0
200,644069,2596251,74000000.0
201,1813318,1054633,202.99998872222284
202,3655158,37400,86000000.0
203,3418483,362485,51000000.0
204,408243,4594685,216000000.0
205,2105491,3781492,156000000.0
206,738704,4658228,3000000.0
207,2535426,1266511,89000000.0
208,3014450,2569650,103000000.0
209,2635308,3237136,81000000.0
210,2749135,3229933,0.16487455138037796
211,1147295,4463463,1000000.0
212,495613,3009965,21000000.0
213,1376558,291125,7000000.0
214,2021517,4634127,37000000.0
215,4519174,520390,472000000.0
216,604125,4360758,6000000.0
217,3828465,3963629,109000000.0
218,2957639,4578655,0.3726993863601613
219,4325972,1755579,3000000.0
220,1039233,3674322,8000000.0
221,1901862,4840530,21000000.0
222,2408015,1321954,114000000.0
223,4781379,52592,2000000.0
224,4583761,4572486,0.06323092169212469
225,1476555,4751012,41.15384509861936
226,1636856,4208957,0.03122393039789966
227,2038215,4162950,0.7286821648939367
228,4216378,2118739,0.12429378460850969
229,1136996,3640654,6000000.0
230,4178366,3164163,56000000.0
231,986629,3346537,14000000.0
232,2303520,663713,7.249999904605264
233,4708115,738568,1000000.0
234,3769409,1960538,0.2529348983426522
235,2844371,3392930,44000000.0
236,1320291,3768226,1000000.0
237,1817011,3254390,1000000.0
238,3337956,1186643,0.5727272675206612
239,414390,2341215,664000000.0
240,1185153,4799044,5000000.0
241,4182445,4255166,40000000.0
242,1429988,4034214,99000000.0
243,784476,4743804,0.17897629674373883
244,1567741,2167167,0.07874201937130715
245,378193,3858906,5000000.0
246,3193737,852669,5000000.0
247,222154,1096330,0.10202639017388633
248,837136,4092142,10000000.0
249,3001803,1421121,1000000.0
250,4497472,970834,13000000.0
251,78652,876913,15000000.0
252,1740390,2913793,2000000.0
253,4608977,2576561,1000000.0
254,2146076,3373346,3000000.0
255,4043972,3448830,20000000.0
256,2066994,3418202,55.49999786538469
257,559972,3695276,10000000.0
258,2427345,214090,48000000.0
259,1635607,4683806,12000000.0
260,4435111,1900279,4000000.0
261,541055,1731912,83000000.0
262,1745528,2194526,181000000.0
263,754926,762964,3000000.0
264,2093716,3996594,70000000.0
265,4640383,987793,122000000.0
266,4298408,420656,1000000.0
267,4725488,1747009,0.27272726859504137
268,2264477,2991814,0.01861227982533651
269,4421319,4161763,10000000.0
270,4007453,1159092,1000000.0
271,2690596,3915235,212000000.0
272,3602451,2065513,51000000.0
273,504324,2747208,21000000.0
274,30083,1972008,34000000.0
275,1025903,2722816,2000000.0
276,2607838,4292513,0.05619047617263795
277,132853,1928713,435000000.0
278,1841790,1805282,2000000.0
279,699145,2039550,3000000.0
280,1632938,2917594,3000000.0
281,740264,775607,9000000.0
282,2326042,3593013,42000000.0
283,2597890,4398241,1000000.0
284,4347620,3709618,1000000.0
285,2956481,3808878,41000000.0
286,2421138,2173151,0.38461538038884197
287,3325878,3941234,3000000.0
288,3969780,3375372,1000000.0
289,641527,2264701,665000000.0
290,3750870,214372,16000000.0
291,3136757,2292933,2000000.0
292,194271,4138613,2000000.0
293,4837795,2032867,108000000.0
294,4532809,3889649,7000000.0
295,2019222,2153519,5000000.0
296,1047207,311498,63000000.0
297,2970262,1729215,2.267267260458657
298,1221209,2747564,1000000.0
299,268995,1173364,1000000.0
300,4427946,1339329,183000000.0
301,1607490,654860,0.31868131517932624
302,1460872,4581556,4.119999835200006
303,2019845,4577899,826000000.0
304,1704367,3164073,23000000.0
305,2745910,3104940,0.02467657486265463
306,2133929,3867352,156000000.0
307,3871942,4799962,174000000.0
308,3257910,588337,0.18124258006282448
309,765302,2762989,9000000.0
310,3960835,4669648,14000000.0
311,2629112,1529484,492000000.0
312,2073048,421699,1000000.0
313,4524669,2949748,1045000000.0
314,144060,3080263,68000000.0
315,3764504,3328639,201000000.0
316,433097,4052222,2000000.0
317,1986630,2951260,10000000.0
318,2398278,209191,0.16704689476120485
319,1974705,1581879,4000000.0
320,1443500,1164411,0.17622950795597062
321,3550092,3753484,14000000.0
322,3107199,690742,132000000.0
323,2019781,636552,1000000.0
324,3478606,1281736,231000000.0
325,919613,1735123,22000000.0
326,1432948,4331707,3.3991031237708382
327,4782388,1065417,0.8191489274558625
328,596337,409262,34000000.0
329,4106517,3002541,21000000.0
330,1065985,4673981,1000000.0
331,3757808,890719,59000000.0
332,4865292,2472812,17000000.0
333,1817278,3209863,6000000.0
334,2535495,1937230,4000000.0
335,1524949,2845319,5000000.0
336,2699583,2224526,20000000.0
337,3589315,1592667,2000000.0
338,1501709,3370956,5000000.0
339,2135899,3893892,107000000.0
340,3380008,1519730,1000000.0
341,3120092,4618432,11000000.0
342,1322906,784341,133000000.0
343,155804,834066,2000000.0
344,56567,3302825,9000000.0
345,432620,112551,16000000.0
346,1239755,165055,0.3935698443530268
347,2314931,2658417,37000000.0
348,3043233,857634,1000000.0
349,4444751,719172,41000000.0
350,3144674,3401173,0.6799999961142857
351,2681125,4245138,70000000.0
352,4355412,3494128,4000000.0
353,4114591,1582028,0.1075268815277296
354,4099850,924833,18000000.0
355,103916,2808644,0.0720720717474231
356,520324,3222831,43000000.0
357,3443992,280322,239000000.0
358,2008046,4864558,12000000.0
359,1981993,463338,67000000.0
360,3004094,819288,8000000.0
361,4467857,2374812,1000000.0
362,1143671,3610611,3000000.0
363,1114213,140603,8000000.0
364,2283170,3108276,199000000.0
365,3039452,1019859,47000000.0
366,298011,2396903,0.10227272715650826
367,3491637,3299008,3000000.0
368,4345638,1914315,33000000.0
369,3193210,370765,5000000.0
370,279329,4093834,12000000.0
371,1091584,977565,6000000.0
372,4310710,290077,197000000.0
373,3725239,1818269,1.3548386987513008
374,1799182,3537761,102000000.0
375,4366747,1672058,30000000.0
376,2921853,1063377,0.333333329749104
377,3210136,2558297,3000000.0
378,1618265,2401545,2000000.0
379,335479,673405,1000000.0
380,2393127,315060,2000000.0
381,2305619,2629421,29000000.0
382,94280,1191204,118000000.0
383,3396488,1921136,1000000.0
384,1184100,1487302,393000000.0
385,3561479,3836738,12000000.0
386,2920873,2227745,483000000.0
387,3576624,4268303,2000000.0
388,527595,1894941,444000000.0
389,919165,1264290,14000000.0
390,4014552,4632479,165000000.0
391,4135084,17392,48000000.0
392,245914,1905607,139000000.0
393,2618052,4188938,24000000.0
394,4836378,4536767,12000000.0
395,437876,2566889,0.13181818121900826
396,2497998,95673,24000000.0
397,1036152,502401,56000000.0
398,2585063,3153339,1000000.0
399,311952,487639,3.779735678656679
400,4260998,2255438,0.14285713877551032
401,795918,448525,33000000.0
402,2720299,2127901,21000000.0
403,1459605,3749748,2.205882288062286
404,3547614,2860781,164000000.0
405,3335130,438964,5000000.0
406,1933312,3256959,2000000.0
407,3564448,167816,24000000.0
408,3432616,2332893,3.057861631373759
409,2633605,1933805,75000000.0
410,2832099,593309,1272000000.0
411,2366431,4838273,24000000.0
412,623567,2164839,209000000.0
413,3994516,1354897,1000000.0
414,2315048,2033602,385000000.0
415,1637898,4121411,0.043344870984633035
416,892193,4336282,1000000.0
417,4578655,3601327,251000000.0
418,4152864,1994852,31000000.0
419,2533205,2449296,2000000.0
420,3035063,3658576,12000000.0
421,1063789,1199206,2000000.0
422,4717616,489300,34000000.0
423,3652352,1702417,1.5053191409291535
424,1024682,1315850,48000000.0
425,2587055,3472626,132000000.0
426,2086863,512769,0.6331877720040935
427,1493935,2241589,9000000.0
428,941692,3517094,124000000.0
429,2912801,871888,22000000.0
430,3606548,626239,7000000.0
431,2200735,2157328,11000000.0
432,3544260,2618757,38000000.0
433,1862492,54381,74000000.0
434,3445194,2976923,1000000.0
435,4114513,3383210,1000000.0
436,3744513,1129682,1000000.0
437,2055183,1190704,144000000.0
438,3592571,377102,0.04019746118462802
439,484479,352855,83000000.0
440,4518583,1939151,115000000.0
441,2741551,3680201,250000000.0
442,2589986,4298355,1000000.0
443,3446506,3393730,16000000.0
444,1080614,1486892,2.160493800487731
445,3819586,3914665,4000000.0
446,2232341,2167763,7000000.0
447,3663392,2116501,5000000.0
448,135756,1415397,0.1904761859410432
449,1304570,762511,8000000.0
450,3268179,1312177,7000000.0
451,1034420,2582486,2.5132743288693975
452,1395712,207348,275000000.0
453,28366,1841875,0.1330343794722954
454,628921,901150,43000000.0
455,2156930,302849,0.11675126844288697
456,4742865,4011635,0.20065789407678325
457,579052,4286269,26000000.0
458,3622805,2239775,5000000.0
459,1097755,19760,0.5348837147106545
460,4681267,4047729,139000000.0
461,4214037,1124684,75000000.0
462,3328824,4725447,48000000.0
463,1632157,3441172,1000000.0
464,2733872,2966772,181000000.0
465,4402871,3812818,0.2983050842401609
466,1807180,817365,2000000.0
467,2763391,4023498,4000000.0
468,1626617,2819030,1000000.0
469,4130943,4188416,112000000.0
470,467667,4000293,264000000.0
471,585290,2615912,35000000.0
472,3437795,2770964,297000000.0
473,3206172,4186227,179000000.0
474,174802,3795595,1000000.0
475,4371955,1776702,0.8099999919
476,2810159,2277589,7000000.0
477,2044305,2746365,382000000.0
478,2952533,3517217,1000000.0
479,2914124,4682995,1000000.0
480,61530,3335540,76000000.0
481,4591296,1929062,31000000.0
482,4428300,2480985,1.3173652615726632
483,46090,1450214,48000000.0
484,659769,20462,16000000.0
485,636099,1164072,5000000.0
486,2407305,95886,7000000.0
487,1475238,1917370,0.2873376618712051
488,550624,1332575,0.14843749884033205
489,3206394,2933565,117000000.0
490,3940380,3051327,0.10074511019858039
491,273164,1413055,3.0545938707661864
492,1957538,4839138,53000000.0
493,2749267,3859663,99000000.0
494,173719,2037535,10000000.0
495,384254,3003794,213000000.0
496,410127,290758,22000000.0
497,2586954,1166818,53000000.0
498,172972,4299050,4000000.0
499,2422604,909677,3000000.0
500,4326329,732416,4000000.0
501,3476921,4329139,71000000.0
502,2346396,3113197,20000000.0
503,1397316,1548423,1000000.0
504,4590349,4475906,16.77570077779719
505,4462368,1729215,2.267267260458657
506,1327440,2866511,25000000.0
507,505918,80983,8000000.0
508,1041665,246307,36000000.0
509,1619831,4149096,3000000.0
510,1602676,4821149,21000000.0
511,4498800,2530095,5000000.0
512,1220744,2494359,160000000.0
513,3216894,2917270,3000000.0
514,823636,3470096,2000000.0
515,2464404,2214631,26000000.0
516,2225928,937883,2000000.0
517,3874174,3660958,64000000.0
518,4510312,4641648,0.41379308917954866
519,1772905,1164032,0.6666665925926009
520,497126,1813537,2000000.0
521,3956535,1366076,14000000.0
522,311395,4517546,2000000.0
523,691053,2551093,2000000.0
524,1202094,4419310,8000000.0
525,2511862,702114,3000000.0
526,1537593,3531111,0.6571428383673475
527,1809060,2755105,2000000.0
528,4561995,4101406,40000000.0
529,1183256,851822,0.17984189687778282
530,2259583,180886,1000000.0
531,617956,2413499,69000000.0
532,1294163,515021,1000000.0
533,2063062,1342577,35000000.0
534,1800416,2888042,1000000.0
535,4691181,4610787,5000000.0
536,1834142,3836704,352000000.0
537,949172,2071647,2.9811320192239243
538,2536161,4132261,0.11348837198745267
539,625451,3547349,457000000.0
540,2290078,107998,140000000.0
541,3494888,248970,6000000.0
542,268519,2884416,0.5499999862500004
543,158115,4633431,0.47808764749765875
544,4699529,317786,82000000.0
545,3256646,751974,29000000.0
546,3725632,731420,63000000.0
547,2171358,4477620,18000000.0
548,931647,1765411,114000000.0
549,2744198,3642845,50000000.0
550,1765731,1258166,11000000.0
551,2649630,1742482,39000000.0
552,1641756,2486979,0.12603878098886595
553,4036817,1703634,33000000.0
554,3849807,2866908,5000000.0
555,1167211,1840412,14.563218223411285
556,4766814,3298954,33000000.0
557,947762,3341056,2000000.0
558,3136926,4534450,6000000.0
559,3730870,3175312,0.07380952363378684
560,2690278,3761780,0.18284789614425906
561,2058283,8356,47000000.0
562,2646810,4575002,45000000.0
563,3633833,2573172,0.3565891445225648
564,4247331,82320,24000000.0
565,3983042,2701676,4.047618999433107
566,2093176,2186222,43000000.0
567,1412983,2528294,0.289473676592798
568,3920505,4846084,1.7196261628672083
569,3320046,4335591,87000000.0
570,1262238,1048746,8000000.0
571,3059183,1766159,0.14788732290220197
572,1495241,4548619,33000000.0
573,3717996,3452178,12000000.0
574,908046,458466,5000000.0
575,319732,3806748,25000000.0
576,748200,1665032,4000000.0
577,856916,2741764,268000000.0
578,2695621,4579955,99000000.0
579,4016649,3678951,0.3003731337679606
580,3699726,4642092,20000000.0
581,4599604,1537367,7.214285456632662
582,4323755,1211774,3000000.0
583,117178,2785207,77000000.0
584,2934603,2472584,5.33177567601974
585,1432887,2529373,9000000.0
586,4493215,2784278,29000000.0
587,4159232,4217711,821000000.0
588,3756910,1193087,183000000.0
589,1648871,4590454,1000000.0
590,4458811,3019604,0.03537275063903622
591,3148390,2002788,103000000.0
592,769445,2986095,40000000.0
593,4542296,4029056,104000000.0
594,3097604,4305969,67000000.0
595,3135278,1898689,0.503759394708576
596,3490385,2303097,1000000.0
597,2880138,1230311,124000000.0
598,1799854,1094216,34000000.0
599,3441024,3198893,112000000.0
600,1712592,256053,124000000.0
601,1213060,3485270,41000000.0
602,674419,1687481,4000000.0
603,2253113,4199739,36000000.0
604,1687100,4699308,85000000.0
605,1687914,1492115,12000000.0
606,4467644,4597686,105000000.0
607,1287150,4587728,17000000.0
608,885888,2401150,35000000.0
609,4059232,1934540,0.4097222207995756
610,2167353,2927967,3000000.0
611,2431787,2243309,275000000.0
612,4066935,3061931,0.9523809433106577
613,2912103,2616761,11000000.0
614,1451983,4398710,9000000.0
615,1760195,3815591,96000000.0
616,1268923,4185459,15000000.0
617,3584579,4561007,100000000.0
618,3210823,4593452,23000000.0
619,2679215,4079576,1000000.0
620,3308965,1499488,4000000.0
621,1308257,1360090,0.09090909022038568
622,4556619,524247,101000000.0
623,3464435,3158801,34000000.0
624,4834181,1615948,1000000.0
625,4548696,2910685,37000000.0
626,1486569,380005,7000000.0
627,1221273,4569835,3000000.0
628,1504438,1269021,12000000.0
629,273892,4626132,16000000.0
630,4312824,3833152,49000000.0
631,2240718,1337977,7000000.0
632,1187945,4097285,24000000.0
633,1628691,4570236,3000000.0
634,3764155,1080529,6000000.0
635,2259251,4196528,47000000.0
636,2299390,1491019,3000000.0
637,1049492,398291,28000000.0
638,233391,2965375,39000000.0
639,717673,3995418,0.4427480899131752
640,2941407,2964315,13000000.0
641,682761,1558128,8000000.0
642,4352101,697201,34000000.0
643,4239933,2533625,12000000.0
644,1068581,2394046,24000000.0
645,1176065,3366522,2000000.0
646,2913818,4272458,0.17532467516203645
647,4159234,597760,162000000.0
648,4818958,708203,0.24602707460504586
649,3192626,1092178,4000000.0
650,3438286,4629375,0.08977556087337765
651,879908,4254453,127.99997866667022
652,1954387,610672,5000000.0
653,1452,3373263,2000000.0
654,4207021,606980,1000000.0
655,1413126,2746611,2000000.0
656,3149884,128838,5000000.0
657,2598830,299664,88000000.0
658,3017206,948009,24000000.0
659,970600,2125683,40000000.0
660,1211741,4121054,1000000.0
661,2835234,570107,16000000.0
662,675370,1471569,9000000.0
663,4610268,1275066,7000000.0
664,1584806,1092555,4000000.0
665,2904717,762869,5000000.0
666,3892708,1170664,0.2599999974
667,3976780,1552898,46000000.0
668,1808958,3153165,18000000.0
669,3293844,282738,218.49997268750343
670,2027803,2619844,5000000.0
671,250137,2976917,3000000.0
672,4418160,3626136,257000000.0
673,3372601,3785031,1000000.0
674,3318630,701503,0.3846153838757396
675,3961269,303000,4000000.0
676,1978642,1969680,48000000.0
677,1285540,3833101,2000000.0
678,4399173,2631408,142000000.0
679,1225417,3677077,2000000.0
680,1917370,970119,22000000.0
681,716749,4720136,4000000.0
682,2164938,2616090,2000000.0
683,4021250,1378011,199000000.0
684,1898939,2124762,8000000.0
685,725231,2353568,22000000.0
686,1072647,2289244,14000000.0
687,3316884,1440533,5000000.0
688,2308616,4597182,52000000.0
689,2468610,1173627,98000000.0
690,4280660,4011543,80000000.0
691,4358480,2619379,0.031055828213344964
692,4247587,4266094,42000000.0
693,1362833,4644467,117000000.0
694,4849080,384166,3000000.0
695,2933517,1722935,138000000.0
696,251110,4829418,2000000.0
697,3046801,4326881,2000000.0
698,3300747,409240,120000000.0
699,2205989,736972,294000000.0
700,4759196,2959134,2000000.0
701,352777,1582441,175000000.0
702,4732444,4677915,10000000.0
703,1450478,3800540,15000000.0
704,3345046,4255985,3000000.0
705,807609,2070084,0.4919786069947668
706,1893341,2401643,2.8437499703776044
707,3968198,1413750,24000000.0
708,3502346,4395778,0.18110236149172299
709,3424526,865480,65000000.0
710,3997092,847152,2000000.0
711,871619,88771,1000000.0
712,3591727,4128045,20000000.0
713,812874,2576794,1000000.0
714,2967237,819090,695000000.0
715,2683846,1765869,27000000.0
716,3933860,4187117,2000000.0
717,3755255,3173162,13000000.0
718,4479676,2054407,47000000.0
719,1092129,4740893,112000000.0
720,2978353,487236,122.73332515111166
721,2831459,3748022,16000000.0
722,1861711,3429791,3.4545451404958967
723,128268,3306286,79000000.0
724,4447307,3657540,516000000.0
725,4583130,4195270,23000000.0
726,1903802,3756910,0.7277599134750697
727,1226964,4506897,298000000.0
728,4122877,478112,96000000.0
729,3531100,4818685,2000000.0
730,4722544,1565469,27.74576224159725
731,492776,2057832,1.0044247743167045
732,202406,1370056,2000000.0
733,739365,4478927,125000000.0
734,3130360,3381180,1000000.0
735,3971343,774221,8000000.0
736,1639225,497594,0.4578313234625248
737,3080878,3107755,61000000.0
738,314720,466302,47000000.0
739,4074945,67911,14000000.0
740,4627005,3010945,69000000.0
741,3763328,2178305,304000000.0
742,265346,3088232,3.77536231336904
743,3446384,679574,0.8251366075129147
744,887938,3994705,11000000.0
745,3223920,2516690,0.030657815325207262
746,4858799,4350911,9000000.0
747,4510458,1127255,142000000.0
748,2270094,2546813,18000000.0
749,4060750,2393523,172000000.0
750,4282575,3861442,9000000.0
751,3251045,3297002,31000000.0
752,3031208,664506,40000000.0
753,3434262,3173953,8000000.0
754,2226291,4082571,12000000.0
755,2032980,4096612,0.0054515454133537205
756,4143745,683678,1000000.0
757,2220133,979255,3.219858144610432
758,552690,1513515,20000000.0
759,2089216,4666032,51000000.0
760,734968,4266986,1000000.0
761,748396,3222295,30000000.0
762,3473274,4010152,0.5419354803746098
763,401726,1700117,33000000.0
764,4205304,4326349,1097000000.0
765,713973,3737538,1000000.0
766,268979,3902256,16000000.0
767,1774406,2445713,179000000.0
768,1566271,3727886,32000000.0
769,1747009,542316,72000000.0
770,3760607,1428975,10000000.0
771,2062066,3937192,55000000.0
772,2469227,2769934,21000000.0
773,463854,2442529,107000000.0
774,3369814,1205255,1000000.0
775,268091,1807947,9000000.0
776,3561896,257577,103000000.0
777,4181239,2507601,57000000.0
778,745210,3851609,2000000.0
779,4247950,4173475,0.5925925706447196
780,4611286,3527826,19000000.0
781,3094990,3311965,2000000.0
782,4459514,1633484,60000000.0
783,2814285,4198583,62000000.0
784,2152778,2815618,155000000.0
785,9202,1609289,24000000.0
786,2858107,3025604,104000000.0
787,3881850,3284336,1000000.0
788,1200874,703387,27000000.0
789,1730864,4776931,10000000.0
790,1976020,3906437,9000000.0
791,3478937,4411245,602000000.0
792,2606468,2151625,2000000.0
793,810847,3601552,1000000.0
794,2518054,3994251,28000000.0
795,4730476,3723065,45000000.0
796,2675276,1802531,68000000.0
797,274343,996371,2.5140844893374332
798,3650803,3477517,168000000.0
799,1159131,3007594,135000000.0
800,4660393,1063328,11000000.0
801,1430292,3755407,116000000.0
802,4855215,3292438,0.15368120074790478
803,155341,4215650,2000000.0
804,4791237,668241,30000000.0
805,504848,1473701,12000000.0
806,812688,440093,6.9999930000070005
807,1218819,4522612,1000000.0
808,904699,3825480,10000000.0
809,3371729,3273144,2.3246753203623833
810,2518902,2524567,15000000.0
811,2608048,891969,4000000.0
812,133167,3827835,99000000.0
813,1735998,2685390,2000000.0
814,1851023,2661301,0.8873239415790518
815,4223007,4651979,70000000.0
816,2978385,4096612,0.0054515454133537205
817,2982118,2890172,49000000.0
818,1985096,3281495,57000000.0
819,2872865,772280,4000000.0
820,1730546,2700195,13000000.0
821,3759171,3267798,67000000.0
822,1474194,1736248,0.5868263455484242
823,136049,1205898,68000000.0
824,779856,2791664,0.09534368060383185
825,2976069,2589511,1.1513513451278305
826,56121,3118599,20000000.0
827,752326,4027234,57000000.0
828,1129405,1073098,2000000.0
829,4219582,352759,4000000.0
830,67800,1774334,0.5246523381483535
831,1562061,3275980,7000000.0
832,4469172,3056997,176000000.0
833,1632644,2747148,49000000.0
834,2103452,2394094,51000000.0
835,1792282,1275575,1000000.0
836,2337068,2777919,4.108108071098125
837,383188,487074,3000000.0
838,3624273,1694426,9000000.0
839,1927607,3784976,144000000.0
840,2564846,3871166,4000000.0
841,469289,3658913,26000000.0
842,3579512,3070342,38000000.0
843,3609789,1916723,1.2613636220299589
844,1005255,2558769,3.142857068027213
845,4820881,4005729,5000000.0
846,2666350,3968888,786000000.0
847,979653,1836007,0.08108108104684077
848,3156444,3459373,119000000.0
849,3454223,3088232,3.77536231336904
850,1691726,1990675,1000000.0
851,1938140,1764317,53000000.0
852,2920273,123591,10000000.0
853,4778699,1201096,4000000.0
854,267534,1380378,2000000.0
855,1135603,2685283,0.1648099027117931
856,4743153,535280,90000000.0
857,4164647,4571277,79000000.0
858,3251800,3853574,0.3069306923095775
859,142496,2824480,48000000.0
860,1353165,2287915,25000000.0
861,4721192,3288243,1.4878048417608576
862,148935,1140025,0.46874999511718757
863,754986,4625985,0.13517305887035871
864,3100893,2493630,26000000.0
865,1456698,2760565,65000000.0
866,3167544,3065172,712000000.0
867,1615945,2471103,1000000.0
868,923082,3893890,2000000.0
869,3615734,3970114,1000000.0
870,2299912,1008064,81000000.0
871,609330,1397316,14.87755086859642
872,2338838,4834648,76000000.0
873,2017826,2903363,0.21487603216993376
874,1049150,4124480,0.18678160865867355
875,2608376,3824501,17000000.0
876,1482666,1660395,120000000.0
877,1306100,1678282,3000000.0
878,2826278,3611999,28000000.0
879,2395078,2721855,3000000.0
880,3680790,2927670,27000000.0
881,4272458,151153,9000000.0
882,3596185,1595754,8000000.0
883,370525,4291780,74000000.0
884,2226097,1974361,22000000.0
885,431391,1102747,2000000.0
886,300097,726929,3000000.0
887,750926,2586375,102000000.0
888,153480,4192365,2000000.0
889,3506025,212805,3.01010099996599
890,2452484,2199228,27000000.0
891,1233851,3304718,14.99999833333352
892,456126,2103578,3000000.0
893,3286368,1614313,2000000.0
894,759809,1677060,21000000.0
895,3538278,1922398,3000000.0
896,783972,4757627,2000000.0
897,2085193,3886160,1000000.0
898,623444,2262983,257000000.0
899,1219418,528928,85000000.0
900,1998627,538998,1000000.0
901,573693,3400944,0.026375625281821226
902,1101947,1959052,8000000.0
903,3887171,617576,236000000.0
904,4093525,4161490,19000000.0
905,1711569,1503250,1000000.0
906,1318170,2766614,65000000.0
907,2915489,2434223,2.358974298487839
908,4713292,1735687,9000000.0
909,4342160,4836932,1000000.0
910,563322,1340111,0.3067375881086213
911,922949,1049281,11000000.0
912,1455727,1967550,23000000.0
913,4347727,2401865,138000000.0
914,1779478,4553620,22000000.0
915,820951,1133567,81000000.0
916,1295223,3606238,2000000.0
917,234766,1989292,5.1315788798476465
918,495684,2052579,13000000.0
919,2604474,262528,1194000000.0
920,4457096,3095483,29000000.0
921,3225386,1483950,0.8594704666813229
922,3959449,2151517,135000000.0
923,2695091,2128045,32000000.0
924,2245867,2784159,16000000.0
925,1719345,2177982,0.012955888974234109
926,3795465,4690299,285000000.0
927,2902003,1374445,1000000.0
928,1895458,1253026,0.25945179571859556
929,888120,888836,0.10489889262729303
930,4866498,2486525,17000000.0
931,184687,4696690,0.1500170473406011
932,2871308,1064883,112000000.0
933,552693,4180588,0.2582417575323029
934,460696,978745,68000000.0
935,3721072,2717219,20000000.0
936,242742,637362,42000000.0
937,4147170,3324817,78000000.0
938,1299015,127123,245000000.0
939,833087,907052,0.8450704106328112
940,137437,4005148,7000000.0
941,2474997,2999710,53000000.0
942,4137763,2898182,1000000.0
943,475232,3873884,1000000.0
944,2519600,3144985,167000000.0
945,851486,1253335,37000000.0
946,1484675,2555689,43000000.0
947,863325,3528798,1000000.0
948,865410,2270767,107000000.0
949,1588061,4013191,14000000.0
950,2975625,2363738,15000000.0
951,919101,1522214,1000000.0
952,3893222,4116046,1000000.0
953,4759359,824031,1000000.0
954,3298060,3649303,1000000.0
955,1618544,1613382,16000000.0
956,2324352,816913,321000000.0
957,4499487,3804486,25000000.0
958,861461,2833178,52000000.0
959,2713798,2885043,69000000.0
960,2475214,343584,6000000.0
961,2815706,716282,675000000.0
962,810494,785119,55000000.0
963,3743292,29959,0.7796610037345593
964,4022436,2309371,10000000.0
965,1576600,3241571,2.3932584000757484
966,3164595,727760,282000000.0
967,2342340,2371785,25000000.0
968,3318025,3258850,7000000.0
969,854025,2258576,26000000.0
970,3446567,621120,0.6900149021013191
971,3067879,2330265,0.09582361668521865
972,989455,1268920,3000000.0
973,3517389,843636,265000000.0
974,2506342,1857594,2000000.0
975,863783,4395944,21000000.0
976,1632116,1528823,1000000.0
977,2359631,4515216,0.08168168163262361
978,3317934,3629131,0.6666666419753096
979,2932339,2350634,61000000.0
980,927463,1514817,16000000.0
981,3598083,1721413,1278000000.0
982,2429371,9946,159000000.0
983,1039279,3411931,160000000.0
984,2895068,3918393,1000000.0
985,1854023,1483116,5000000.0
986,725415,2082827,2000000.0
987,1202857,1678405,0.3389830498898784
988,3689215,1218296,2000000.0
989,4528705,1142702,57000000.0
990,4034438,711824,46000000.0
991,3782034,3556169,25000000.0
992,1014721,1666556,0.7393364893870309
993,3270580,3395510,22000000.0
994,2324422,4426524,87000000.0
995,1194190,345813,45000000.0
996,2625217,1996375,3000000.0
997,2824005,2211339,2000000.0
998,1576591,4166917,3000000.0
999,380525,4664852,1000000.0
1000,3993072,2416078,18000000.0
1001,1094048,594102,29000000.0
1002,4600134,624993,34000000.0
1003,2764263,2893207,61000000.0
1004,4177865,2882100,33000000.0
1005,4623321,4808386,526000000.0
1006,3718908,4679904,0.07881773392543699
1007,2745387,3910839,1000000.0
1008,3195688,112647,47000000.0
1009,1813368,1770441,0.27460317416729657
1010,2009930,4758377,24000000.0
1011,1787403,2443214,1000000.0
1012,4726874,1894531,3000000.0
1013,127950,3728341,50000000.0
1014,3794842,3706176,0.22429906332430782
1015,3296250,3535207,2.317829439396671
1016,4811622,757734,89000000.0
1017,3683564,2701054,6000000.0
1018,1283657,689821,352000000.0
1019,3836659,4321162,0.0560904926562503
1020,1488401,3872415,120000000.0
1021,31098,1030864,43000000.0
1022,2451660,1970291,0.4285714241982508
1023,718458,3720766,117000000.0
1024,2002799,4114575,16000000.0
1025,2005497,2338090,6000000.0
1026,2118551,3452067,23000000.0
1027,3778796,254059,48000000.0
1028,4348766,3973930,23000000.0
1029,3475909,1973662,1000000.0
1030,240027,3855745,139000000.0
1031,4263251,2518627,11000000.0
1032,942440,2191992,2000000.0
1033,850459,456126,0.17808218934133987
1034,3716119,3025121,0.49606299082398164
1035,988417,1104604,2000000.0
1036,5221,2981668,72000000.0
1037,2021460,243830,144000000.0
1038,4774646,1196225,6.857142805585393
1039,2435515,143446,42000000.0
1040,3941703,211323,9000000.0
1041,651778,2540894,65000000.0
1042,477326,3487516,1000000.0
1043,3861672,3647364,3000000.0
1044,4749201,2707342,4000000.0
1045,1255094,3818809,33000000.0
1046,437391,1021368,2000000.0
1047,4817391,4563454,1000000.0
1048,3910665,3985168,294000000.0
1049,1150281,4486106,1000000.0
1050,4858996,1582222,19000000.0
1051,4204662,2133364,11000000.0
1052,3656099,1380448,103000000.0
1053,4788248,2048276,10000000.0
1054,4716646,448823,0.03384944286029656
1055,2844962,2757201,526000000.0
1056,2161230,2087517,151000000.0
1057,3808182,3103806,1000000.0
1058,419149,4406065,7000000.0
1059,3847967,357466,37000000.0
1060,987441,824382,32000000.0
1061,4762542,2767142,106000000.0
1062,2914647,4841268,1000000.0
1063,1275299,1593758,31000000.0
1064,3757241,3248594,0.20544835402641975
1065,219686,2015738,151000000.0
1066,3249932,1068993,1000000.0
1067,2704231,3435043,11000000.0
1068,2691310,3640458,6000000.0
1069,2581947,3759750,18000000.0
1070,1689039,3927655,2000000.0
1071,2694816,2207956,10000000.0
1072,4405100,2051732,50000000.0
1073,3352123,3510148,3000000.0
1074,2584682,3162385,104000000.0
1075,2680834,4254453,127.99997866667022
1076,3202510,2092295,3000000.0
1077,4468086,532755,43000000.0
1078,575651,4258315,4000000.0
1079,2883988,824046,1376000000.0
1080,4008358,4483821,3000000.0
1081,2939315,3155408,4000000.0
1082,4839526,3833152,49000000.0
1083,3507863,177506,12000000.0
1084,4619061,4289016,3000000.0
1085,4380434,3731768,62000000.0
1086,3213547,2706025,407000000.0
1087,4094697,212805,3.01010099996599
1088,1927960,1579810,266000000.0
1089,2640387,100754,115000000.0
1090,3852854,3785477,12000000.0
1091,1700836,350886,6000000.0
1092,871160,3340066,3000000.0
1093,2772925,2456239,2000000.0
1094,1548013,1078672,148000000.0
1095,2242956,3882590,132000000.0
1096,3603630,3489034,76000000.0
1097,1064556,3912526,2000000.0
1098,19760,5113,50000000.0
1099,740005,4510860,375000000.0
1100,4765846,605639,78000000.0
1101,2609436,653633,12.75999948960002
1102,2766747,321857,1000000.0
1103,4094066,1628264,8000000.0
1104,1246601,1897862,8000000.0
1105,4232521,2779791,75000000.0
1106,2554658,3240496,0.04527687294942122
1107,415254,3129186,0.3157894728531856
1108,4400995,1187964,110000000.0
1109,2850445,1118530,1000000.0
1110,3729828,2294440,557000000.0
1111,3370783,4790649,0.023638676233563593
1112,3001815,74323,3000000.0
1113,3394828,2633571,1.2222222199204855
1114,117653,1995601,6000000.0
1115,1675257,4723059,30000000.0
1116,3897513,733605,1000000.0
1117,19484,749672,255000000.0
1118,4284282,4516132,58000000.0
1119,833524,3841591,28000000.0
1120,3879365,4329629,5000000.0
1121,4251792,57883,85000000.0
1122,2835662,2379122,45000000.0
1123,2313654,3448488,15000000.0
1124,3800305,4420839,81000000.0
1125,399565,2956791,81000000.0
1126,579536,3165162,1000000.0
1127,225697,982493,3.815384586035503
1128,457555,1106852,15000000.0
1129,4857001,321177,58000000.0
1130,4655006,1987945,9000000.0
1131,3163774,3004014,1000000.0
1132,4498101,2926541,0.25560623332276583
1133,2807375,3247071,172000000.0
1134,3222303,1081619,12000000.0
1135,4736009,1835245,52000000.0
1136,401959,2653845,33000000.0
1137,813047,3009562,16000000.0
1138,2899933,536723,16000000.0
1139,4154717,2424452,0.12785891426622792
1140,1413512,3299579,3000000.0
1141,2940424,1904054,0.03357871625551095
1142,602340,107996,34000000.0
1143,1011757,3739100,1.999999500000125
1144,940042,4253433,38000000.0
1145,3905250,452890,2000000.0
1146,3066444,685095,60000000.0
1147,1325436,3202770,344000000.0
1148,125872,1465269,2000000.0
1149,3407905,765543,48000000.0
1150,2623580,2337217,58000000.0
1151,4211984,2596286,161000000.0
1152,2349594,959247,8000000.0
1153,2061150,3837284,253000000.0
1154,1399058,1796644,0.02372254742204469
1155,12547,957725,48000000.0
1156,2361673,2593954,0.1559633020368656
1157,3305322,3169329,456000000.0
1158,702865,166306,209000000.0
1159,4311665,2499401,3000000.0
1160,4052122,2588244,35000000.0
1161,2187451,3356265,1000000.0
1162,2544398,4360802,54000000.0
1163,1164032,4779044,237000000.0
1164,4125905,723257,0.4838709599375652
1165,3169284,2502590,292000000.0
1166,1360006,475380,12000000.0
1167,3158482,4350093,0.1369863007443548
1168,3082677,3108490,271000000.0
1169,3139086,4343940,43000000.0
1170,1044619,1269131,10000000.0
1171,2390374,4143831,1000000.0
1172,4779046,4399430,29000000.0
1173,4420475,2868440,1.7865168438959729
1174,815236,2155768,1000000.0
1175,1676054,2238637,1.4594594200146103
1176,842454,1847353,33000000.0
1177,153792,778021,6000000.0
1178,336290,87195,0.5775280885898245
1179,2410512,3528096,1011.6663294445568
1180,3185337,1129762,12000000.0
1181,4086406,4539579,60000000.0
1182,4174741,1729680,34000000.0
1183,1429183,19269,38000000.0
1184,1479088,3296983,2000000.0
1185,4139326,1040056,3.0833333119212964
1186,4311720,3703326,52000000.0
1187,322366,3277122,9000000.0
1188,2153824,4079268,14000000.0
1189,3690840,3870459,17000000.0
1190,1351195,899384,6000000.0
1191,1434155,4593423,7.578124881591799
1192,4315651,2905649,1000000.0
1193,3064744,4544439,2000000.0
1194,4034922,2589566,1000000.0
1195,2845752,3671414,253000000.0
1196,3526944,4061862,45000000.0
1197,4376408,732151,35000000.0
1198,1949391,2153670,14000000.0
1199,654545,2988500,4000000.0
1200,4223263,1730211,2000000.0
1201,1073493,777566,317000000.0
1202,566130,3072002,71000000.0
1203,2198631,4151869,2000000.0
1204,193805,2692947,412000000.0
1205,1076285,3926802,0.01491588241692784
1206,3623028,873318,1000000.0
1207,1313574,594010,161000000.0
1208,4080369,357567,351000000.0
1209,3541501,2386108,52000000.0
1210,4388455,290600,5000000.0
1211,978544,4006430,2000000.0
1212,2758155,4793999,2000000.0
1213,3148813,4008655,0.11462450591512462
1214,886710,2924181,169000000.0
1215,4600732,1149539,1.9426751530488053
1216,1509450,4095467,1000000.0
1217,4572867,1104006,6000000.0
1218,4222997,2017471,22.624999057291706
1219,979255,2387274,17000000.0
1220,3443847,2887128,12000000.0
1221,1514261,2948384,23000000.0
1222,4720585,1171375,17000000.0
1223,3758681,2083451,0.38916255965929775
1224,475690,4597102,5000000.0
1225,1333051,3296285,4.0508473889686885
1226,4287735,1584619,2000000.0
1227,404943,2187723,158000000.0
1228,4403473,287108,138000000.0
1229,1695500,2846784,81000000.0
1230,1164371,237082,18000000.0
1231,2560408,4305715,76000000.0
1232,185853,1109441,4.799999760000012
1233,4325261,1991267,2000000.0
1234,1223102,3696730,6000000.0
1235,2819109,242455,4000000.0
1236,1535073,4743804,0.17897629674373883
1237,762479,2791241,1000000.0
1238,4147354,4141931,62000000.0
1239,547157,624837,46000000.0
1240,4459145,1145009,0.16647791610052212
1241,460728,2556091,182000000.0
1242,4306404,4760153,30000000.0
1243,2739333,4405133,44000000.0
1244,3684207,3990211,0.9032257773152975
1245,925412,184085,21000000.0
1246,3694046,1520254,0.6570048277439381
1247,2481712,3463660,24000000.0
1248,3089257,428189,379000000.0
1249,1896939,1694355,79000000.0
1250,2085462,3162560,0.4183750945950075
1251,4315155,4288798,15000000.0
1252,2939884,2157122,1000000.0
1253,2712752,1770518,29000000.0
1254,629031,3388216,4.842105199445984
1255,3259802,4582461,49000000.0
1256,2870198,4470008,0.6106032895601402
1257,2628106,1238203,4000000.0
1258,1181282,657511,9000000.0
1259,3498717,4516447,14000000.0
1260,154714,2622445,89000000.0
1261,2261005,4858197,4000000.0
1262,3491685,714035,0.01454463427537176
1263,1574437,137934,26000000.0
1264,2506473,1266825,2000000.0
1265,2005701,90125,47000000.0
1266,272134,3894567,88000000.0
1267,4523563,4529968,0.16153319633023053
1268,680757,377629,7000000.0
1269,362148,3410967,50000000.0
1270,2472584,3513910,161000000.0
1271,127619,4234840,13000000.0
1272,1301087,3467005,38000000.0
1273,2631035,3967228,12000000.0
1274,2730650,4519597,69000000.0
1275,3392535,3653797,268000000.0
1276,775328,1776702,0.8099999919
1277,2319421,2990704,0.6882591065252668
1278,4025298,4761250,52000000.0
1279,4054509,4314283,10.679999857600002
1280,4425037,2781628,8000000.0
1281,2237222,1192436,73000000.0
1282,3336834,3106848,119000000.0
1283,2494843,2829288,211000000.0
1284,3216710,4324862,26000000.0
1285,1038362,4322367,23000000.0
1286,3939380,151427,108000000.0
1287,3474714,837222,45000000.0
1288,2690307,848246,3000000.0
1289,4258438,1440232,1000000.0
1290,1499536,762056,13000000.0
1291,1410000,3198135,30.425925362482865
1292,4079269,890960,1000000.0
1293,2761066,724868,156000000.0
1294,1445324,4820881,0.15557527354168138
1295,2402582,2354103,2000000.0
1296,4117461,4607502,96000000.0
1297,572226,791325,16000000.0
1298,273715,476407,4000000.0
1299,1747728,3849492,35000000.0
1300,3561052,4007276,10.50622402279575
1301,18331,3593013,42000000.0
1302,919215,32933,2000000.0
1303,1304820,4276097,46000000.0
1304,1525671,1400706,19000000.0
1305,3494194,3501344,61000000.0
1306,4305360,2759898,1000000.0
1307,3473703,1105946,106000000.0
1308,4793374,2883450,0.3437499946289064
1309,4043495,325891,1000000.0
1310,2973142,1374657,122000000.0
1311,2290322,4486882,76000000.0
1312,2653433,90257,123000000.0
1313,4454192,4332029,15000000.0
1314,3196935,4053811,16000000.0
1315,3824752,2725607,65000000.0
1316,1745731,2243983,58000000.0
1317,3089513,2403010,104000000.0
1318,2735303,622071,21000000.0
1319,4559986,3378736,119000000.0
1320,3600628,2064607,337000000.0
1321,3905067,3393225,1000000.0
1322,2096490,1246259,0.11971830901606825
1323,3029390,379057,13000000.0
1324,1832518,4370950,34000000.0
1325,188743,2092812,11000000.0
1326,2447113,410275,7000000.0
1327,2307937,4048147,7000000.0
1328,4690365,1339133,6000000.0
1329,3200341,3453522,0.23341232199832662
1330,2956147,2501960,0.08189392398254543
1331,1227156,3239338,15000000.0
1332,3440116,1891147,6000000.0
1333,739545,2223912,2000000.0
1334,3332801,4155389,0.18712574822286565
1335,4630411,726638,27000000.0
1336,3292676,2597381,1000000.0
1337,4361726,534121,0.17359413160490433
1338,3768380,1423570,28000000.0
1339,176774,1047789,164000000.0
1340,2589604,807761,246000000.0
1341,2161208,473130,148000000.0
1342,760911,2675321,60000000.0
1343,1674134,2435135,15000000.0
1344,616538,4161676,3000000.0
1345,554768,3078648,0.19951534717325092
1346,3214317,1735883,0.11556518594598586
1347,4398018,3262683,2000000.0
1348,1361880,1744811,137000000.0
1349,1223354,4208140,1000000.0
1350,2377378,2574560,172000000.0
1351,1440901,3482871,129000000.0
1352,69444,3789363,28000000.0
1353,3248527,364458,0.26923076849112426
1354,632892,2607954,1000000.0
1355,370983,852119,53000000.0
1356,3957402,3989690,1.619047603628118
1357,289215,938763,36000000.0
1358,1025283,2977357,89000000.0
1359,3930883,1625272,12000000.0
1360,1926769,4183382,49000000.0
1361,4299096,4188270,161000000.0
1362,3238785,2616535,13000000.0
1363,1325894,2598896,9000000.0
1364,67665,382209,47000000.0
1365,3658641,1334501,71000000.0
1366,559652,20388,0.0063547446615992076
1367,1236650,3245665,2000000.0
1368,444473,3586386,290000000.0
1369,3893485,105683,19000000.0
1370,1262578,3434396,5000000.0
1371,4487749,4513294,1000000.0
1372,4175026,165651,67000000.0
1373,456895,3833698,2000000.0
1374,4794114,577845,9000000.0
1375,3207642,4238096,23000000.0
1376,2911256,345296,202000000.0
1377,1278054,4085567,11000000.0
1378,1577581,4420285,20000000.0
1379,1979383,4351306,36000000.0
1380,1054015,3135338,160000000.0
1381,1093575,781031,5000000.0
1382,2795094,3649212,142000000.0
1383,1233950,3153504,0.163529411716609
1384,3567284,1497894,187000000.0
1385,1710577,1310839,9000000.0
1386,2686174,10115,209000000.0
1387,3730580,3067078,2.1214953072757448
1388,4655510,243176,13000000.0
1389,4363166,952893,86000000.0
1390,4805386,2662315,8000000.0
1391,773004,435747,110000000.0
1392,2853045,3350833,24000000.0
1393,622386,4563330,0.09638554211588962
1394,326452,580398,3000000.0
1395,1677331,1950471,15000000.0
1396,3696903,4627252,0.6349206329050139
1397,993398,3117644,1.9280742414661851
1398,3946091,261556,5.179999896400003
1399,3197538,1772038,64000000.0
1400,4261799,3995236,28000000.0
1401,3892940,1131169,20000000.0
1402,528340,2537385,2000000.0
1403,712547,1102206,13000000.0
1404,4819083,3443517,8000000.0
1405,2586529,2971250,15000000.0
1406,3144269,3965490,2.6842104792243777
1407,1453814,4852987,171000000.0
1408,395117,3296710,15000000.0
1409,4493888,1975369,7000000.0
1410,1677157,4671494,10000000.0
1411,4655993,3793690,11.611111039437587
1412,3113932,2656185,4000000.0
1413,4565735,1072872,41000000.0
1414,1050485,3041739,265000000.0
1415,700731,3764731,0.028307174885247834
1416,1781994,3511998,15000000.0
1417,3660326,1588708,161000000.0
1418,4505818,2887963,381000000.0
1419,1530855,634165,1000000.0
1420,2145365,3777242,275000000.0
1421,1629000,3863501,1.1849529743418403
1422,1139129,294239,4.322580505723209
1423,4139305,1108809,2000000.0
1424,4225437,4674411,4000000.0
1425,4454647,225124,12000000.0
1426,3446942,3258677,9000000.0
1427,292084,2102776,8000000.0
1428,1427709,4747550,88000000.0
1429,697912,4612494,0.5217391288144747
1430,3578545,1604914,34000000.0
1431,965813,1277950,12000000.0
1432,2522287,3273144,2.3246753203623833
1433,2200489,4626853,43000000.0
1434,551741,4856114,231000000.0
1435,211987,2616242,17000000.0
1436,2119957,2608710,7000000.0
1437,340456,2305549,46000000.0
1438,143652,336189,65000000.0
1439,656728,4390738,18000000.0
1440,2060035,4104762,22000000.0
1441,1869476,2462897,97000000.0
1442,884526,3327588,2000000.0
1443,4798911,2351301,1000000.0
1444,3711007,101762,29000000.0
1445,3374895,314924,1.406940058653186
1446,4207706,1840022,7000000.0
1447,796367,831156,33000000.0
1448,3481117,2900535,0.20738636304719785
1449,3316377,4094697,0.1719324025187859
1450,922843,2710045,18000000.0
1451,976193,3888365,2000000.0
1452,54323,3358359,240000000.0
1453,3093160,866014,3000000.0
1454,1924479,3296013,0.1178343948106414
1455,3004134,4307753,94000000.0
1456,2839397,2652623,0.7999999200000081
1457,2730409,45986,1.6170212593933908
1458,1695915,4259826,3000000.0
1459,4461572,3036365,50000000.0
1460,733542,4853330,55000000.0
1461,455141,1838184,1000000.0
1462,532578,4796771,1000000.0
1463,218953,4117610,295000000.0
1464,3716915,1548893,10000000.0
1465,3053148,2617372,2000000.0
1466,2106673,1599860,186000000.0
1467,4190805,1636302,20000000.0
1468,3961117,714236,14000000.0
1469,1377969,4565646,37000000.0
1470,1008703,1852018,14000000.0
1471,614504,1799445,2000000.0
1472,144710,1125599,1000000.0
1473,1069609,986979,58000000.0
1474,4003133,4204052,0.010815209825662938
1475,2073638,1522373,13000000.0
1476,779591,1358385,72000000.0
1477,1426916,4448254,132000000.0
1478,2338507,696808,51000000.0
1479,1919947,3056079,100000000.0
1480,216300,857288,11000000.0
1481,3998824,2428800,52000000.0
1482,3504235,1014927,25000000.0
1483,2299421,2077429,0.23127962063385815
1484,572208,1306207,71000000.0
1485,751949,4753457,118000000.0
1486,4459325,349769,407000000.0
1487,2021996,1096690,15000000.0
1488,4582850,4530690,48000000.0
1489,1283175,301577,73000000.0
1490,425592,804801,93000000.0
1491,2044073,3371037,4000000.0
1492,569377,4812681,41000000.0
1493,2185449,2828364,54000000.0
1494,1412406,4302821,10000000.0
1495,4243983,1853961,6000000.0
1496,317762,801878,49000000.0
1497,983607,1480185,1.1789638913988008
1498,3236313,2234069,5000000.0
1499,3213568,1682097,3000000.0
1500,277167,3471248,63000000.0
1501,3835319,1977385,1000000.0
1502,3451039,36246,5000000.0
1503,660986,101003,22000000.0
1504,1997835,1654051,2000000.0
1505,1620145,1407969,1000000.0
1506,4308422,3686117,29000000.0
1507,3703565,4115825,20000000.0
1508,2313595,3121459,39000000.0
1509,3198069,3383073,31000000.0
1510,4109862,4482088,486000000.0
1511,63419,1701148,49000000.0
1512,2739660,3283164,205000000.0
1513,2169549,2208689,8000000.0
1514,1450320,1541775,1000000.0
1515,4278656,4488598,1000000.0
1516,1381293,3720786,2000000.0
1517,1548572,2946706,19000000.0
1518,2641051,1058048,2000000.0
1519,309574,1226975,59000000.0
1520,3600303,433609,7000000.0
1521,1479553,342516,123000000.0
1522,3653599,4169815,2000000.0
1523,702070,3353876,1.7625418001252782
1524,606562,1963907,15000000.0
1525,1601288,3038110,34000000.0
1526,2612363,1312254,8000000.0
1527,4384646,690657,14000000.0
1528,4170044,2449547,1000000.0
1529,2787002,2382117,48000000.0
1530,3656282,183794,7000000.0
1531,4757732,4796773,0.1056338020730014
1532,4471609,113182,2.2601625832507106
1533,158235,2647536,21.535210964292805
1534,3863062,1245989,0.10426987494591415
1535,2369634,2796817,0.20246406562527144
1536,4779430,2450275,92000000.0
1537,841644,378843,131000000.0
1538,2069466,4059533,54000000.0
1539,4804968,3347711,37000000.0
1540,1119602,598319,32000000.0
1541,3200364,1635042,78000000.0
1542,641893,142116,4000000.0
1543,3649600,1586497,53000000.0
1544,3705151,1597846,63000000.0
1545,2689691,3967571,58000000.0
1546,2324971,252017,0.5655737658559528
1547,3855867,4500259,177000000.0
1548,4392569,1202817,3000000.0
1549,4096612,4409813,5000000.0
1550,2157499,3852135,0.0676849356027069
1551,2434497,1437980,25000000.0
1552,4668030,2634700,38000000.0
1553,2913556,3913470,1000000.0
1554,830202,1086605,18.861538316449707
1555,4245940,981592,134000000.0
1556,4589413,3364546,103000000.0
1557,294574,3088440,93000000.0
1558,2814017,4445347,1.039156625462694
1559,3533123,3086451,14000000.0
1560,3229914,2949033,3000000.0
1561,970731,519315,15000000.0
1562,4688520,2795159,2.1756756462746534
1563,269252,2041783,3.516666608055557
1564,4604264,2264881,29000000.0
1565,2722351,3640207,4000000.0
1566,4013082,3639154,0.07271762204208193
1567,3291892,4597493,40000000.0
1568,1367655,803481,1000000.0
1569,3169340,327965,25000000.0
1570,339567,3863742,24000000.0
1571,1983366,2984603,0.030185290224709917
1572,4259589,3414182,4000000.0
1573,1108548,2216042,70000000.0
1574,1337541,2322497,11000000.0
1575,1829249,1776000,0.08888888884686105
1576,1150506,1371900,34000000.0
1577,3798250,1328064,297.16661713889715
1578,4724359,2245972,3000000.0
1579,4802205,4060090,89000000.0
1580,4533563,1194784,10000000.0
1581,2548298,2894167,3000000.0
1582,2976480,2265640,3000000.0
1583,1140217,2539248,13000000.0
1584,1708548,3128487,100000000.0
1585,3394276,1828719,1000000.0
1586,1336173,1310817,19.055554496913636
1587,2947741,3844365,0.5535714236288266
1588,2945223,149736,838000000.0
1589,2767192,4337224,2000000.0
1590,3590756,2009973,399000000.0
1591,2581909,4597942,0.7873754126665269
1592,4786573,2444440,15000000.0
1593,3333959,1274808,25000000.0
1594,585893,1378923,4000000.0
1595,1629739,1821613,0.5236768787641313
1596,758145,2677010,10000000.0
1597,3468777,1065417,0.8191489274558625
1598,4217929,3666587,47000000.0
1599,1157430,2300708,404.99986500004496
1600,101964,1699954,5000000.0
1601,1436505,3795525,390000000.0
1602,2347696,2595595,31000000.0
1603,2624184,1348594,48000000.0
1604,813202,3472025,0.25188843688207774
1605,3720321,1026468,89000000.0
1606,285390,4757441,30000000.0
1607,2753362,4057988,175000000.0
1608,3146672,2707096,173000000.0
1609,4358141,958601,0.12545854723003774
1610,908090,325697,108000000.0
1611,1863670,4355015,0.28813558833668496
1612,1550064,3302485,31000000.0
1613,652476,3793631,149000000.0
1614,3900509,334414,2000000.0
1615,1974922,3824251,83000000.0
1616,2171894,2312075,175000000.0
1617,7648,1105233,292000000.0
1618,3283833,1886356,25000000.0
1619,998253,796021,25000000.0
1620,4588320,3982440,23000000.0
1621,3492319,3917621,5000000.0
1622,558571,3113681,3000000.0
1623,1813311,1042307,1000000.0
1624,4452445,815993,11000000.0
1625,259091,4687278,52000000.0
1626,2664082,82340,1130000000.0
1627,1148355,1142141,195000000.0
1628,1486685,2635867,0.1925754055856719
1629,1086513,1586234,22000000.0
1630,4689344,2803220,0.2952898545375184
1631,911669,2442177,17000000.0
1632,4109446,2322663,10.666666370370379
1633,440942,3263590,2000000.0
1634,4031191,2692426,0.3945578217872183
1635,3839027,3509400,8000000.0
1636,1604735,1817126,31000000.0
1637,3269084,137753,3000000.0
1638,1624821,4566668,6000000.0
1639,1395639,4467748,247000000.0
1640,4392240,4085911,32000000.0
1641,3035217,2815228,1000000.0
1642,621120,4490886,1000000.0
1643,979348,3573012,9000000.0
1644,4597942,2408952,5000000.0
1645,4490242,4346020,0.1428571423712342
1646,4857356,838983,0.01762542391743555
1647,1433583,146049,0.2536231865679479
1648,4121724,1229401,38000000.0
1649,3329198,1801676,212000000.0
1650,1922454,2405212,0.043262755237149786
1651,331205,570353,22000000.0
1652,3178553,2635295,123000000.0
1653,4373282,2050610,56000000.0
1654,206364,678525,42000000.0
1655,1309887,3121740,118000000.0
1656,2926583,3282169,2000000.0
1657,4105847,3050073,18000000.0
1658,2028569,3391808,13000000.0
1659,381694,299257,35000000.0
1660,366904,3540943,13000000.0
1661,3341092,838453,63000000.0
1662,4768938,213917,12000000.0
1663,4392592,2251789,27000000.0
1664,4700777,2492280,7000000.0
1665,3019958,2913438,20000000.0
1666,953115,338263,0.19428571317551022
1667,3431400,1069044,160000000.0
1668,191334,3397645,0.8071216609227283
1669,1854613,3025335,54000000.0
1670,2245414,2926500,9.916666460069449
1671,3096596,1595656,31000000.0
1672,3647315,2031809,29000000.0
1673,4452360,1798255,8000000.0
1674,1055988,2289744,86000000.0
1675,4695321,502697,13000000.0
1676,1729215,1432887,0.5742971864486057
1677,756454,1135187,8000000.0
1678,4825117,2791656,397000000.0
1679,4095564,1735521,10000000.0
1680,453052,555666,100000000.0
1681,660102,3217561,0.3356890447502154
1682,1314264,2037947,16000000.0
1683,4283855,3106235,28000000.0
1684,829732,3438447,0.4387755079654311
1685,1567106,2392359,99000000.0
1686,2568622,4345793,459000000.0
1687,847174,720538,69000000.0
1688,4810264,3403903,1000000.0
1689,4544880,3882701,48000000.0
1690,466787,2391386,46000000.0
1691,2752758,4350947,5000000.0
1692,3033736,4180743,3.704225299940489
1693,1534141,2365633,5000000.0
1694,845042,4030437,0.012007504688178704
1695,3676081,3959120,97000000.0
1696,4787400,821686,69000000.0
1697,3990283,3661354,60000000.0
1698,17605,505563,53000000.0
1699,13751,4421587,44000000.0
1700,3492398,1981241,3000000.0
1701,4148739,4761195,296000000.0
1702,125210,570302,91000000.0
1703,2891857,2591738,33000000.0
1704,2022832,1130429,0.09870740293923924
1705,610208,1513384,52000000.0
1706,3318070,606201,2000000.0
1707,4148694,2251958,67000000.0
1708,2231843,178786,37000000.0
1709,4739917,4607148,5000000.0
1710,3959639,1973051,184000000.0
1711,4669595,3942609,325000000.0
1712,3385671,4820082,1000000.0
1713,2719963,4302399,4000000.0
1714,425140,4144645,68000000.0
1715,811736,679375,128000000.0
1716,224552,1374319,353000000.0
1717,3865877,1895005,623000000.0
1718,3749748,1864273,28000000.0
1719,1932926,4091993,0.5312499966796875
1720,2413519,2739191,1515000000.0
1721,2887639,2351112,1000000.0
1722,1881600,1918826,0.28365384547198597
1723,1564261,1707715,0.061443932380213034
1724,3383620,3114204,0.3170731668649614
1725,1989230,3787881,31000000.0
1726,1392717,297879,3000000.0
1727,3579607,550309,200000000.0
1728,4337184,314924,1.406940058653186
1729,1498781,717384,1.680412353810182
1730,4772392,2426217,149000000.0
1731,2569366,2811227,0.04889768229256708
1732,1815785,2417200,5000000.0
1733,471758,4302865,8000000.0
1734,2260742,2734382,312000000.0
1735,4415061,3416132,154000000.0
1736,2655904,649460,53000000.0
1737,2175599,2833722,17000000.0
1738,3609793,4595137,0.038997356109467286
1739,375041,4290690,32000000.0
1740,4675165,601790,1000000.0
1741,4256381,3173632,64000000.0
1742,1890475,4304551,75000000.0
1743,3191384,1342069,0.08730158727387252
1744,786633,1561146,3000000.0
1745,1464372,1513821,28000000.0
1746,1411730,4078738,3000000.0
1747,1542411,3288760,6000000.0
1748,693550,608504,1000000.0
1749,597807,2702066,17000000.0
1750,2678495,1754969,1000000.0
1751,1075781,4861584,1000000.0
1752,4679257,676325,83000000.0
1753,1479593,4778717,27000000.0
1754,715543,1190849,1000000.0
1755,1564470,2728864,129000000.0
1756,1761110,1372302,111000000.0
1757,1749305,532201,8000000.0
1758,3473063,453257,235000000.0
1759,2238031,2167783,61000000.0
1760,420757,1383958,13000000.0
1761,39963,4107823,98000000.0
1762,317792,3561262,176000000.0
1763,1955823,3652986,11000000.0
1764,2866126,3512945,116000000.0
1765,1981615,3096828,120000000.0
1766,1126100,4651509,66000000.0
1767,1746838,2163256,0.297777776454321
1768,1589761,1672121,75000000.0
1769,3641679,1888220,7000000.0
1770,3644646,655904,2000000.0
1771,75278,571370,40000000.0
1772,1514802,532005,5000000.0
1773,606263,4113203,8000000.0
1774,3821504,1164968,7000000.0
1775,2271643,744460,42000000.0
1776,71051,3135365,0.26241134565665714
1777,3207225,2264276,22000000.0
1778,1382021,4584115,17000000.0
1779,2415668,2497732,5000000.0
1780,1658177,4244067,0.25545571212393364
1781,2525590,2302024,107000000.0
1782,4846491,1957800,581000000.0
1783,3198433,3823314,0.4315068463595422
1784,1220879,3474208,3.7894736557182434
1785,2938250,4639113,2.3699999921
1786,3052079,1956921,46000000.0
1787,4732190,4205082,2000000.0
1788,2557232,4004905,1000000.0
1789,183960,2918923,1000000.0
1790,4113405,606898,4000000.0
1791,3209795,2480532,0.2762172282057891
1792,2651013,3145551,1000000.0
1793,2811239,1424079,190000000.0
1794,2825828,4177994,3000000.0
1795,491128,3927131,0.16176470577422145
1796,4674719,3728872,608000000.0
1797,552835,4759522,2000000.0
1798,643076,101940,88000000.0
1799,604305,1032219,0.19265232957647638
1800,1958906,3744413,5000000.0
1801,3733752,742195,15000000.0
1802,1594321,4625087,55000000.0
1803,2911862,3784408,135000000.0
1804,349869,2627884,11000000.0
1805,651837,4058550,0.08753180660686699
1806,954573,2008925,19000000.0
1807,4565915,2813261,402000000.0
1808,1465907,2324744,3000000.0
1809,4472299,1521471,8000000.0
1810,4581538,1067585,163000000.0
1811,3854337,4422019,2000000.0
1812,2584054,775014,212000000.0
1813,3852631,3314478,0.11886828890316065
1814,1630423,2882556,0.9210697971812982
1815,1341966,1540392,89000000.0
1816,156140,2340324,3000000.0
1817,2871053,427804,0.22222219753086697
1818,3487420,647017,21000000.0
1819,4643656,3344354,433.999566000434
1820,1396795,1077087,4000000.0
1821,4751399,1980682,2000000.0
1822,3433219,2606817,182000000.0
1823,3698761,3817973,1000000.0
1824,651351,965340,1000000.0
1825,116792,4746621,12000000.0
1826,4851349,3793469,37000000.0
1827,3541658,1279255,15000000.0
1828,3721646,621120,0.6900149021013191
1829,4528745,2248684,24000000.0
1830,2112778,316192,0.0904392763689415
1831,1326251,2031436,0.042944785012608684
1832,2806721,877557,75000000.0
1833,3838303,2223881,1.7425149665818065
1834,2363814,2659912,115000000.0
1835,1300976,1429102,132000000.0
1836,911200,4402869,146000000.0
1837,577443,3317934,3.4636871314877813
1838,4712508,4863728,10000000.0
1839,3027281,551353,121000000.0
1840,54650,460554,31000000.0
1841,194816,4624000,1000000.0
1842,4413981,2620518,1000000.0
1843,4223704,4132261,0.11348837198745267
1844,4475147,3779460,1.3414634091810431
1845,2000270,1508782,6000000.0
1846,2579609,13060,12000000.0
1847,1994441,4322508,5000000.0
1848,2402800,2571618,1000000.0
1849,1368123,2205635,3000000.0
1850,2607301,2616078,12000000.0
1851,3981172,319752,0.14548238875117553
1852,3337108,966537,0.021032504739899607
1853,3925727,49513,2000000.0
1854,4355658,4383159,24000000.0
1855,1053284,3420607,1000000.0
1856,3278182,3593261,68000000.0
1857,4562839,3588368,1000000.0
1858,11382,4090004,71000000.0
1859,873234,478223,470000000.0
1860,2665930,3201769,103000000.0
1861,1327147,726135,60000000.0
1862,4074547,2309358,42000000.0
1863,1298087,4530678,0.03386809268887797
1864,2506906,4594495,1000000.0
1865,2368011,1910808,118000000.0
1866,4589904,3332036,41000000.0
1867,1327726,1118381,400000000.0
1868,3056912,3145991,267000000.0
1869,1471887,2903733,12000000.0
1870,4338398,13205,1000000.0
1871,4492909,4131105,8000000.0
1872,2148641,4595137,0.038997356109467286
1873,3971074,703386,5000000.0
1874,892624,2299269,11.954544911157049
1875,1322684,4403612,17000000.0
1876,3370067,615287,2000000.0
1877,3458832,4692905,6000000.0
1878,1249542,273881,14000000.0
1879,1681099,4334809,20000000.0
1880,4518416,99929,7000000.0
1881,2661137,972491,1000000.0
1882,1310018,1561441,127000000.0
1883,2895223,1124558,3000000.0
1884,2636592,2664795,2000000.0
1885,4787702,3377747,87000000.0
1886,4494681,2715756,9000000.0
1887,619552,865515,201000000.0
1888,2172433,1885045,114000000.0
1889,995638,2582486,2.5132743288693975
1890,4420255,54157,1000000.0
1891,4079340,303517,21000000.0
1892,2890110,1502867,6000000.0
1893,3644551,1776703,18000000.0
1894,4809745,1181373,0.6142857055102042
1895,4583413,77641,688000000.0
1896,4787857,1488238,82000000.0
1897,3645574,1560542,100000000.0
1898,2058071,4084063,3000000.0
1899,2606444,2701313,3.6717556971621703
1900,1607095,1480497,8000000.0
1901,3231393,4651578,13000000.0
1902,3287996,2553811,34000000.0
1903,3142808,1776900,10000000.0
1904,123691,2655328,7000000.0
1905,4750696,361098,31000000.0
1906,1551800,1103366,5000000.0
1907,1782783,4078473,61000000.0
1908,4333506,4342717,508000000.0
1909,2760117,4554989,43000000.0
1910,2791981,2833751,0.06657122404473144
1911,1587881,6364,44000000.0
1912,2932022,2293392,9000000.0
1913,2126605,6993,27000000.0
1914,2307585,4334486,17000000.0
1915,1419142,1312108,12000000.0
1916,1481222,368896,27000000.0
1917,826234,2402159,359000000.0
1918,3792997,3552185,24000000.0
1919,1676412,3763328,0.015343399900713175
1920,599191,4727735,34000000.0
1921,1918795,580211,1000000.0
1922,3401659,4743417,129000000.0
1923,2585410,1433994,52000000.0
1924,2461372,226721,2000000.0
1925,500201,323760,97000000.0
1926,3042280,3992147,43000000.0
1927,812338,2053308,0.3589743497698885
1928,4442302,4771880,87000000.0
1929,1596155,959021,82000000.0
1930,1450153,4522901,43000000.0
1931,3083369,4586599,259000000.0
1932,4815111,1432601,30000000.0
1933,4298943,4586468,457000000.0
1934,4135447,4851085,34000000.0
1935,3353466,4294640,0.30197444796518647
1936,691232,401008,5000000.0
1937,2803469,1823430,31.19999376000125
1938,3869568,1608239,7000000.0
1939,1395530,4517152,1000000.0
1940,4026923,12423,9000000.0
1941,3560845,3289985,62000000.0
1942,2089379,163021,0.49557326239584476
1943,2762481,1995073,54000000.0
1944,3079359,4074179,170000000.0
1945,261562,3418707,0.12243221030302703
1946,2436439,260826,3000000.0
1947,2795446,1237846,10000000.0
1948,1497370,239765,10000000.0
1949,742548,1910658,90000000.0
1950,3510459,3199855,4000000.0
1951,113182,3410823,74000000.0
1952,1771597,3195222,15000000.0
1953,4910,2882216,7000000.0
1954,3716495,76607,11000000.0
1955,3772598,877100,1000000.0
1956,878959,367410,120000000.0
1957,1848218,1725177,4000000.0
1958,1914584,1103581,32000000.0
1959,821120,4561588,10000000.0
1960,785893,946768,4000000.0
1961,4822389,4387818,23000000.0
1962,4348238,991193,1000000.0
1963,306334,975007,1000000.0
1964,434593,64001,19000000.0
1965,3275002,1005459,4000000.0
1966,701764,3193834,7000000.0
1967,3991988,4003532,107000000.0
1968,3928545,2277157,0.08416833650467268
1969,4066452,2534272,29000000.0
1970,1776036,4742630,40000000.0
1971,3492763,4771141,590000000.0
1972,2018936,163021,0.49557326239584476
1973,4747431,3823314,0.4315068463595422
1974,2833239,1568315,29000000.0
1975,243018,3557617,25000000.0
1976,951929,2631245,20000000.0
1977,2476925,208465,35000000.0
1978,630604,3190741,215000000.0
1979,671895,2457054,5000000.0
1980,2220766,4084740,0.1411042936128571
1981,1270278,2941537,42000000.0
1982,3532343,3627773,1000000.0
1983,3131854,1027488,15000000.0
1984,90690,1457589,3000000.0
1985,914875,1990908,11000000.0
1986,408123,1696091,1000000.0
1987,443904,4737571,72000000.0
1988,3080022,947544,10000000.0
1989,1423553,1525727,2000000.0
1990,3578368,159177,1000000.0
1991,424411,3625439,74000000.0
1992,729364,1905523,6.9729727845142495
1993,1836328,3815840,423000000.0
1994,3001970,3578789,49000000.0
1995,1909985,1139895,1.7126436584753604
1996,2361218,4135197,0.23121387149587358
1997,4418968,4395510,0.21999999853333335
1998,3742712,2221607,381000000.0
1999,695432,253467,6000000.0
2000,987119,567045,51000000.0
