0,source,sink,out_degree_a
1,2184483,1300190,83
2,3151356,1452193,340
3,1579396,193159,208
4,1406432,2481036,84
5,2389638,593017,267
6,228206,212805,9
7,1237964,879115,15
8,3318124,1840575,93
9,4522929,1552625,422
10,3406737,3781412,29
11,1567983,3008412,87
12,4370932,2906415,94
13,286240,474307,512
14,4796773,3115614,142
15,2207765,4354226,208
16,1283384,279636,137
17,368544,2431466,172
18,3921857,4512147,3
19,49037,3175009,966
20,61633,1064392,33
21,1459453,654182,39
22,447597,2736867,2240
23,2121585,3413796,34
24,933347,1131654,8968
25,3733033,488937,387
26,3023014,2817859,345
27,1404783,410037,191
28,1886158,3656408,48
29,3316731,4579088,102
30,2369031,1860112,393
31,2850334,755258,1602
32,4606553,2879440,26
33,3013323,2064734,4425
34,1653770,1190291,3
35,4540325,202508,220
36,4189431,4404645,383
37,1590268,3824559,10
38,2717491,421433,7
39,71500,2156609,43
40,2422900,325927,84
41,784291,4194667,460
42,3836480,4207316,277
43,2570161,3824301,16
44,2574465,1663756,1
45,195757,4324049,2838
46,3501584,624570,213
47,2342205,3520804,5
48,2067826,727427,27570
49,4787138,2365654,78
50,2907109,1536763,184
51,2979388,2811074,2592
52,2773866,3562714,526
53,3467832,3446682,190
54,209191,3142365,3945
55,1630356,2157727,229
56,662368,853327,324
57,3151576,4278188,864
58,2671870,4797151,112
59,3536080,614747,1446
60,2541283,1592987,824
61,3848381,903626,333
62,811898,3593324,33
63,231650,4016607,809
64,1305368,3362916,470
65,3275981,2183299,216
66,3863858,4710588,1754
67,938826,4543397,418
68,4705108,2629120,509
69,617435,2721940,178
70,2022904,1202849,97
71,4797294,3735230,2000
72,2450052,2549546,88
73,24523,497993,12443
74,4576342,1043689,287
75,1875903,2638090,155
76,930131,1305103,91
77,3872353,2516690,1562
78,217062,20388,293
79,1628755,1120745,24
80,4033899,2555403,2509
81,4600810,4690043,146
82,2852252,3901568,1812
83,4128817,963520,1880
84,4603833,3538910,265
85,2665129,694605,104
86,2506289,2034494,225
87,3755683,4027183,29
88,281045,1477566,52
89,525339,4345638,74
90,2872550,3571822,441
91,3996001,1317062,269
92,1630993,2942968,31
93,3519436,273127,133
94,1072548,4516657,92
95,3385377,21536,279
96,1698628,4155714,13
97,3421725,3521843,374
98,2930692,138960,82
99,3738701,228193,391
100,1729154,1781627,172
101,3763685,3856235,57
102,2141424,1303746,29
103,4842336,3181505,244
104,258948,1471608,185
105,721572,98932,312
106,1943690,492035,80
107,3345713,3762682,8
108,2924614,3377440,74
109,4112224,1051087,1989
110,4110767,2609871,128
111,3922567,307495,116
112,558917,3683147,4077
113,678764,1677837,95
114,4064525,2308522,95
115,2628408,2510362,309
116,4088436,483355,75
117,4294640,2123719,861
118,1062857,1809556,134
119,3287551,3077116,100
120,2921487,2416082,223
121,2206017,4727122,76
122,1601895,4424787,45883
123,4538043,4347620,68
124,2494024,1709398,7
125,2380958,648703,41
126,3786904,871332,66
127,2705657,852814,629
128,2867762,2832683,27
129,4814135,2585300,63
130,1488632,297642,1955
131,1789514,2955720,41
132,309474,3636323,91
133,4115547,879781,464
134,4771179,77677,363
135,1541973,2681572,1394
136,660741,517853,34
137,4483428,1765722,125
138,2190643,2947163,172
139,2519581,3743967,477
140,4202801,710142,108
141,3417866,1598643,9
142,697388,943197,1943
143,3899173,1397388,5
144,3150672,3974467,49
145,4449837,3538291,10886
146,35548,3549289,52
147,2707088,2136581,244
148,1586232,3610552,69
149,1735883,1901143,2769
150,2968005,1495600,373
151,2873622,3664409,23
152,3691603,3188162,460
153,1655116,365416,590
154,2312268,4219994,28
155,2349671,204712,45
156,1026366,792812,2745
157,3417564,2307183,269
158,3687290,1281414,1084
159,3327760,600051,2
160,1299905,4474903,73
161,3881924,783583,171
162,111970,2294803,468
163,3736271,433745,111
164,2807537,2703992,105
165,934509,1653156,10933
166,4662733,4764472,66
167,1486892,237461,81
168,3026000,4750153,34
169,2436861,4683579,216
170,2295601,494551,1
171,2333576,4066830,249
172,1599720,3262474,427
173,600846,64799,53
174,1285894,2023333,317
175,1590882,971074,64
176,357381,908061,68
177,2345122,743875,1122
178,1164538,4273253,1151
179,4624816,1789251,192
180,470204,3779626,237
181,2266717,1367613,6
182,2826267,928903,2138
183,275804,1725270,71
184,3980329,4675165,9
185,41540,1437899,136
186,1810899,2882556,44
187,1230845,2027917,21
188,2472742,3567788,21
189,4174076,5480,472
190,4819127,543061,100
191,1512639,1757836,646
192,594370,207942,59
193,4066375,4645447,356
194,1326339,639157,2699
195,1429554,3308151,11
196,2622002,3723250,20
197,3341679,524043,1510
198,2241048,4039025,238
199,2529024,1545613,18
200,644069,2596251,217
201,1813318,1054633,30
202,3655158,37400,6965
203,3418483,362485,82
204,408243,4594685,458
205,2105491,3781492,110
206,738704,4658228,68
207,2535426,1266511,3792
208,3014450,2569650,742
209,2635308,3237136,228
210,2749135,3229933,49
211,1147295,4463463,26
212,495613,3009965,609
213,1376558,291125,93
214,2021517,4634127,654
215,4519174,520390,83
216,604125,4360758,49
217,3828465,3963629,73
218,2957639,4578655,429
219,4325972,1755579,32
220,1039233,3674322,273
221,1901862,4840530,335
222,2408015,1321954,142
223,4781379,52592,132
224,4583761,4572486,133
225,1476555,4751012,28
226,1636856,4208957,10
227,2038215,4162950,143
228,4216378,2118739,137
229,1136996,3640654,202
230,4178366,3164163,94
231,986629,3346537,875
232,2303520,663713,8
233,4708115,738568,31
234,3769409,1960538,365
235,2844371,3392930,188
236,1320291,3768226,386
237,1817011,3254390,465
238,3337956,1186643,223
239,414390,2341215,88
240,1185153,4799044,290
241,4182445,4255166,26
242,1429988,4034214,731
243,784476,4743804,264
244,1567741,2167167,25
245,378193,3858906,42
246,3193737,852669,68
247,222154,1096330,169
248,837136,4092142,38
249,3001803,1421121,163
250,4497472,970834,25
251,78652,876913,3324
252,1740390,2913793,58
253,4608977,2576561,81
254,2146076,3373346,265
255,4043972,3448830,2725
256,2066994,3418202,27
257,559972,3695276,569
258,2427345,214090,104
259,1635607,4683806,476
260,4435111,1900279,62
261,541055,1731912,2420
262,1745528,2194526,313
263,754926,762964,1379
264,2093716,3996594,578
265,4640383,987793,14450
266,4298408,420656,1349
267,4725488,1747009,18
268,2264477,2991814,361
269,4421319,4161763,681
270,4007453,1159092,84
271,2690596,3915235,1473
272,3602451,2065513,475
273,504324,2747208,1378
274,30083,1972008,86
275,1025903,2722816,107
276,2607838,4292513,147
277,132853,1928713,3267
278,1841790,1805282,247
279,699145,2039550,1885
280,1632938,2917594,312
281,740264,775607,161
282,2326042,3593013,1019
283,2597890,4398241,314
284,4347620,3709618,55
285,2956481,3808878,61232
286,2421138,2173151,93
287,3325878,3941234,116
288,3969780,3375372,76
289,641527,2264701,149
290,3750870,214372,371
291,3136757,2292933,113
292,194271,4138613,26
293,4837795,2032867,467
294,4532809,3889649,57
295,2019222,2153519,2
296,1047207,311498,129
297,2970262,1729215,3125
298,1221209,2747564,2
299,268995,1173364,113
300,4427946,1339329,221
301,1607490,654860,18
302,1460872,4581556,13
303,2019845,4577899,38
304,1704367,3164073,245
305,2745910,3104940,2
306,2133929,3867352,84
307,3871942,4799962,480
308,3257910,588337,23
309,765302,2762989,1205
310,3960835,4669648,254
311,2629112,1529484,197
312,2073048,421699,71
313,4524669,2949748,34
314,144060,3080263,48
315,3764504,3328639,89
316,433097,4052222,126
317,1986630,2951260,786
318,2398278,209191,9
319,1974705,1581879,53
320,1443500,1164411,781
321,3550092,3753484,261
322,3107199,690742,625
323,2019781,636552,20
324,3478606,1281736,1
325,919613,1735123,368
326,1432948,4331707,21
327,4782388,1065417,26
328,596337,409262,65
329,4106517,3002541,7252
330,1065985,4673981,77
331,3757808,890719,31
332,4865292,2472812,122
333,1817278,3209863,83
334,2535495,1937230,15
335,1524949,2845319,3928
336,2699583,2224526,72
337,3589315,1592667,202
338,1501709,3370956,23
339,2135899,3893892,3126
340,3380008,1519730,159
341,3120092,4618432,158
342,1322906,784341,52
343,155804,834066,57
344,56567,3302825,1480
345,432620,112551,432
346,1239755,165055,18
347,2314931,2658417,14768
348,3043233,857634,52
349,4444751,719172,127
350,3144674,3401173,119
351,2681125,4245138,340
352,4355412,3494128,440
353,4114591,1582028,54
354,4099850,924833,236
355,103916,2808644,100
356,520324,3222831,2369
357,3443992,280322,104
358,2008046,4864558,649
359,1981993,463338,1118
360,3004094,819288,86
361,4467857,2374812,564
362,1143671,3610611,191
363,1114213,140603,2248
364,2283170,3108276,135
365,3039452,1019859,705
366,298011,2396903,1521
367,3491637,3299008,179
368,4345638,1914315,152
369,3193210,370765,50
370,279329,4093834,78
371,1091584,977565,1326
372,4310710,290077,34
373,3725239,1818269,864
374,1799182,3537761,852
375,4366747,1672058,496
376,2921853,1063377,62
377,3210136,2558297,110
378,1618265,2401545,66
379,335479,673405,53
380,2393127,315060,26
381,2305619,2629421,159
382,94280,1191204,119
383,3396488,1921136,587
384,1184100,1487302,3786
385,3561479,3836738,292
386,2920873,2227745,1809
387,3576624,4268303,1566
388,527595,1894941,151
389,919165,1264290,16
390,4014552,4632479,1
391,4135084,17392,1874
392,245914,1905607,154
393,2618052,4188938,223
394,4836378,4536767,284
395,437876,2566889,241
396,2497998,95673,54
397,1036152,502401,296
398,2585063,3153339,28
399,311952,487639,97
400,4260998,2255438,39
401,795918,448525,817
402,2720299,2127901,109
403,1459605,3749748,243
404,3547614,2860781,129
405,3335130,438964,160
406,1933312,3256959,167
407,3564448,167816,457
408,3432616,2332893,152
409,2633605,1933805,247
410,2832099,593309,41
411,2366431,4838273,2631
412,623567,2164839,649
413,3994516,1354897,78
414,2315048,2033602,45
415,1637898,4121411,20
416,892193,4336282,1381
417,4578655,3601327,2608
418,4152864,1994852,1
419,2533205,2449296,58
420,3035063,3658576,34
421,1063789,1199206,9
422,4717616,489300,241
423,3652352,1702417,21
424,1024682,1315850,67
425,2587055,3472626,460
426,2086863,512769,512
427,1493935,2241589,29
428,941692,3517094,86
429,2912801,871888,31
430,3606548,626239,9156
431,2200735,2157328,37
432,3544260,2618757,86
433,1862492,54381,5
434,3445194,2976923,16
435,4114513,3383210,24
436,3744513,1129682,46
437,2055183,1190704,13
438,3592571,377102,10
439,484479,352855,1801
440,4518583,1939151,2735
441,2741551,3680201,132
442,2589986,4298355,35
443,3446506,3393730,151
444,1080614,1486892,599
445,3819586,3914665,44
446,2232341,2167763,246
447,3663392,2116501,12
448,135756,1415397,32
449,1304570,762511,451
450,3268179,1312177,1053
451,1034420,2582486,62
452,1395712,207348,1352
453,28366,1841875,231
454,628921,901150,1
455,2156930,302849,3
456,4742865,4011635,8
457,579052,4286269,175
458,3622805,2239775,102
459,1097755,19760,66
460,4681267,4047729,1850
461,4214037,1124684,115
462,3328824,4725447,3449
463,1632157,3441172,107
464,2733872,2966772,588
465,4402871,3812818,309
466,1807180,817365,354
467,2763391,4023498,107
468,1626617,2819030,662
469,4130943,4188416,559
470,467667,4000293,203
471,585290,2615912,156
472,3437795,2770964,1173
473,3206172,4186227,96
474,174802,3795595,4178
475,4371955,1776702,110
476,2810159,2277589,68
477,2044305,2746365,8639
478,2952533,3517217,966
479,2914124,4682995,22
480,61530,3335540,818
481,4591296,1929062,247
482,4428300,2480985,118
483,46090,1450214,1191
484,659769,20462,163
485,636099,1164072,137
486,2407305,95886,142
487,1475238,1917370,2302
488,550624,1332575,211
489,3206394,2933565,174
490,3940380,3051327,400
491,273164,1413055,190
492,1957538,4839138,7
493,2749267,3859663,1
494,173719,2037535,2432
495,384254,3003794,205
496,410127,290758,12
497,2586954,1166818,148
498,172972,4299050,16
499,2422604,909677,236
500,4326329,732416,115
501,3476921,4329139,63
502,2346396,3113197,35
503,1397316,1548423,98
504,4590349,4475906,51
505,4462368,1729215,194
506,1327440,2866511,817
507,505918,80983,768
508,1041665,246307,84
509,1619831,4149096,117
510,1602676,4821149,280
511,4498800,2530095,66
512,1220744,2494359,209
513,3216894,2917270,6
514,823636,3470096,1257
515,2464404,2214631,54
516,2225928,937883,77
517,3874174,3660958,64
518,4510312,4641648,19
519,1772905,1164032,156
520,497126,1813537,267
521,3956535,1366076,135
522,311395,4517546,62
523,691053,2551093,1959
524,1202094,4419310,98
525,2511862,702114,413
526,1537593,3531111,23
527,1809060,2755105,19
528,4561995,4101406,383
529,1183256,851822,283
530,2259583,180886,59415
531,617956,2413499,2404
532,1294163,515021,43
533,2063062,1342577,322
534,1800416,2888042,4
535,4691181,4610787,52
536,1834142,3836704,209
537,949172,2071647,6
538,2536161,4132261,1955
539,625451,3547349,6702
540,2290078,107998,3940
541,3494888,248970,33
542,268519,2884416,1
543,158115,4633431,206
544,4699529,317786,104
545,3256646,751974,167
546,3725632,731420,91
547,2171358,4477620,464
548,931647,1765411,51
549,2744198,3642845,362
550,1765731,1258166,681
551,2649630,1742482,1820
552,1641756,2486979,61
553,4036817,1703634,190
554,3849807,2866908,163
555,1167211,1840412,25
556,4766814,3298954,422
557,947762,3341056,27
558,3136926,4534450,114
559,3730870,3175312,144
560,2690278,3761780,162
561,2058283,8356,167
562,2646810,4575002,39
563,3633833,2573172,15
564,4247331,82320,6639
565,3983042,2701676,49
566,2093176,2186222,86
567,1412983,2528294,40
568,3920505,4846084,17
569,3320046,4335591,7
570,1262238,1048746,379
571,3059183,1766159,283
572,1495241,4548619,361
573,3717996,3452178,5153
574,908046,458466,579
575,319732,3806748,695
576,748200,1665032,270
577,856916,2741764,6014
578,2695621,4579955,61388
579,4016649,3678951,335
580,3699726,4642092,130
581,4599604,1537367,297
582,4323755,1211774,14043
583,117178,2785207,472
584,2934603,2472584,165
585,1432887,2529373,249
586,4493215,2784278,123
587,4159232,4217711,1999
588,3756910,1193087,933
589,1648871,4590454,153
590,4458811,3019604,315
591,3148390,2002788,143
592,769445,2986095,240
593,4542296,4029056,203
594,3097604,4305969,44036
595,3135278,1898689,198
596,3490385,2303097,60
597,2880138,1230311,198
598,1799854,1094216,63
599,3441024,3198893,30
600,1712592,256053,2710
601,1213060,3485270,1253
602,674419,1687481,223
603,2253113,4199739,1152
604,1687100,4699308,200
605,1687914,1492115,3851
606,4467644,4597686,1890
607,1287150,4587728,186
608,885888,2401150,149
609,4059232,1934540,2851
610,2167353,2927967,1022
611,2431787,2243309,1680
612,4066935,3061931,143
613,2912103,2616761,12
614,1451983,4398710,87
615,1760195,3815591,174
616,1268923,4185459,288
617,3584579,4561007,107
618,3210823,4593452,8
619,2679215,4079576,251
620,3308965,1499488,122
621,1308257,1360090,34
622,4556619,524247,57
623,3464435,3158801,6
624,4834181,1615948,5
625,4548696,2910685,285
626,1486569,380005,113
627,1221273,4569835,214
628,1504438,1269021,1275
629,273892,4626132,587
630,4312824,3833152,3233
631,2240718,1337977,52
632,1187945,4097285,1969
633,1628691,4570236,22
634,3764155,1080529,3063
635,2259251,4196528,26
636,2299390,1491019,32
637,1049492,398291,3807
638,233391,2965375,69
639,717673,3995418,19
640,2941407,2964315,439
641,682761,1558128,141
642,4352101,697201,458
643,4239933,2533625,62
644,1068581,2394046,95
645,1176065,3366522,53
646,2913818,4272458,47
647,4159234,597760,39
648,4818958,708203,23
649,3192626,1092178,721
650,3438286,4629375,196
651,879908,4254453,99
652,1954387,610672,53
653,1452,3373263,182
654,4207021,606980,408
655,1413126,2746611,973
656,3149884,128838,130
657,2598830,299664,72
658,3017206,948009,8836
659,970600,2125683,619
660,1211741,4121054,139
661,2835234,570107,16
662,675370,1471569,56
663,4610268,1275066,21
664,1584806,1092555,970
665,2904717,762869,1
666,3892708,1170664,235
667,3976780,1552898,21
668,1808958,3153165,4892
669,3293844,282738,34
670,2027803,2619844,921
671,250137,2976917,320
672,4418160,3626136,3108
673,3372601,3785031,827
674,3318630,701503,212
675,3961269,303000,154
676,1978642,1969680,164
677,1285540,3833101,43
678,4399173,2631408,135
679,1225417,3677077,27
680,1917370,970119,616
681,716749,4720136,265
682,2164938,2616090,1104
683,4021250,1378011,3765
684,1898939,2124762,67
685,725231,2353568,246
686,1072647,2289244,216
687,3316884,1440533,533
688,2308616,4597182,79
689,2468610,1173627,30
690,4280660,4011543,69
691,4358480,2619379,36
692,4247587,4266094,1310
693,1362833,4644467,75
694,4849080,384166,12563
695,2933517,1722935,427
696,251110,4829418,269
697,3046801,4326881,1106
698,3300747,409240,26
699,2205989,736972,355
700,4759196,2959134,351
701,352777,1582441,55
702,4732444,4677915,919
703,1450478,3800540,29
704,3345046,4255985,10154
705,807609,2070084,296
706,1893341,2401643,467
707,3968198,1413750,200
708,3502346,4395778,289
709,3424526,865480,262
710,3997092,847152,232
711,871619,88771,1342
712,3591727,4128045,2565
713,812874,2576794,83
714,2967237,819090,55
715,2683846,1765869,235
716,3933860,4187117,21
717,3755255,3173162,485
718,4479676,2054407,47
719,1092129,4740893,2155
720,2978353,487236,138
721,2831459,3748022,4499
722,1861711,3429791,30
723,128268,3306286,24
724,4447307,3657540,34
725,4583130,4195270,280
726,1903802,3756910,132
727,1226964,4506897,108
728,4122877,478112,94
729,3531100,4818685,1176
730,4722544,1565469,68
731,492776,2057832,6
732,202406,1370056,175
733,739365,4478927,105
734,3130360,3381180,584
735,3971343,774221,46
736,1639225,497594,80
737,3080878,3107755,251
738,314720,466302,136
739,4074945,67911,118
740,4627005,3010945,313
741,3763328,2178305,8212
742,265346,3088232,970
743,3446384,679574,102
744,887938,3994705,13
745,3223920,2516690,128
746,4858799,4350911,658
747,4510458,1127255,126
748,2270094,2546813,56
749,4060750,2393523,94
750,4282575,3861442,141
751,3251045,3297002,570
752,3031208,664506,55
753,3434262,3173953,251
754,2226291,4082571,20
755,2032980,4096612,128
756,4143745,683678,8
757,2220133,979255,567
758,552690,1513515,770
759,2089216,4666032,62
760,734968,4266986,450
761,748396,3222295,68
762,3473274,4010152,786
763,401726,1700117,111
764,4205304,4326349,219
765,713973,3737538,14
766,268979,3902256,149
767,1774406,2445713,60
768,1566271,3727886,117
769,1747009,542316,66
770,3760607,1428975,59
771,2062066,3937192,759
772,2469227,2769934,42
773,463854,2442529,1259
774,3369814,1205255,93
775,268091,1807947,39
776,3561896,257577,713
777,4181239,2507601,29
778,745210,3851609,278
779,4247950,4173475,195
780,4611286,3527826,286
781,3094990,3311965,4245
782,4459514,1633484,198
783,2814285,4198583,3324
784,2152778,2815618,3887
785,9202,1609289,236
786,2858107,3025604,1459
787,3881850,3284336,137
788,1200874,703387,33
789,1730864,4776931,530
790,1976020,3906437,2051
791,3478937,4411245,97
792,2606468,2151625,1748
793,810847,3601552,63
794,2518054,3994251,1136
795,4730476,3723065,895
796,2675276,1802531,39
797,274343,996371,301
798,3650803,3477517,199
799,1159131,3007594,138
800,4660393,1063328,456
801,1430292,3755407,139
802,4855215,3292438,90
803,155341,4215650,1802
804,4791237,668241,1795
805,504848,1473701,1452
806,812688,440093,16
807,1218819,4522612,17
808,904699,3825480,243
809,3371729,3273144,982
810,2518902,2524567,970
811,2608048,891969,345
812,133167,3827835,238
813,1735998,2685390,244
814,1851023,2661301,235
815,4223007,4651979,2002
816,2978385,4096612,394
817,2982118,2890172,1779
818,1985096,3281495,89
819,2872865,772280,6996
820,1730546,2700195,114
821,3759171,3267798,283
822,1474194,1736248,52
823,136049,1205898,294
824,779856,2791664,2
825,2976069,2589511,122
826,56121,3118599,24
827,752326,4027234,100
828,1129405,1073098,122
829,4219582,352759,131
830,67800,1774334,862
831,1562061,3275980,70
832,4469172,3056997,581
833,1632644,2747148,228
834,2103452,2394094,9
835,1792282,1275575,268
836,2337068,2777919,1590
837,383188,487074,27
838,3624273,1694426,916
839,1927607,3784976,12
840,2564846,3871166,38
841,469289,3658913,487
842,3579512,3070342,38
843,3609789,1916723,39
844,1005255,2558769,121
845,4820881,4005729,3381
846,2666350,3968888,760
847,979653,1836007,377
848,3156444,3459373,52
849,3454223,3088232,148
850,1691726,1990675,13
851,1938140,1764317,203
852,2920273,123591,113
853,4778699,1201096,274
854,267534,1380378,383
855,1135603,2685283,32
856,4743153,535280,188
857,4164647,4571277,1254
858,3251800,3853574,825
859,142496,2824480,247
860,1353165,2287915,327
861,4721192,3288243,120
862,148935,1140025,31
863,754986,4625985,213
864,3100893,2493630,187
865,1456698,2760565,26
866,3167544,3065172,271
867,1615945,2471103,124
868,923082,3893890,1995
869,3615734,3970114,51
870,2299912,1008064,2674
871,609330,1397316,292
872,2338838,4834648,91
873,2017826,2903363,18
874,1049150,4124480,2879
875,2608376,3824501,256
876,1482666,1660395,6836
877,1306100,1678282,40
878,2826278,3611999,284
879,2395078,2721855,155
880,3680790,2927670,149
881,4272458,151153,1078
882,3596185,1595754,86
883,370525,4291780,2455
884,2226097,1974361,502
885,431391,1102747,111
886,300097,726929,273
887,750926,2586375,20659
888,153480,4192365,94
889,3506025,212805,68
890,2452484,2199228,27
891,1233851,3304718,185
892,456126,2103578,73
893,3286368,1614313,326
894,759809,1677060,148
895,3538278,1922398,1
896,783972,4757627,134
897,2085193,3886160,102
898,623444,2262983,240
899,1219418,528928,24
900,1998627,538998,399
901,573693,3400944,104
902,1101947,1959052,13
903,3887171,617576,23
904,4093525,4161490,115
905,1711569,1503250,324
906,1318170,2766614,92
907,2915489,2434223,38
908,4713292,1735687,22
909,4342160,4836932,89
910,563322,1340111,672
911,922949,1049281,1140
912,1455727,1967550,94
913,4347727,2401865,55
914,1779478,4553620,25
915,820951,1133567,5539
916,1295223,3606238,161
917,234766,1989292,87
918,495684,2052579,313
919,2604474,262528,400
920,4457096,3095483,30
921,3225386,1483950,136
922,3959449,2151517,3
923,2695091,2128045,69
924,2245867,2784159,17
925,1719345,2177982,9760
926,3795465,4690299,19
927,2902003,1374445,6621
928,1895458,1253026,182
929,888120,888836,1818
930,4866498,2486525,1685
931,184687,4696690,1520
932,2871308,1064883,346
933,552693,4180588,101
934,460696,978745,104
935,3721072,2717219,137
936,242742,637362,84
937,4147170,3324817,298
938,1299015,127123,481
939,833087,907052,99
940,137437,4005148,65
941,2474997,2999710,135
942,4137763,2898182,100
943,475232,3873884,57
944,2519600,3144985,183
945,851486,1253335,369
946,1484675,2555689,122
947,863325,3528798,805
948,865410,2270767,138
949,1588061,4013191,128
950,2975625,2363738,231
951,919101,1522214,41
952,3893222,4116046,259
953,4759359,824031,856
954,3298060,3649303,361
955,1618544,1613382,18
956,2324352,816913,1242
957,4499487,3804486,25
958,861461,2833178,215
959,2713798,2885043,426
960,2475214,343584,18
961,2815706,716282,663
962,810494,785119,287
963,3743292,29959,13
964,4022436,2309371,466
965,1576600,3241571,59
966,3164595,727760,22
967,2342340,2371785,30
968,3318025,3258850,24
969,854025,2258576,116
970,3446567,621120,297
971,3067879,2330265,151
972,989455,1268920,1097
973,3517389,843636,1602
974,2506342,1857594,11317
975,863783,4395944,130
976,1632116,1528823,119
977,2359631,4515216,1909
978,3317934,3629131,179
979,2932339,2350634,249
980,927463,1514817,120
981,3598083,1721413,1352
982,2429371,9946,10
983,1039279,3411931,539
984,2895068,3918393,35
985,1854023,1483116,161
986,725415,2082827,90
987,1202857,1678405,178
988,3689215,1218296,298
989,4528705,1142702,680
990,4034438,711824,73
991,3782034,3556169,231
992,1014721,1666556,52
993,3270580,3395510,21
994,2324422,4426524,887
995,1194190,345813,278
996,2625217,1996375,133
997,2824005,2211339,123
998,1576591,4166917,16546
999,380525,4664852,87
1000,3993072,2416078,63
1001,1094048,594102,1027
1002,4600134,624993,223
1003,2764263,2893207,20
1004,4177865,2882100,353
1005,4623321,4808386,937
1006,3718908,4679904,1113
1007,2745387,3910839,43
1008,3195688,112647,82
1009,1813368,1770441,212
1010,2009930,4758377,10650
1011,1787403,2443214,286
1012,4726874,1894531,31
1013,127950,3728341,7009
1014,3794842,3706176,52
1015,3296250,3535207,121
1016,4811622,757734,9329
1017,3683564,2701054,179
1018,1283657,689821,1311
1019,3836659,4321162,38
1020,1488401,3872415,34731
1021,31098,1030864,132
1022,2451660,1970291,14
1023,718458,3720766,151
1024,2002799,4114575,42
1025,2005497,2338090,246
1026,2118551,3452067,104
1027,3778796,254059,6619
1028,4348766,3973930,285
1029,3475909,1973662,47
1030,240027,3855745,4712
1031,4263251,2518627,95
1032,942440,2191992,338
1033,850459,456126,3808
1034,3716119,3025121,77
1035,988417,1104604,284
1036,5221,2981668,432
1037,2021460,243830,541
1038,4774646,1196225,78
1039,2435515,143446,2355
1040,3941703,211323,54
1041,651778,2540894,262
1042,477326,3487516,94
1043,3861672,3647364,43
1044,4749201,2707342,716
1045,1255094,3818809,894
1046,437391,1021368,80
1047,4817391,4563454,81
1048,3910665,3985168,11
1049,1150281,4486106,730
1050,4858996,1582222,489
1051,4204662,2133364,6
1052,3656099,1380448,193
1053,4788248,2048276,89
1054,4716646,448823,153
1055,2844962,2757201,66
1056,2161230,2087517,64
1057,3808182,3103806,514
1058,419149,4406065,36
1059,3847967,357466,630
1060,987441,824382,447
1061,4762542,2767142,62
1062,2914647,4841268,227
1063,1275299,1593758,460
1064,3757241,3248594,1325
1065,219686,2015738,551
1066,3249932,1068993,148
1067,2704231,3435043,305
1068,2691310,3640458,2496
1069,2581947,3759750,159
1070,1689039,3927655,13
1071,2694816,2207956,208
1072,4405100,2051732,2615
1073,3352123,3510148,7719
1074,2584682,3162385,129
1075,2680834,4254453,31
1076,3202510,2092295,79
1077,4468086,532755,121
1078,575651,4258315,50
1079,2883988,824046,672
1080,4008358,4483821,134
1081,2939315,3155408,68888
1082,4839526,3833152,130
1083,3507863,177506,1311
1084,4619061,4289016,194
1085,4380434,3731768,30
1086,3213547,2706025,146
1087,4094697,212805,1361
1088,1927960,1579810,1465
1089,2640387,100754,263
1090,3852854,3785477,315
1091,1700836,350886,1298
1092,871160,3340066,181
1093,2772925,2456239,15
1094,1548013,1078672,121
1095,2242956,3882590,8318
1096,3603630,3489034,25
1097,1064556,3912526,21
1098,19760,5113,86
1099,740005,4510860,1404
1100,4765846,605639,57
1101,2609436,653633,49
1102,2766747,321857,4171
1103,4094066,1628264,196
1104,1246601,1897862,20
1105,4232521,2779791,96
1106,2554658,3240496,92
1107,415254,3129186,10
1108,4400995,1187964,540
1109,2850445,1118530,192
1110,3729828,2294440,402
1111,3370783,4790649,354
1112,3001815,74323,583
1113,3394828,2633571,268
1114,117653,1995601,79
1115,1675257,4723059,22
1116,3897513,733605,156
1117,19484,749672,3170
1118,4284282,4516132,1561
1119,833524,3841591,61
1120,3879365,4329629,333
1121,4251792,57883,832
1122,2835662,2379122,177
1123,2313654,3448488,1042
1124,3800305,4420839,44
1125,399565,2956791,238
1126,579536,3165162,501
1127,225697,982493,128
1128,457555,1106852,51149
1129,4857001,321177,349
1130,4655006,1987945,19
1131,3163774,3004014,621
1132,4498101,2926541,80
1133,2807375,3247071,218
1134,3222303,1081619,401
1135,4736009,1835245,35
1136,401959,2653845,31
1137,813047,3009562,668
1138,2899933,536723,19
1139,4154717,2424452,354
1140,1413512,3299579,80
1141,2940424,1904054,1292
1142,602340,107996,283
1143,1011757,3739100,5
1144,940042,4253433,5
1145,3905250,452890,269
1146,3066444,685095,284
1147,1325436,3202770,69
1148,125872,1465269,96
1149,3407905,765543,33
1150,2623580,2337217,221
1151,4211984,2596286,4498
1152,2349594,959247,12
1153,2061150,3837284,79
1154,1399058,1796644,420
1155,12547,957725,1349
1156,2361673,2593954,53
1157,3305322,3169329,95
1158,702865,166306,48
1159,4311665,2499401,717
1160,4052122,2588244,78
1161,2187451,3356265,34
1162,2544398,4360802,8
1163,1164032,4779044,9
1164,4125905,723257,79
1165,3169284,2502590,67
1166,1360006,475380,127
1167,3158482,4350093,3
1168,3082677,3108490,32
1169,3139086,4343940,4516
1170,1044619,1269131,196
1171,2390374,4143831,157
1172,4779046,4399430,14
1173,4420475,2868440,58
1174,815236,2155768,345
1175,1676054,2238637,20
1176,842454,1847353,49
1177,153792,778021,116
1178,336290,87195,99
1179,2410512,3528096,51
1180,3185337,1129762,269
1181,4086406,4539579,2577
1182,4174741,1729680,371
1183,1429183,19269,67
1184,1479088,3296983,115
1185,4139326,1040056,227
1186,4311720,3703326,394
1187,322366,3277122,127
1188,2153824,4079268,50
1189,3690840,3870459,205
1190,1351195,899384,10973
1191,1434155,4593423,35
1192,4315651,2905649,71
1193,3064744,4544439,86
1194,4034922,2589566,1
1195,2845752,3671414,906
1196,3526944,4061862,779
1197,4376408,732151,177
1198,1949391,2153670,233
1199,654545,2988500,2874
1200,4223263,1730211,64
1201,1073493,777566,2
1202,566130,3072002,828
1203,2198631,4151869,2347
1204,193805,2692947,714
1205,1076285,3926802,117
1206,3623028,873318,95
1207,1313574,594010,1434
1208,4080369,357567,176
1209,3541501,2386108,515
1210,4388455,290600,11502
1211,978544,4006430,388
1212,2758155,4793999,640
1213,3148813,4008655,972
1214,886710,2924181,44
1215,4600732,1149539,17
1216,1509450,4095467,214
1217,4572867,1104006,144
1218,4222997,2017471,75
1219,979255,2387274,282
1220,3443847,2887128,78
1221,1514261,2948384,83
1222,4720585,1171375,917
1223,3758681,2083451,575
1224,475690,4597102,54
1225,1333051,3296285,94
1226,4287735,1584619,92
1227,404943,2187723,1605
1228,4403473,287108,413
1229,1695500,2846784,880
1230,1164371,237082,11
1231,2560408,4305715,118
1232,185853,1109441,99
1233,4325261,1991267,174
1234,1223102,3696730,313
1235,2819109,242455,276
1236,1535073,4743804,977
1237,762479,2791241,206
1238,4147354,4141931,334
1239,547157,624837,56
1240,4459145,1145009,420
1241,460728,2556091,56
1242,4306404,4760153,85116
1243,2739333,4405133,15
1244,3684207,3990211,131
1245,925412,184085,1251
1246,3694046,1520254,126
1247,2481712,3463660,163
1248,3089257,428189,24
1249,1896939,1694355,732
1250,2085462,3162560,84
1251,4315155,4288798,199
1252,2939884,2157122,78
1253,2712752,1770518,1634
1254,629031,3388216,1
1255,3259802,4582461,474
1256,2870198,4470008,3569
1257,2628106,1238203,105
1258,1181282,657511,3420
1259,3498717,4516447,7
1260,154714,2622445,399
1261,2261005,4858197,9
1262,3491685,714035,12
1263,1574437,137934,106
1264,2506473,1266825,6659
1265,2005701,90125,56
1266,272134,3894567,227
1267,4523563,4529968,143
1268,680757,377629,653
1269,362148,3410967,37
1270,2472584,3513910,214
1271,127619,4234840,71
1272,1301087,3467005,1641
1273,2631035,3967228,1456
1274,2730650,4519597,6
1275,3392535,3653797,86
1276,775328,1776702,70
1277,2319421,2990704,203
1278,4025298,4761250,163
1279,4054509,4314283,178
1280,4425037,2781628,42
1281,2237222,1192436,24
1282,3336834,3106848,30
1283,2494843,2829288,218
1284,3216710,4324862,44
1285,1038362,4322367,127
1286,3939380,151427,79
1287,3474714,837222,773
1288,2690307,848246,91
1289,4258438,1440232,88
1290,1499536,762056,140
1291,1410000,3198135,161
1292,4079269,890960,70
1293,2761066,724868,121
1294,1445324,4820881,1019
1295,2402582,2354103,88
1296,4117461,4607502,510
1297,572226,791325,292
1298,273715,476407,75
1299,1747728,3849492,110
1300,3561052,4007276,112
1301,18331,3593013,69
1302,919215,32933,447
1303,1304820,4276097,212
1304,1525671,1400706,170
1305,3494194,3501344,176
1306,4305360,2759898,422
1307,3473703,1105946,1
1308,4793374,2883450,15
1309,4043495,325891,80
1310,2973142,1374657,935
1311,2290322,4486882,1
1312,2653433,90257,47
1313,4454192,4332029,24
1314,3196935,4053811,6381
1315,3824752,2725607,358
1316,1745731,2243983,444
1317,3089513,2403010,1710
1318,2735303,622071,25
1319,4559986,3378736,246
1320,3600628,2064607,241
1321,3905067,3393225,25
1322,2096490,1246259,121
1323,3029390,379057,1
1324,1832518,4370950,463
1325,188743,2092812,47
1326,2447113,410275,35
1327,2307937,4048147,30
1328,4690365,1339133,117
1329,3200341,3453522,149
1330,2956147,2501960,122
1331,1227156,3239338,48
1332,3440116,1891147,184
1333,739545,2223912,98
1334,3332801,4155389,501
1335,4630411,726638,4336
1336,3292676,2597381,66
1337,4361726,534121,81
1338,3768380,1423570,1132
1339,176774,1047789,52
1340,2589604,807761,36
1341,2161208,473130,125
1342,760911,2675321,230
1343,1674134,2435135,1980
1344,616538,4161676,2851
1345,554768,3078648,197
1346,3214317,1735883,226
1347,4398018,3262683,3
1348,1361880,1744811,523
1349,1223354,4208140,3610
1350,2377378,2574560,150
1351,1440901,3482871,1579
1352,69444,3789363,39
1353,3248527,364458,1960
1354,632892,2607954,2001
1355,370983,852119,416
1356,3957402,3989690,133
1357,289215,938763,506
1358,1025283,2977357,105
1359,3930883,1625272,148
1360,1926769,4183382,84
1361,4299096,4188270,236
1362,3238785,2616535,102
1363,1325894,2598896,101
1364,67665,382209,184
1365,3658641,1334501,428
1366,559652,20388,139
1367,1236650,3245665,92
1368,444473,3586386,86
1369,3893485,105683,36
1370,1262578,3434396,310
1371,4487749,4513294,238
1372,4175026,165651,660
1373,456895,3833698,574
1374,4794114,577845,39
1375,3207642,4238096,82
1376,2911256,345296,79
1377,1278054,4085567,944
1378,1577581,4420285,75
1379,1979383,4351306,35
1380,1054015,3135338,466
1381,1093575,781031,16
1382,2795094,3649212,58
1383,1233950,3153504,1349
1384,3567284,1497894,203
1385,1710577,1310839,20708
1386,2686174,10115,481
1387,3730580,3067078,1
1388,4655510,243176,203
1389,4363166,952893,317
1390,4805386,2662315,558
1391,773004,435747,401
1392,2853045,3350833,205
1393,622386,4563330,75
1394,326452,580398,1170
1395,1677331,1950471,161
1396,3696903,4627252,814
1397,993398,3117644,24
1398,3946091,261556,45
1399,3197538,1772038,186
1400,4261799,3995236,134
1401,3892940,1131169,80
1402,528340,2537385,6
1403,712547,1102206,9
1404,4819083,3443517,1011
1405,2586529,2971250,15
1406,3144269,3965490,56
1407,1453814,4852987,600
1408,395117,3296710,3983
1409,4493888,1975369,499
1410,1677157,4671494,69
1411,4655993,3793690,156
1412,3113932,2656185,530
1413,4565735,1072872,1280
1414,1050485,3041739,1132
1415,700731,3764731,60
1416,1781994,3511998,51
1417,3660326,1588708,1
1418,4505818,2887963,2870
1419,1530855,634165,118
1420,2145365,3777242,179
1421,1629000,3863501,650
1422,1139129,294239,20
1423,4139305,1108809,244
1424,4225437,4674411,1083
1425,4454647,225124,232
1426,3446942,3258677,85
1427,292084,2102776,79
1428,1427709,4747550,828
1429,697912,4612494,203
1430,3578545,1604914,68
1431,965813,1277950,28
1432,2522287,3273144,90
1433,2200489,4626853,417
1434,551741,4856114,400
1435,211987,2616242,140
1436,2119957,2608710,17
1437,340456,2305549,18
1438,143652,336189,1108
1439,656728,4390738,229
1440,2060035,4104762,68
1441,1869476,2462897,1258
1442,884526,3327588,321
1443,4798911,2351301,495
1444,3711007,101762,799
1445,3374895,314924,194
1446,4207706,1840022,462
1447,796367,831156,13226
1448,3481117,2900535,137
1449,3316377,4094697,69
1450,922843,2710045,361
1451,976193,3888365,95
1452,54323,3358359,7
1453,3093160,866014,99
1454,1924479,3296013,218
1455,3004134,4307753,240
1456,2839397,2652623,131
1457,2730409,45986,278
1458,1695915,4259826,56
1459,4461572,3036365,163
1460,733542,4853330,3
1461,455141,1838184,570
1462,532578,4796771,82
1463,218953,4117610,47
1464,3716915,1548893,129
1465,3053148,2617372,37
1466,2106673,1599860,118
1467,4190805,1636302,20
1468,3961117,714236,286
1469,1377969,4565646,61
1470,1008703,1852018,17
1471,614504,1799445,130
1472,144710,1125599,53149
1473,1069609,986979,90
1474,4003133,4204052,729
1475,2073638,1522373,56
1476,779591,1358385,345
1477,1426916,4448254,110
1478,2338507,696808,358
1479,1919947,3056079,422
1480,216300,857288,7295
1481,3998824,2428800,314
1482,3504235,1014927,307
1483,2299421,2077429,1918
1484,572208,1306207,50
1485,751949,4753457,244
1486,4459325,349769,105
1487,2021996,1096690,339
1488,4582850,4530690,273
1489,1283175,301577,81
1490,425592,804801,645
1491,2044073,3371037,46
1492,569377,4812681,265
1493,2185449,2828364,501
1494,1412406,4302821,17
1495,4243983,1853961,13
1496,317762,801878,633
1497,983607,1480185,2493
1498,3236313,2234069,597
1499,3213568,1682097,257
1500,277167,3471248,66
1501,3835319,1977385,197
1502,3451039,36246,442
1503,660986,101003,428
1504,1997835,1654051,42
1505,1620145,1407969,249
1506,4308422,3686117,14
1507,3703565,4115825,5153
1508,2313595,3121459,415
1509,3198069,3383073,40
1510,4109862,4482088,66
1511,63419,1701148,135
1512,2739660,3283164,527
1513,2169549,2208689,442
1514,1450320,1541775,49
1515,4278656,4488598,91
1516,1381293,3720786,409
1517,1548572,2946706,159
1518,2641051,1058048,193
1519,309574,1226975,273
1520,3600303,433609,129
1521,1479553,342516,783
1522,3653599,4169815,32
1523,702070,3353876,23
1524,606562,1963907,773
1525,1601288,3038110,228
1526,2612363,1312254,327
1527,4384646,690657,219
1528,4170044,2449547,14
1529,2787002,2382117,521
1530,3656282,183794,614
1531,4757732,4796773,510
1532,4471609,113182,238
1533,158235,2647536,167
1534,3863062,1245989,2553
1535,2369634,2796817,112
1536,4779430,2450275,3
1537,841644,378843,90
1538,2069466,4059533,270
1539,4804968,3347711,192
1540,1119602,598319,1133
1541,3200364,1635042,12715
1542,641893,142116,142
1543,3649600,1586497,357
1544,3705151,1597846,26
1545,2689691,3967571,6
1546,2324971,252017,56
1547,3855867,4500259,5
1548,4392569,1202817,46
1549,4096612,4409813,370904
1550,2157499,3852135,430
1551,2434497,1437980,80
1552,4668030,2634700,62979
1553,2913556,3913470,11
1554,830202,1086605,94
1555,4245940,981592,1868
1556,4589413,3364546,1591
1557,294574,3088440,547
1558,2814017,4445347,5
1559,3533123,3086451,1999
1560,3229914,2949033,942
1561,970731,519315,146
1562,4688520,2795159,197
1563,269252,2041783,40
1564,4604264,2264881,32
1565,2722351,3640207,925
1566,4013082,3639154,316
1567,3291892,4597493,2943
1568,1367655,803481,182
1569,3169340,327965,15
1570,339567,3863742,132
1571,1983366,2984603,229
1572,4259589,3414182,6975
1573,1108548,2216042,568
1574,1337541,2322497,126
1575,1829249,1776000,45
1576,1150506,1371900,288
1577,3798250,1328064,98
1578,4724359,2245972,32
1579,4802205,4060090,538
1580,4533563,1194784,52
1581,2548298,2894167,137
1582,2976480,2265640,12
1583,1140217,2539248,9121
1584,1708548,3128487,22
1585,3394276,1828719,326
1586,1336173,1310817,154
1587,2947741,3844365,195
1588,2945223,149736,117
1589,2767192,4337224,42
1590,3590756,2009973,227
1591,2581909,4597942,2133
1592,4786573,2444440,407
1593,3333959,1274808,379
1594,585893,1378923,358
1595,1629739,1821613,167
1596,758145,2677010,35
1597,3468777,1065417,25
1598,4217929,3666587,160
1599,1157430,2300708,102
1600,101964,1699954,884
1601,1436505,3795525,296
1602,2347696,2595595,253
1603,2624184,1348594,137
1604,813202,3472025,73
1605,3720321,1026468,52
1606,285390,4757441,1200
1607,2753362,4057988,169
1608,3146672,2707096,124
1609,4358141,958601,84
1610,908090,325697,564
1611,1863670,4355015,29
1612,1550064,3302485,6
1613,652476,3793631,155
1614,3900509,334414,185
1615,1974922,3824251,2
1616,2171894,2312075,121
1617,7648,1105233,276
1618,3283833,1886356,1621
1619,998253,796021,134
1620,4588320,3982440,29554
1621,3492319,3917621,202
1622,558571,3113681,79
1623,1813311,1042307,401
1624,4452445,815993,847
1625,259091,4687278,1696
1626,2664082,82340,373
1627,1148355,1142141,1943
1628,1486685,2635867,1086
1629,1086513,1586234,123
1630,4689344,2803220,1992
1631,911669,2442177,760
1632,4109446,2322663,96
1633,440942,3263590,34
1634,4031191,2692426,125
1635,3839027,3509400,129
1636,1604735,1817126,641
1637,3269084,137753,38
1638,1624821,4566668,27
1639,1395639,4467748,170
1640,4392240,4085911,67
1641,3035217,2815228,51
1642,621120,4490886,671
1643,979348,3573012,232
1644,4597942,2408952,301
1645,4490242,4346020,103
1646,4857356,838983,365
1647,1433583,146049,22
1648,4121724,1229401,112
1649,3329198,1801676,175
1650,1922454,2405212,572
1651,331205,570353,399
1652,3178553,2635295,33
1653,4373282,2050610,686
1654,206364,678525,142
1655,1309887,3121740,1234
1656,2926583,3282169,0
1657,4105847,3050073,1226
1658,2028569,3391808,91
1659,381694,299257,122
1660,366904,3540943,98
1661,3341092,838453,606
1662,4768938,213917,104
1663,4392592,2251789,284
1664,4700777,2492280,4681
1665,3019958,2913438,33
1666,953115,338263,258
1667,3431400,1069044,1299
1668,191334,3397645,914
1669,1854613,3025335,87
1670,2245414,2926500,89
1671,3096596,1595656,561
1672,3647315,2031809,130
1673,4452360,1798255,46
1674,1055988,2289744,180
1675,4695321,502697,35
1676,1729215,1432887,333
1677,756454,1135187,54
1678,4825117,2791656,2950
1679,4095564,1735521,222
1680,453052,555666,41
1681,660102,3217561,34
1682,1314264,2037947,1564
1683,4283855,3106235,327
1684,829732,3438447,70
1685,1567106,2392359,159
1686,2568622,4345793,33
1687,847174,720538,275
1688,4810264,3403903,320
1689,4544880,3882701,156
1690,466787,2391386,173
1691,2752758,4350947,157
1692,3033736,4180743,569
1693,1534141,2365633,314
1694,845042,4030437,36
1695,3676081,3959120,113
1696,4787400,821686,214
1697,3990283,3661354,5044
1698,17605,505563,2
1699,13751,4421587,208
1700,3492398,1981241,138
1701,4148739,4761195,71
1702,125210,570302,51
1703,2891857,2591738,383
1704,2022832,1130429,168
1705,610208,1513384,1379
1706,3318070,606201,65
1707,4148694,2251958,8079
1708,2231843,178786,1
1709,4739917,4607148,176
1710,3959639,1973051,58
1711,4669595,3942609,847
1712,3385671,4820082,425
1713,2719963,4302399,78
1714,425140,4144645,126
1715,811736,679375,17
1716,224552,1374319,1195
1717,3865877,1895005,2586
1718,3749748,1864273,34
1719,1932926,4091993,81
1720,2413519,2739191,100
1721,2887639,2351112,18229
1722,1881600,1918826,99
1723,1564261,1707715,327
1724,3383620,3114204,118
1725,1989230,3787881,14527
1726,1392717,297879,61
1727,3579607,550309,594
1728,4337184,314924,127
1729,1498781,717384,104
1730,4772392,2426217,155
1731,2569366,2811227,725
1732,1815785,2417200,136
1733,471758,4302865,2819
1734,2260742,2734382,424
1735,4415061,3416132,208
1736,2655904,649460,118
1737,2175599,2833722,262
1738,3609793,4595137,226
1739,375041,4290690,23
1740,4675165,601790,23
1741,4256381,3173632,3581
1742,1890475,4304551,155
1743,3191384,1342069,628
1744,786633,1561146,208
1745,1464372,1513821,330
1746,1411730,4078738,1363
1747,1542411,3288760,43
1748,693550,608504,277
1749,597807,2702066,94
1750,2678495,1754969,37
1751,1075781,4861584,73
1752,4679257,676325,516
1753,1479593,4778717,55
1754,715543,1190849,8
1755,1564470,2728864,168
1756,1761110,1372302,44
1757,1749305,532201,7820
1758,3473063,453257,7
1759,2238031,2167783,694
1760,420757,1383958,542
1761,39963,4107823,137
1762,317792,3561262,61
1763,1955823,3652986,10362
1764,2866126,3512945,923
1765,1981615,3096828,19
1766,1126100,4651509,999
1767,1746838,2163256,115
1768,1589761,1672121,1375
1769,3641679,1888220,516
1770,3644646,655904,103
1771,75278,571370,560
1772,1514802,532005,78
1773,606263,4113203,553
1774,3821504,1164968,2
1775,2271643,744460,1965
1776,71051,3135365,118
1777,3207225,2264276,2164
1778,1382021,4584115,110
1779,2415668,2497732,486
1780,1658177,4244067,34
1781,2525590,2302024,122
1782,4846491,1957800,863
1783,3198433,3823314,118
1784,1220879,3474208,40
1785,2938250,4639113,161
1786,3052079,1956921,256
1787,4732190,4205082,173
1788,2557232,4004905,12913
1789,183960,2918923,10
1790,4113405,606898,44
1791,3209795,2480532,230
1792,2651013,3145551,66845
1793,2811239,1424079,552
1794,2825828,4177994,89
1795,491128,3927131,1344
1796,4674719,3728872,792
1797,552835,4759522,53
1798,643076,101940,30
1799,604305,1032219,11
1800,1958906,3744413,23
1801,3733752,742195,176
1802,1594321,4625087,70
1803,2911862,3784408,168
1804,349869,2627884,64
1805,651837,4058550,73
1806,954573,2008925,2
1807,4565915,2813261,3853
1808,1465907,2324744,865
1809,4472299,1521471,239
1810,4581538,1067585,5
1811,3854337,4422019,21
1812,2584054,775014,194
1813,3852631,3314478,97
1814,1630423,2882556,311
1815,1341966,1540392,1321
1816,156140,2340324,403
1817,2871053,427804,6
1818,3487420,647017,62
1819,4643656,3344354,37
1820,1396795,1077087,821
1821,4751399,1980682,184
1822,3433219,2606817,716
1823,3698761,3817973,95
1824,651351,965340,4
1825,116792,4746621,115
1826,4851349,3793469,1792
1827,3541658,1279255,216
1828,3721646,621120,190
1829,4528745,2248684,87
1830,2112778,316192,318
1831,1326251,2031436,265
1832,2806721,877557,1440
1833,3838303,2223881,52
1834,2363814,2659912,253
1835,1300976,1429102,471
1836,911200,4402869,728
1837,577443,3317934,223
1838,4712508,4863728,2
1839,3027281,551353,139
1840,54650,460554,135
1841,194816,4624000,61
1842,4413981,2620518,128
1843,4223704,4132261,117
1844,4475147,3779460,447
1845,2000270,1508782,102
1846,2579609,13060,193
1847,1994441,4322508,224
1848,2402800,2571618,197
1849,1368123,2205635,375
1850,2607301,2616078,2189
1851,3981172,319752,199
1852,3337108,966537,222
1853,3925727,49513,417
1854,4355658,4383159,24
1855,1053284,3420607,50
1856,3278182,3593261,1451
1857,4562839,3588368,837
1858,11382,4090004,124
1859,873234,478223,128
1860,2665930,3201769,29
1861,1327147,726135,65
1862,4074547,2309358,26
1863,1298087,4530678,1096
1864,2506906,4594495,3334
1865,2368011,1910808,1456
1866,4589904,3332036,191
1867,1327726,1118381,308
1868,3056912,3145991,371
1869,1471887,2903733,137
1870,4338398,13205,80
1871,4492909,4131105,4627
1872,2148641,4595137,210
1873,3971074,703386,115
1874,892624,2299269,1182
1875,1322684,4403612,454
1876,3370067,615287,764
1877,3458832,4692905,19
1878,1249542,273881,4585
1879,1681099,4334809,231
1880,4518416,99929,1236
1881,2661137,972491,29038
1882,1310018,1561441,296
1883,2895223,1124558,58
1884,2636592,2664795,70
1885,4787702,3377747,121
1886,4494681,2715756,580
1887,619552,865515,193
1888,2172433,1885045,68
1889,995638,2582486,85
1890,4420255,54157,77
1891,4079340,303517,39
1892,2890110,1502867,79
1893,3644551,1776703,253
1894,4809745,1181373,32
1895,4583413,77641,130
1896,4787857,1488238,36
1897,3645574,1560542,43
1898,2058071,4084063,4
1899,2606444,2701313,240
1900,1607095,1480497,129
1901,3231393,4651578,42
1902,3287996,2553811,203
1903,3142808,1776900,3828
1904,123691,2655328,48
1905,4750696,361098,27
1906,1551800,1103366,589
1907,1782783,4078473,3690
1908,4333506,4342717,168
1909,2760117,4554989,3594
1910,2791981,2833751,577
1911,1587881,6364,111
1912,2932022,2293392,540
1913,2126605,6993,53
1914,2307585,4334486,492
1915,1419142,1312108,3
1916,1481222,368896,1787
1917,826234,2402159,12660
1918,3792997,3552185,216
1919,1676412,3763328,53
1920,599191,4727735,185
1921,1918795,580211,52
1922,3401659,4743417,1178
1923,2585410,1433994,204
1924,2461372,226721,208
1925,500201,323760,24
1926,3042280,3992147,23
1927,812338,2053308,90
1928,4442302,4771880,67
1929,1596155,959021,267
1930,1450153,4522901,75
1931,3083369,4586599,4
1932,4815111,1432601,301
1933,4298943,4586468,1175
1934,4135447,4851085,77
1935,3353466,4294640,43
1936,691232,401008,25983
1937,2803469,1823430,425
1938,3869568,1608239,63
1939,1395530,4517152,111
1940,4026923,12423,71
1941,3560845,3289985,15
1942,2089379,163021,99
1943,2762481,1995073,3488
1944,3079359,4074179,864
1945,261562,3418707,375
1946,2436439,260826,1399
1947,2795446,1237846,23
1948,1497370,239765,607
1949,742548,1910658,289
1950,3510459,3199855,5
1951,113182,3410823,123
1952,1771597,3195222,39
1953,4910,2882216,66
1954,3716495,76607,8253
1955,3772598,877100,826
1956,878959,367410,78
1957,1848218,1725177,14
1958,1914584,1103581,7468
1959,821120,4561588,1587
1960,785893,946768,1141
1961,4822389,4387818,105
1962,4348238,991193,18
1963,306334,975007,50
1964,434593,64001,20
1965,3275002,1005459,27
1966,701764,3193834,68
1967,3991988,4003532,99
1968,3928545,2277157,215
1969,4066452,2534272,737
1970,1776036,4742630,397
1971,3492763,4771141,302
1972,2018936,163021,25
1973,4747431,3823314,22
1974,2833239,1568315,142
1975,243018,3557617,7
1976,951929,2631245,134
1977,2476925,208465,6
1978,630604,3190741,136
1979,671895,2457054,111
1980,2220766,4084740,689
1981,1270278,2941537,103
1982,3532343,3627773,60
1983,3131854,1027488,154
1984,90690,1457589,39
1985,914875,1990908,116
1986,408123,1696091,95
1987,443904,4737571,2001
1988,3080022,947544,47
1989,1423553,1525727,76
1990,3578368,159177,339
1991,424411,3625439,627
1992,729364,1905523,55
1993,1836328,3815840,104
1994,3001970,3578789,1998
1995,1909985,1139895,89460
1996,2361218,4135197,527
1997,4418968,4395510,87
1998,3742712,2221607,138
1999,695432,253467,1983
2000,987119,567045,37
