0,source,sink,preferential_attachment
1,2184483,1300190,435
2,3151356,1452193,102306
3,1579396,193159,418
4,1406432,2481036,2838
5,2389638,593017,62196
6,228206,212805,16592
7,1237964,879115,7712
8,3318124,1840575,2678
9,4522929,1552625,27846
10,3406737,3781412,60
11,1567983,3008412,7728
12,4370932,2906415,210
13,286240,474307,3354
14,4796773,3115614,745
15,2207765,4354226,271491
16,1283384,279636,9660
17,368544,2431466,404920
18,3921857,4512147,201
19,49037,3175009,1015
20,61633,1064392,344
21,1459453,654182,434
22,447597,2736867,9056
23,2121585,3413796,408
24,933347,1131654,851960
25,3733033,488937,808
26,3023014,2817859,3861
27,1404783,410037,225
28,1886158,3656408,46784
29,3316731,4579088,52728
30,2369031,1860112,69875
31,2850334,755258,158368
32,4606553,2879440,270
33,3013323,2064734,794581
34,1653770,1190291,240
35,4540325,202508,14720
36,4189431,4404645,838
37,1590268,3824559,68
38,2717491,421433,4662
39,71500,2156609,1260
40,2422900,325927,6188
41,784291,4194667,64845
42,3836480,4207316,8680
43,2570161,3824301,399
44,2574465,1663756,1084
45,195757,4324049,207174
46,3501584,624570,4340
47,2342205,3520804,4482
48,2067826,727427,137925
49,4787138,2365654,4002
50,2907109,1536763,5655
51,2979388,2811074,625200
52,2773866,3562714,271542
53,3467832,3446682,15552
54,209191,3142365,578115
55,1630356,2157727,231
56,662368,853327,17100
57,3151576,4278188,28710
58,2671870,4797151,115
59,3536080,614747,141911
60,2541283,1592987,170340
61,3848381,903626,7060
62,811898,3593324,114
63,231650,4016607,266430
64,1305368,3362916,17464
65,3275981,2183299,651
66,3863858,4710588,79380
67,938826,4543397,103761
68,4705108,2629120,514
69,617435,2721940,133369
70,2022904,1202849,2134
71,4797294,3735230,2003
72,2450052,2549546,3560
73,24523,497993,24896
74,4576342,1043689,33660
75,1875903,2638090,5927730
76,930131,1305103,40082
77,3872353,2516690,13535907
78,217062,20388,241762269
79,1628755,1120745,1482
80,4033899,2555403,250965
81,4600810,4690043,1776
82,2852252,3901568,571225
83,4128817,963520,79294
84,4603833,3538910,740
85,2665129,694605,798
86,2506289,2034494,225
87,3755683,4027183,532
88,281045,1477566,14820
89,525339,4345638,13320
90,2872550,3571822,6440
91,3996001,1317062,6006
92,1630993,2942968,96
93,3519436,273127,4488
94,1072548,4516657,30282
95,3385377,21536,170145
96,1698628,4155714,966
97,3421725,3521843,6256850
98,2930692,138960,1914
99,3738701,228193,856
100,1729154,1781627,470
101,3763685,3856235,63
102,2141424,1303746,226
103,4842336,3181505,570
104,258948,1471608,190
105,721572,98932,10362
106,1943690,492035,113816
107,3345713,3762682,90
108,2924614,3377440,794045
109,4112224,1051087,2011
110,4110767,2609871,129
111,3922567,307495,3120
112,558917,3683147,420858
113,678764,1677837,5125
114,4064525,2308522,37904
115,2628408,2510362,219240
116,4088436,483355,154
117,4294640,2123719,90387
118,1062857,1809556,7155
119,3287551,3077116,296
120,2921487,2416082,714
121,2206017,4727122,4270
122,1601895,4424787,8168598
123,4538043,4347620,4290
124,2494024,1709398,408
125,2380958,648703,1845
126,3786904,871332,1224
127,2705657,852814,57421
128,2867762,2832683,58
129,4814135,2585300,511
130,1488632,297642,56695
131,1789514,2955720,43
132,309474,3636323,288
133,4115547,879781,8640
134,4771179,77677,421
135,1541973,2681572,2852
136,660741,517853,684
137,4483428,1765722,378
138,2190643,2947163,370
139,2519581,3743967,14400
140,4202801,710142,1920
141,3417866,1598643,1470
142,697388,943197,19440
143,3899173,1397388,36
144,3150672,3974467,5950
145,4449837,3538291,33162
146,35548,3549289,490
147,2707088,2136581,502
148,1586232,3610552,762256
149,1735883,1901143,55480
150,2968005,1495600,1346
151,2873622,3664409,1650
152,3691603,3188162,9480
153,1655116,365416,9536
154,2312268,4219994,26361
155,2349671,204712,3825
156,1026366,792812,88192
157,3417564,2307183,48267
158,3687290,1281414,1085
159,3327760,600051,178
160,1299905,4474903,664
161,3881924,783583,740
162,111970,2294803,277676
163,3736271,433745,224
164,2807537,2703992,530
165,934509,1653156,10944
166,4662733,4764472,2964
167,1486892,237461,11515
168,3026000,4750153,105
169,2436861,4683579,12702
170,2295601,494551,45
171,2333576,4066830,37230
172,1599720,3262474,290836
173,600846,64799,4648
174,1285894,2023333,10912
175,1590882,971074,38784
176,357381,908061,980
177,2345122,743875,9000
178,1164538,4273253,41508
179,4624816,1789251,6293
180,470204,3779626,13496
181,2266717,1367613,1780
182,2826267,928903,51576
183,275804,1725270,9432
184,3980329,4675165,270
185,41540,1437899,49494
186,1810899,2882556,128684
187,1230845,2027917,667
188,2472742,3567788,5985
189,4174076,5480,69531
190,4819127,543061,17500
191,1512639,1757836,61845
192,594370,207942,59
193,4066375,4645447,16380
194,1326339,639157,24606
195,1429554,3308151,504
196,2622002,3723250,72
197,3341679,524043,6048
198,2241048,4039025,27280
199,2529024,1545613,18
200,644069,2596251,16650
201,1813318,1054633,113708
202,3655158,37400,600882
203,3418483,362485,4284
204,408243,4594685,102384
205,2105491,3781492,19188
206,738704,4658228,204
207,2535426,1266511,339802
208,3014450,2569650,77971
209,2635308,3237136,21708
210,2749135,3229933,17043
211,1147295,4463463,27
212,495613,3009965,12789
213,1376558,291125,686
214,2021517,4634127,25715
215,4519174,520390,48144
216,604125,4360758,300
217,3828465,3963629,8720
218,2957639,4578655,1587150
219,4325972,1755579,96
220,1039233,3674322,2200
221,1901862,4840530,7161
222,2408015,1321954,17214
223,4781379,52592,270
224,4583761,4572486,834240
225,1476555,4751012,51584
226,1636856,4208957,126630
227,2038215,4162950,28350
228,4216378,2118739,28644
229,1136996,3640654,1872
230,4178366,3164163,5768
231,986629,3346537,12488
232,2303520,663713,5571
233,4708115,738568,31
234,3769409,1960538,397125
235,2844371,3392930,11044
236,1320291,3768226,420
237,1817011,3254390,556
238,3337956,1186643,34935
239,414390,2341215,59760
240,1185153,4799044,1455
241,4182445,4255166,2040
242,1429988,4034214,74052
243,784476,4743804,796060
244,1567741,2167167,116350
245,378193,3858906,225
246,3193737,852669,355
247,222154,1096330,1115076
248,837136,4092142,410
249,3001803,1421121,164
250,4497472,970834,325
251,78652,876913,50835
252,1740390,2913793,116
253,4608977,2576561,83
254,2146076,3373346,1365
255,4043972,3448830,54620
256,2066994,3418202,39312
257,559972,3695276,5850
258,2427345,214090,5376
259,1635607,4683806,5892
260,4435111,1900279,324
261,541055,1731912,201275
262,1745528,2194526,61359
263,754926,762964,4194
264,2093716,3996594,45920
265,4640383,987793,1766194
266,4298408,420656,1387
267,4725488,1747009,2016
268,2264477,2991814,10253152
269,4421319,4161763,6840
270,4007453,1159092,375
271,2690596,3915235,313336
272,3602451,2065513,26928
273,504324,2747208,28959
274,30083,1972008,2958
275,1025903,2722816,220
276,2607838,4292513,467828
277,132853,1928713,1424625
278,1841790,1805282,496
279,699145,2039550,5697
280,1632938,2917594,942
281,740264,775607,2133
282,2326042,3593013,65226
283,2597890,4398241,327
284,4347620,3709618,55
285,2956481,3808878,2521131
286,2421138,2173151,10323
287,3325878,3941234,405
288,3969780,3375372,122
289,641527,2264701,105735
290,3750870,214372,6320
291,3136757,2292933,230
292,194271,4138613,54
293,4837795,2032867,50976
294,4532809,3889649,399
295,2019222,2153519,15
296,1047207,311498,8127
297,2970262,1729215,2676132
298,1221209,2747564,3
299,268995,1173364,118
300,4427946,1339329,43005
301,1607490,654860,2415
302,1460872,4581556,2140
303,2019845,4577899,31388
304,1704367,3164073,5842
305,2745910,3104940,170532
306,2133929,3867352,13572
307,3871942,4799962,86826
308,3257910,588337,71064
309,765302,2762989,11115
310,3960835,4669648,4494
311,2629112,1529484,143172
312,2073048,421699,74
313,4524669,2949748,39710
314,144060,3080263,4148
315,3764504,3328639,18693
316,433097,4052222,266
317,1986630,2951260,7950
318,2398278,209191,43857
319,1974705,1581879,220
320,1443500,1164411,604443
321,3550092,3753484,4900
322,3107199,690742,96360
323,2019781,636552,20
324,3478606,1281736,693
325,919613,1735123,8140
326,1432948,4331707,21735
327,4782388,1065417,5474
328,596337,409262,2278
329,4106517,3002541,155064
330,1065985,4673981,78
331,3757808,890719,1829
332,4865292,2472812,2652
333,1817278,3209863,744
334,2535495,1937230,712
335,1524949,2845319,19640
336,2699583,2224526,1460
337,3589315,1592667,708
338,1501709,3370956,120
339,2135899,3893892,336515
340,3380008,1519730,168
341,3120092,4618432,1749
342,1322906,784341,14364
343,155804,834066,158
344,56567,3302825,13356
345,432620,112551,7120
346,1239755,165055,21720
347,2314931,2658417,547785
348,3043233,857634,52
349,4444751,719172,5863
350,3144674,3401173,34560
351,2681125,4245138,24220
352,4355412,3494128,1816
353,4114591,1582028,30510
354,4099850,924833,7182
355,103916,2808644,28024
356,520324,3222831,101867
357,3443992,280322,32743
358,2008046,4864558,8964
359,1981993,463338,151353
360,3004094,819288,712
361,4467857,2374812,571
362,1143671,3610611,681
363,1114213,140603,18120
364,2283170,3108276,44178
365,3039452,1019859,33417
366,298011,2396903,1406050
367,3491637,3299008,537
368,4345638,1914315,5940
369,3193210,370765,265
370,279329,4093834,1104
371,1091584,977565,8118
372,4310710,290077,44128
373,3725239,1818269,206028
374,1799182,3537761,99042
375,4366747,1672058,15630
376,2921853,1063377,10403
377,3210136,2558297,345
378,1618265,2401545,134
379,335479,673405,56
380,2393127,315060,136
381,2305619,2629421,4988
382,94280,1191204,14042
383,3396488,1921136,592
384,1184100,1487302,1498509
385,3561479,3836738,3768
386,2920873,2227745,875196
387,3576624,4268303,3140
388,527595,1894941,85248
389,919165,1264290,224
390,4014552,4632479,13695
391,4135084,17392,90720
392,245914,1905607,21545
393,2618052,4188938,5400
394,4836378,4536767,3408
395,437876,2566889,55776
396,2497998,95673,1296
397,1036152,502401,17248
398,2585063,3153339,34
399,311952,487639,390236
400,4260998,2255438,1400
401,795918,448525,26994
402,2720299,2127901,3003
403,1459605,3749748,25725
404,3547614,2860781,24272
405,3335130,438964,800
406,1933312,3256959,340
407,3564448,167816,11352
408,3432616,2332893,507384
409,2633605,1933805,19050
410,2832099,593309,55968
411,2366431,4838273,63288
412,623567,2164839,151107
413,3994516,1354897,85
414,2315048,2033602,18865
415,1637898,4121411,385890
416,892193,4336282,1396
417,4578655,3601327,885277
418,4152864,1994852,31
419,2533205,2449296,122
420,3035063,3658576,924
421,1063789,1199206,22
422,4717616,489300,8636
423,3652352,1702417,18755
424,1024682,1315850,3216
425,2587055,3472626,61380
426,2086863,512769,493044
427,1493935,2241589,261
428,941692,3517094,16120
429,2912801,871888,704
430,3606548,626239,64113
431,2200735,2157328,418
432,3544260,2618757,4028
433,1862492,54381,444
434,3445194,2976923,16
435,4114513,3383210,45
436,3744513,1129682,53
437,2055183,1190704,2304
438,3592571,377102,21435
439,484479,352855,149815
440,4518583,1939151,320735
441,2741551,3680201,33250
442,2589986,4298355,35
443,3446506,3393730,2464
444,1080614,1486892,142410
445,3819586,3914665,188
446,2232341,2167763,2471
447,3663392,2116501,630
448,135756,1415397,1530
449,1304570,762511,3680
450,3268179,1312177,7504
451,1034420,2582486,84286
452,1395712,207348,374825
453,28366,1841875,169884
454,628921,901150,860
455,2156930,302849,1194
456,4742865,4011635,40836
457,579052,4286269,6656
458,3622805,2239775,535
459,1097755,19760,8395
460,4681267,4047729,257984
461,4214037,1124684,8625
462,3328824,4725447,165888
463,1632157,3441172,231
464,2733872,2966772,108600
465,4402871,3812818,211973
466,1807180,817365,836
467,2763391,4023498,476
468,1626617,2819030,695
469,4130943,4188416,63840
470,467667,4000293,63360
471,585290,2615912,5460
472,3437795,2770964,365607
473,3206172,4186227,25776
474,174802,3795595,4189
475,4371955,1776702,16016
476,2810159,2277589,483
477,2044305,2746365,3324164
478,2952533,3517217,973
479,2914124,4682995,22
480,61530,3335540,62776
481,4591296,1929062,7781
482,4428300,2480985,52608
483,46090,1450214,58032
484,659769,20462,2752
485,636099,1164072,695
486,2407305,95886,1267
487,1475238,1917370,1484630
488,550624,1332575,37356
489,3206394,2933565,20475
490,3940380,3051327,2661330
491,273164,1413055,771930
492,1957538,4839138,4293
493,2749267,3859663,792
494,173719,2037535,24350
495,384254,3003794,45156
496,410127,290758,990
497,2586954,1166818,8056
498,172972,4299050,72
499,2422604,909677,723
500,4326329,732416,492
501,3476921,4329139,23217
502,2346396,3113197,740
503,1397316,1548423,1538
504,4590349,4475906,101574
505,4462368,1729215,186588
506,1327440,2866511,20700
507,505918,80983,6216
508,1041665,246307,3096
509,1619831,4149096,360
510,1602676,4821149,6027
511,4498800,2530095,350
512,1220744,2494359,34720
513,3216894,2917270,21
514,823636,3470096,2590
515,2464404,2214631,6474
516,2225928,937883,162
517,3874174,3660958,4224
518,4510312,4641648,600
519,1772905,1164032,2210
520,497126,1813537,534
521,3956535,1366076,2072
522,311395,4517546,164
523,691053,2551093,3924
524,1202094,4419310,816
525,2511862,702114,1359
526,1537593,3531111,1216
527,1809060,2755105,48
528,4561995,4101406,43080
529,1183256,851822,166696
530,2259583,180886,59447
531,617956,2413499,167325
532,1294163,515021,52
533,2063062,1342577,14140
534,1800416,2888042,4
535,4691181,4610787,270
536,1834142,3836704,78144
537,949172,2071647,1400
538,2536161,4132261,2105925
539,625451,3547349,3064185
540,2290078,107998,555520
541,3494888,248970,234
542,268519,2884416,82
543,158115,4633431,74841
544,4699529,317786,55678
545,3256646,751974,5104
546,3725632,731420,5859
547,2171358,4477620,8460
548,931647,1765411,5814
549,2744198,3642845,18600
550,1765731,1258166,8954
551,2649630,1742482,74178
552,1641756,2486979,78864
553,4036817,1703634,6336
554,3849807,2866908,1070
555,1167211,1840412,165880
556,4766814,3298954,17424
557,947762,3341056,56
558,3136926,4534450,690
559,3730870,3175312,62622
560,2690278,3761780,138846
561,2058283,8356,7896
562,2646810,4575002,1980
563,3633833,2573172,4929
564,4247331,82320,159408
565,3983042,2701676,20196
566,2093176,2186222,3870
567,1412983,2528294,2025
568,3920505,4846084,14314
569,3320046,4335591,8352
570,1262238,1048746,3048
571,3059183,1766159,43512
572,1495241,4548619,13101
573,3717996,3452178,61860
574,908046,458466,3790
575,319732,3806748,17925
576,748200,1665032,1116
577,856916,2741764,1626492
578,2695621,4579955,6079788
579,4016649,3678951,202462
580,3699726,4642092,2620
581,4599604,1537367,83472
582,4323755,1211774,42588
583,117178,2785207,37268
584,2934603,2472584,236929
585,1432887,2529373,2943
586,4493215,2784278,3567
587,4159232,4217711,1646105
588,3756910,1193087,266814
589,1648871,4590454,154
590,4458811,3019604,3788015
591,3148390,2002788,16068
592,769445,2986095,10080
593,4542296,4029056,21424
594,3097604,4305969,2951551
595,3135278,1898689,29962
596,3490385,2303097,69
597,2880138,1230311,24924
598,1799854,1094216,2788
599,3441024,3198893,3584
600,1712592,256053,336908
601,1213060,3485270,51537
602,674419,1687481,1048
603,2253113,4199739,41940
604,1687100,4699308,17340
605,1687914,1492115,46320
606,4467644,4597686,199710
607,1287150,4587728,3179
608,885888,2401150,5670
609,4059232,1934540,1033405
610,2167353,2927967,3087
611,2431787,2243309,465575
612,4066935,3061931,33858
613,2912103,2616761,154
614,1451983,4398710,981
615,1760195,3815591,16896
616,1268923,4185459,4395
617,3584579,4561007,10800
618,3210823,4593452,184
619,2679215,4079576,262
620,3308965,1499488,504
621,1308257,1360090,13916
622,4556619,524247,6363
623,3464435,3158801,5678
624,4834181,1615948,9
625,4548696,2910685,11988
626,1486569,380005,805
627,1221273,4569835,678
628,1504438,1269021,15972
629,273892,4626132,9488
630,4312824,3833152,158809
631,2240718,1337977,378
632,1187945,4097285,49104
633,1628691,4570236,66
634,3764155,1080529,18498
635,2259251,4196528,1222
636,2299390,1491019,129
637,1049492,398291,107856
638,233391,2965375,2769
639,717673,3995418,11088
640,2941407,2964315,6565
641,682761,1558128,1152
642,4352101,697201,15844
643,4239933,2533625,780
644,1068581,2394046,3624
645,1176065,3366522,482
646,2913818,4272458,55437
647,4159234,597760,6318
648,4818958,708203,50779
649,3192626,1092178,2932
650,3438286,4629375,80982
651,879908,4254453,78540
652,1954387,610672,325
653,1452,3373263,598
654,4207021,606980,576
655,1413126,2746611,1950
656,3149884,128838,725
657,2598830,299664,6952
658,3017206,948009,212496
659,970600,2125683,25280
660,1211741,4121054,145
661,2835234,570107,9056
662,675370,1471569,576
663,4610268,1275066,147
664,1584806,1092555,3928
665,2904717,762869,115
666,3892708,1170664,28320
667,3976780,1552898,966
668,1808958,3153165,88776
669,3293844,282738,59670
670,2027803,2619844,4620
671,250137,2976917,1011
672,4418160,3626136,820858
673,3372601,3785031,969
674,3318630,701503,144690
675,3961269,303000,676
676,1978642,1969680,8640
677,1285540,3833101,90
678,4399173,2631408,20732
679,1225417,3677077,56
680,1917370,970119,13970
681,716749,4720136,1108
682,2164938,2616090,2236
683,4021250,1378011,751822
684,1898939,2124762,576
685,725231,2353568,5764
686,1072647,2289244,3122
687,3316884,1440533,3100
688,2308616,4597182,4420
689,2468610,1173627,6958
690,4280660,4011543,6000
691,4358480,2619379,3092940
692,4247587,4266094,55524
693,1362833,4644467,9594
694,4849080,384166,37911
695,2933517,1722935,59202
696,251110,4829418,556
697,3046801,4326881,2586
698,3300747,409240,3120
699,2205989,736972,104664
700,4759196,2959134,764
701,352777,1582441,22050
702,4732444,4677915,9260
703,1450478,3800540,435
704,3345046,4255985,30603
705,807609,2070084,70468
706,1893341,2401643,165920
707,3968198,1413750,5208
708,3502346,4395778,119706
709,3424526,865480,18070
710,3997092,847152,500
711,871619,88771,1356
712,3591727,4128045,52760
713,812874,2576794,88
714,2967237,819090,48650
715,2683846,1765869,7209
716,3933860,4187117,48
717,3755255,3173162,7397
718,4479676,2054407,2726
719,1092129,4740893,241808
720,2978353,487236,280440
721,2831459,3748022,72112
722,1861711,3429791,1344
723,128268,3306286,1975
724,4447307,3657540,20640
725,4583130,4195270,6877
726,1903802,3756910,291600
727,1226964,4506897,35760
728,4122877,478112,11040
729,3531100,4818685,2358
730,4722544,1565469,122056
731,492776,2057832,2618
732,202406,1370056,396
733,739365,4478927,13375
734,3130360,3381180,601
735,3971343,774221,408
736,1639225,497594,20828
737,3080878,3107755,16287
738,314720,466302,6627
739,4074945,67911,1736
740,4627005,3010945,22494
741,3763328,2178305,2497056
742,265346,3088232,3896250
743,3446384,679574,29892
744,887938,3994705,143
745,3223920,2516690,1104972
746,4858799,4350911,6300
747,4510458,1127255,18460
748,2270094,2546813,1008
749,4060750,2393523,17200
750,4282575,3861442,1287
751,3251045,3297002,17701
752,3031208,664506,2640
753,3434262,3173953,2128
754,2226291,4082571,312
755,2032980,4096612,48688901
756,4143745,683678,16
757,2220133,979255,639360
758,552690,1513515,15620
759,2089216,4666032,3213
760,734968,4266986,458
761,748396,3222295,2190
762,3473274,4010152,188292
763,401726,1700117,4620
764,4205304,4326349,263280
765,713973,3737538,16
766,268979,3902256,2416
767,1774406,2445713,12172
768,1566271,3727886,3840
769,1747009,542316,5184
770,3760607,1428975,620
771,2062066,3937192,43890
772,2469227,2769934,903
773,463854,2442529,134927
774,3369814,1205255,96
775,268091,1807947,567
776,3561896,257577,83842
777,4181239,2507601,2166
778,745210,3851609,564
779,4247950,4173475,8626
780,4611286,3527826,5776
781,3094990,3311965,8500
782,4459514,1633484,11880
783,2814285,4198583,206584
784,2152778,2815618,603725
785,9202,1609289,6888
786,2858107,3025604,156832
787,3881850,3284336,141
788,1200874,703387,1350
789,1730864,4776931,5420
790,1976020,3906437,18513
791,3478937,4411245,72842
792,2606468,2151625,3496
793,810847,3601552,65
794,2518054,3994251,33096
795,4730476,3723065,45225
796,2675276,1802531,4080
797,274343,996371,204304
798,3650803,3477517,107184
799,1159131,3007594,19170
800,4660393,1063328,5049
801,1430292,3755407,16588
802,4855215,3292438,138082
803,155341,4215650,3622
804,4791237,668241,53850
805,504848,1473701,17460
806,812688,440093,128
807,1218819,4522612,36
808,904699,3825480,2600
809,3371729,3273144,1676998
810,2518902,2524567,15150
811,2608048,891969,1392
812,133167,3827835,100188
813,1735998,2685390,518
814,1851023,2661301,168459
815,4223007,4651979,141540
816,2978385,4096612,160933543
817,2982118,2890172,87318
818,1985096,3281495,6726
819,2872865,772280,28268
820,1730546,2700195,1599
821,3759171,3267798,19028
822,1474194,1736248,30192
823,136049,1205898,21488
824,779856,2791664,9070
825,2976069,2589511,58247
826,56121,3118599,540
827,752326,4027234,6156
828,1129405,1073098,264
829,4219582,352759,560
830,67800,1774334,1043739
831,1562061,3275980,490
832,4469172,3056997,102960
833,1632644,2747148,11711
834,2103452,2394094,612
835,1792282,1275575,286
836,2337068,2777919,865104
837,383188,487074,438
838,3624273,1694426,8361
839,1927607,3784976,18864
840,2564846,3871166,176
841,469289,3658913,23634
842,3579512,3070342,1596
843,3609789,1916723,8450
844,1005255,2558769,22140
845,4820881,4005729,19380
846,2666350,3968888,603648
847,979653,1836007,902120
848,3156444,3459373,6307
849,3454223,3088232,657687
850,1691726,1990675,14
851,1938140,1764317,11236
852,2920273,123591,1140
853,4778699,1201096,1356
854,267534,1380378,768
855,1135603,2685283,244398
856,4743153,535280,16920
857,4164647,4571277,100172
858,3251800,3853574,421600
859,142496,2824480,13920
860,1353165,2287915,10725
861,4721192,3288243,10790
862,148935,1140025,5194
863,754986,4625985,513840
864,3100893,2493630,4940
865,1456698,2760565,1690
866,3167544,3065172,196512
867,1615945,2471103,127
868,923082,3893890,4004
869,3615734,3970114,52
870,2299912,1008064,216837
871,609330,1397316,481394
872,2338838,4834648,7524
873,2017826,2903363,7000
874,1049150,4124480,1045080
875,2608376,3824501,4556
876,1482666,1660395,821520
877,1306100,1678282,150
878,2826278,3611999,10864
879,2395078,2721855,483
880,3680790,2927670,5778
881,4272458,151153,9783
882,3596185,1595754,720
883,370525,4291780,181818
884,2226097,1974361,11110
885,431391,1102747,308
886,300097,726929,834
887,750926,2586375,2108034
888,153480,4192365,208
889,3506025,212805,74664
890,2452484,2199228,756
891,1233851,3304718,27495
892,456126,2103578,246
893,3286368,1614313,684
894,759809,1677060,3192
895,3538278,1922398,276
896,783972,4757627,270
897,2085193,3886160,131
898,623444,2262983,63479
899,1219418,528928,11815
900,1998627,538998,485
901,573693,3400944,1167272
902,1101947,1959052,136
903,3887171,617576,6372
904,4093525,4161490,2318
905,1711569,1503250,329
906,1318170,2766614,6045
907,2915489,2434223,5109
908,4713292,1735687,2088
909,4342160,4836932,92
910,563322,1340111,440461
911,922949,1049281,12694
912,1455727,1967550,4991
913,4347727,2401865,46782
914,1779478,4553620,594
915,820951,1133567,448740
916,1295223,3606238,460
917,234766,1989292,40664
918,495684,2052579,4459
919,2604474,262528,479988
920,4457096,3095483,928
921,3225386,1483950,147664
922,3959449,2151517,405
923,2695091,2128045,2240
924,2245867,2784159,272
925,1719345,2177982,672789506
926,3795465,4690299,8265
927,2902003,1374445,6711
928,1895458,1253026,488444
929,888120,888836,32088298
930,4866498,2486525,29104
931,184687,4696690,4544692
932,2871308,1064883,43792
933,552693,4180588,43290
934,460696,978745,7140
935,3721072,2717219,3180
936,242742,637362,5418
937,4147170,3324817,23478
938,1299015,127123,356230
939,833087,907052,11200
940,137437,4005148,581
941,2474997,2999710,7579
942,4137763,2898182,100
943,475232,3873884,67
944,2519600,3144985,32231
945,851486,1253335,13801
946,1484675,2555689,5289
947,863325,3528798,812
948,865410,2270767,71797
949,1588061,4013191,1890
950,2975625,2363738,4590
951,919101,1522214,42
952,3893222,4116046,261
953,4759359,824031,949
954,3298060,3649303,368
955,1618544,1613382,320
956,2324352,816913,770721
957,4499487,3804486,650
958,861461,2833178,14196
959,2713798,2885043,30567
960,2475214,343584,144
961,2815706,716282,456300
962,810494,785119,17545
963,3743292,29959,896
964,4022436,2309371,4760
965,1576600,3241571,13725
966,3164595,727760,17766
967,2342340,2371785,775
968,3318025,3258850,182
969,854025,2258576,4186
970,3446567,621120,326193
971,3067879,2330265,728280
972,989455,1268920,3312
973,3517389,843636,434865
974,2506342,1857594,22666
975,863783,4395944,3171
976,1632116,1528823,119
977,2359631,4515216,4075862
978,3317934,3629131,20244
979,2932339,2350634,15250
980,927463,1514817,1984
981,3598083,1721413,1729134
982,2429371,9946,1749
983,1039279,3411931,90240
984,2895068,3918393,90
985,1854023,1483116,925
986,725415,2082827,180
987,1202857,1678405,71890
988,3689215,1218296,614
989,4528705,1142702,39786
990,4034438,711824,3404
991,3782034,3556169,5800
992,1014721,1666556,18656
993,3270580,3395510,572
994,2324422,4426524,86391
995,1194190,345813,21780
996,2625217,1996375,630
997,2824005,2211339,272
998,1576591,4166917,49806
999,380525,4664852,89
1000,3993072,2416078,1278
1001,1094048,594102,30334
1002,4600134,624993,10064
1003,2764263,2893207,1220
1004,4177865,2882100,12144
1005,4623321,4808386,494440
1006,3718908,4679904,1381702
1007,2745387,3910839,58
1008,3195688,112647,3854
1009,1813368,1770441,156780
1010,2009930,4758377,256344
1011,1787403,2443214,370
1012,4726874,1894531,108
1013,127950,3728341,365900
1014,3794842,3706176,6216
1015,3296250,3535207,88330
1016,4811622,757734,832328
1017,3683564,2701054,1386
1018,1283657,689821,479776
1019,3836659,4321162,784604
1020,1488401,3872415,4168200
1021,31098,1030864,5719
1022,2451660,1970291,2574
1023,718458,3720766,18369
1024,2002799,4114575,9344
1025,2005497,2338090,1482
1026,2118551,3452067,2415
1027,3778796,254059,318768
1028,4348766,3973930,6624
1029,3475909,1973662,48
1030,240027,3855745,658026
1031,4263251,2518627,1045
1032,942440,2191992,706
1033,850459,456126,324720
1034,3716119,3025121,41391
1035,988417,1104604,586
1036,5221,2981668,31104
1037,2021460,243830,78480
1038,4774646,1196225,85198
1039,2435515,143446,103656
1040,3941703,211323,513
1041,651778,2540894,17420
1042,477326,3487516,108
1043,3861672,3647364,129
1044,4749201,2707342,3044
1045,1255094,3818809,31383
1046,437391,1021368,578
1047,4817391,4563454,89
1048,3910665,3985168,3822
1049,1150281,4486106,785
1050,4858996,1582222,9709
1051,4204662,2133364,143
1052,3656099,1380448,19879
1053,4788248,2048276,980
1054,4716646,448823,10389792
1055,2844962,2757201,79426
1056,2161230,2087517,11929
1057,3808182,3103806,524
1058,419149,4406065,266
1059,3847967,357466,23717
1060,987441,824382,14336
1061,4762542,2767142,9646
1062,2914647,4841268,229
1063,1275299,1593758,15221
1064,3757241,3248594,2790053
1065,219686,2015738,87127
1066,3249932,1068993,178
1067,2704231,3435043,3949
1068,2691310,3640458,15150
1069,2581947,3759750,2898
1070,1689039,3927655,1152
1071,2694816,2207956,2140
1072,4405100,2051732,131900
1073,3352123,3510148,23220
1074,2584682,3162385,14040
1075,2680834,4254453,23870
1076,3202510,2092295,243
1077,4468086,532755,5375
1078,575651,4258315,380
1079,2883988,824046,935680
1080,4008358,4483821,414
1081,2939315,3155408,275580
1082,4839526,3833152,6370
1083,3507863,177506,15780
1084,4619061,4289016,591
1085,4380434,3731768,2108
1086,3213547,2706025,60236
1087,4094697,212805,1413431
1088,1927960,1579810,392084
1089,2640387,100754,33350
1090,3852854,3785477,4344
1091,1700836,350886,7908
1092,871160,3340066,759
1093,2772925,2456239,30
1094,1548013,1078672,26936
1095,2242956,3882590,1099824
1096,3603630,3489034,2204
1097,1064556,3912526,46
1098,19760,5113,5750
1099,740005,4510860,527250
1100,4765846,605639,4524
1101,2609436,653633,19380
1102,2766747,321857,4180
1103,4094066,1628264,1640
1104,1246601,1897862,264
1105,4232521,2779791,7650
1106,2554658,3240496,520182
1107,415254,3129186,5340
1108,4400995,1187964,67100
1109,2850445,1118530,209
1110,3729828,2294440,225028
1111,3370783,4790649,15094854
1112,3001815,74323,1797
1113,3394828,2633571,496244
1114,117653,1995601,702
1115,1675257,4723059,720
1116,3897513,733605,161
1117,19484,749672,809115
1118,4284282,4516132,98368
1119,833524,3841591,1764
1120,3879365,4329629,1860
1121,4251792,57883,94775
1122,2835662,2379122,8550
1123,2313654,3448488,15735
1124,3800305,4420839,3726
1125,399565,2956791,31833
1126,579536,3165162,556
1127,225697,982493,76800
1128,457555,1106852,767775
1129,4857001,321177,20996
1130,4655006,1987945,171
1131,3163774,3004014,625
1132,4498101,2926541,514250
1133,2807375,3247071,41624
1134,3222303,1081619,4860
1135,4736009,1835245,1820
1136,401959,2653845,1023
1137,813047,3009562,10688
1138,2899933,536723,336
1139,4154717,2424452,1315420
1140,1413512,3299579,294
1141,2940424,1904054,10143540
1142,602340,107996,9724
1143,1011757,3739100,90
1144,940042,4253433,190
1145,3905250,452890,612
1146,3066444,685095,19920
1147,1325436,3202770,24424
1148,125872,1465269,198
1149,3407905,765543,1680
1150,2623580,2337217,15718
1151,4211984,2596286,726915
1152,2349594,959247,176
1153,2061150,3837284,27830
1154,1399058,1796644,9892770
1155,12547,957725,65376
1156,2361673,2593954,12936
1157,3305322,3169329,46512
1158,702865,166306,21109
1159,4311665,2499401,2247
1160,4052122,2588244,3045
1161,2187451,3356265,45
1162,2544398,4360802,13608
1163,1164032,4779044,3081
1164,4125905,723257,5504
1165,3169284,2502590,21024
1166,1360006,475380,1608
1167,3158482,4350093,1110
1168,3082677,3108490,8943
1169,3139086,4343940,195392
1170,1044619,1269131,2030
1171,2390374,4143831,194
1172,4779046,4399430,406
1173,4420475,2868440,29078
1174,815236,2155768,356
1175,1676054,2238637,1904
1176,842454,1847353,1749
1177,153792,778021,696
1178,336290,87195,69520
1179,2410512,3528096,167035
1180,3185337,1129762,4968
1181,4086406,4539579,155400
1182,4174741,1729680,12682
1183,1429183,19269,3762
1184,1479088,3296983,232
1185,4139326,1040056,155584
1186,4311720,3703326,21528
1187,322366,3277122,1224
1188,2153824,4079268,882
1189,3690840,3870459,4335
1190,1351195,899384,66264
1191,1434155,4593423,116480
1192,4315651,2905649,74
1193,3064744,4544439,176
1194,4034922,2589566,55
1195,2845752,3671414,230736
1196,3526944,4061862,35055
1197,4376408,732151,6230
1198,1949391,2153670,3332
1199,654545,2988500,11636
1200,4223263,1730211,128
1201,1073493,777566,11729
1202,566130,3072002,60208
1203,2198631,4151869,4696
1204,193805,2692947,338252
1205,1076285,3926802,23562470
1206,3623028,873318,98
1207,1313574,594010,231035
1208,4080369,357567,131274
1209,3541501,2386108,29796
1210,4388455,290600,57725
1211,978544,4006430,1004
1212,2758155,4793999,1330
1213,3148813,4008655,8814520
1214,886710,2924181,8450
1215,4600732,1149539,24862
1216,1509450,4095467,216
1217,4572867,1104006,864
1218,4222997,2017471,48025
1219,979255,2387274,18870
1220,3443847,2887128,1260
1221,1514261,2948384,2254
1222,4720585,1171375,16864
1223,3758681,2083451,142922
1224,475690,4597102,280
1225,1333051,3296285,45120
1226,4287735,1584619,206
1227,404943,2187723,258172
1228,4403473,287108,57270
1229,1695500,2846784,72009
1230,1164371,237082,198
1231,2560408,4305715,9196
1232,185853,1109441,11236
1233,4325261,1991267,422
1234,1223102,3696730,1956
1235,2819109,242455,1568
1236,1535073,4743804,3067084
1237,762479,2791241,207
1238,4147354,4141931,21204
1239,547157,624837,10120
1240,4459145,1145009,799615
1241,460728,2556091,10192
1242,4306404,4760153,2555220
1243,2739333,4405133,2332
1244,3684207,3990211,7896
1245,925412,184085,26775
1246,3694046,1520254,42300
1247,2481712,3463660,4104
1248,3089257,428189,9475
1249,1896939,1694355,68809
1250,2085462,3162560,152243
1251,4315155,4288798,3120
1252,2939884,2157122,80
1253,2712752,1770518,48343
1254,629031,3388216,29049
1255,3259802,4582461,23569
1256,2870198,4470008,2786796
1257,2628106,1238203,460
1258,1181282,657511,30924
1259,3498717,4516447,140
1260,154714,2622445,54379
1261,2261005,4858197,36
1262,3491685,714035,1427608
1263,1574437,137934,2756
1264,2506473,1266825,13386
1265,2005701,90125,2632
1266,272134,3894567,20328
1267,4523563,4529968,224028
1268,680757,377629,4578
1269,362148,3410967,1850
1270,2472584,3513910,210749
1271,127619,4234840,1651
1272,1301087,3467005,63384
1273,2631035,3967228,28356
1274,2730650,4519597,621
1275,3392535,3653797,23584
1276,775328,1776702,11297
1277,2319421,2990704,79550
1278,4025298,4761250,9152
1279,4054509,4314283,179838
1280,4425037,2781628,336
1281,2237222,1192436,22849
1282,3336834,3106848,3570
1283,2494843,2829288,48108
1284,3216710,4324862,1196
1285,1038362,4322367,3243
1286,3939380,151427,9072
1287,3474714,837222,35325
1288,2690307,848246,285
1289,4258438,1440232,92
1290,1499536,762056,1937
1291,1410000,3198135,349002
1292,4079269,890960,232
1293,2761066,724868,19188
1294,1445324,4820881,3969024
1295,2402582,2354103,190
1296,4117461,4607502,50112
1297,572226,791325,4704
1298,273715,476407,304
1299,1747728,3849492,3885
1300,3561052,4007276,438144
1301,18331,3593013,3150
1302,919215,32933,900
1303,1304820,4276097,9752
1304,1525671,1400706,3325
1305,3494194,3501344,16897
1306,4305360,2759898,429
1307,3473703,1105946,212
1308,4793374,2883450,2310
1309,4043495,325891,85
1310,2973142,1374657,115046
1311,2290322,4486882,7676
1312,2653433,90257,6150
1313,4454192,4332029,435
1314,3196935,4053811,104816
1315,3824752,2725607,24570
1316,1745731,2243983,27492
1317,3089513,2403010,204672
1318,2735303,622071,525
1319,4559986,3378736,30583
1320,3600628,2064607,83913
1321,3905067,3393225,31
1322,2096490,1246259,33880
1323,3029390,379057,13
1324,1832518,4370950,16218
1325,188743,2092812,528
1326,2447113,410275,252
1327,2307937,4048147,448
1328,4690365,1339133,762
1329,3200341,3453522,210220
1330,2956147,2501960,627354
1331,1227156,3239338,780
1332,3440116,1891147,1290
1333,739545,2223912,220
1334,3332801,4155389,355865
1335,4630411,726638,117342
1336,3292676,2597381,68
1337,4361726,534121,39010
1338,3768380,1423570,32424
1339,176774,1047789,8692
1340,2589604,807761,8856
1341,2161208,473130,93092
1342,760911,2675321,16980
1343,1674134,2435135,29775
1344,616538,4161676,8610
1345,554768,3078648,533731
1346,3214317,1735883,638020
1347,4398018,3262683,10
1348,1361880,1744811,72473
1349,1223354,4208140,3810
1350,2377378,2574560,36292
1351,1440901,3482871,228846
1352,69444,3789363,1092
1353,3248527,364458,790272
1354,632892,2607954,2010
1355,370983,852119,22525
1356,3957402,3989690,55081
1357,289215,938763,18396
1358,1025283,2977357,16643
1359,3930883,1625272,2124
1360,1926769,4183382,4116
1361,4299096,4188270,40411
1362,3238785,2616535,1326
1363,1325894,2598896,927
1364,67665,382209,8695
1365,3658641,1334501,34293
1366,559652,20388,204392076
1367,1236650,3245665,214
1368,444473,3586386,26970
1369,3893485,105683,741
1370,1262578,3434396,1610
1371,4487749,4513294,312
1372,4175026,165651,46163
1373,456895,3833698,1404
1374,4794114,577845,369
1375,3207642,4238096,1909
1376,2911256,345296,15958
1377,1278054,4085567,10967
1378,1577581,4420285,1560
1379,1979383,4351306,1872
1380,1054015,3135338,75520
1381,1093575,781031,80
1382,2795094,3649212,8662
1383,1233950,3153504,5026996
1384,3567284,1497894,39644
1385,1710577,1310839,186651
1386,2686174,10115,100738
1387,3730580,3067078,298
1388,4655510,243176,3042
1389,4363166,952893,27606
1390,4805386,2662315,4568
1391,773004,435747,45430
1392,2853045,3350833,6144
1393,622386,4563330,153552
1394,326452,580398,3510
1395,1677331,1950471,2715
1396,3696903,4627252,387750
1397,993398,3117644,31668
1398,3946091,261556,14945
1399,3197538,1772038,11968
1400,4261799,3995236,3752
1401,3892940,1131169,1640
1402,528340,2537385,14
1403,712547,1102206,1742
1404,4819083,3443517,8400
1405,2586529,2971250,225
1406,3144269,3965490,14976
1407,1453814,4852987,105678
1408,395117,3296710,59880
1409,4493888,1975369,3598
1410,1677157,4671494,730
1411,4655993,3793690,311064
1412,3113932,2656185,2164
1413,4565735,1072872,54694
1414,1050485,3041739,302630
1415,700731,3764731,666004
1416,1781994,3511998,780
1417,3660326,1588708,805
1418,4505818,2887963,1108329
1419,1530855,634165,127
1420,2145365,3777242,50600
1421,1629000,3863501,430986
1422,1139129,294239,7500
1423,4139305,1108809,594
1424,4225437,4674411,4336
1425,4454647,225124,2856
1426,3446942,3258677,2349
1427,292084,2102776,672
1428,1427709,4747550,75416
1429,697912,4612494,97440
1430,3578545,1604914,2584
1431,965813,1277950,372
1432,2522287,3273144,203014
1433,2200489,4626853,19479
1434,551741,4856114,97944
1435,211987,2616242,3026
1436,2119957,2608710,140
1437,340456,2305549,966
1438,143652,336189,75725
1439,656728,4390738,4194
1440,2060035,4104762,5346
1441,1869476,2462897,124063
1442,884526,3327588,660
1443,4798911,2351301,507
1444,3711007,101762,23200
1445,3374895,314924,269880
1446,4207706,1840022,3850
1447,796367,831156,438372
1448,3481117,2900535,52542
1449,3316377,4094697,113129
1450,922843,2710045,6570
1451,976193,3888365,192
1452,54323,3358359,37200
1453,3093160,866014,300
1454,1924479,3296013,285217
1455,3004134,4307753,23876
1456,2839397,2652623,1340
1457,2730409,45986,74241
1458,1695915,4259826,171
1459,4461572,3036365,23400
1460,733542,4853330,165
1461,455141,1838184,644
1462,532578,4796771,97
1463,218953,4117610,13865
1464,3716915,1548893,1340
1465,3053148,2617372,74
1466,2106673,1599860,21948
1467,4190805,1636302,500
1468,3961117,714236,4312
1469,1377969,4565646,2294
1470,1008703,1852018,504
1471,614504,1799445,266
1472,144710,1125599,53178
1473,1069609,986979,5452
1474,4003133,4204052,87988452
1475,2073638,1522373,741
1476,779591,1358385,24984
1477,1426916,4448254,14916
1478,2338507,696808,18819
1479,1919947,3056079,43900
1480,216300,857288,80256
1481,3998824,2428800,17160
1482,3504235,1014927,8325
1483,2299421,2077429,2162576
1484,572208,1306207,3834
1485,751949,4753457,29028
1486,4459325,349769,45177
1487,2021996,1096690,5235
1488,4582850,4530690,13872
1489,1283175,301577,6570
1490,425592,804801,61380
1491,2044073,3371037,200
1492,569377,4812681,11972
1493,2185449,2828364,27594
1494,1412406,4302821,200
1495,4243983,1853961,840
1496,317762,801878,31262
1497,983607,1480185,3141261
1498,3236313,2234069,3175
1499,3213568,1682097,783
1500,277167,3471248,4347
1501,3835319,1977385,261
1502,3451039,36246,2250
1503,660986,101003,9768
1504,1997835,1654051,84
1505,1620145,1407969,251
1506,4308422,3686117,435
1507,3703565,4115825,103800
1508,2313595,3121459,16341
1509,3198069,3383073,1240
1510,4109862,4482088,46656
1511,63419,1701148,12005
1512,2739660,3283164,113160
1513,2169549,2208689,3656
1514,1450320,1541775,84
1515,4278656,4488598,105
1516,1381293,3720786,1062
1517,1548572,2946706,3021
1518,2641051,1058048,398
1519,309574,1226975,32745
1520,3600303,433609,1064
1521,1479553,342516,97662
1522,3653599,4169815,64
1523,702070,3353876,15720
1524,606562,1963907,11895
1525,1601288,3038110,7922
1526,2612363,1312254,3120
1527,4384646,690657,3094
1528,4170044,2449547,15
1529,2787002,2382117,25632
1530,3656282,183794,4417
1531,4757732,4796773,151384
1532,4471609,113182,77350
1533,158235,2647536,266448
1534,3863062,1245989,11020450
1535,2369634,2796817,326321
1536,4779430,2450275,736
1537,841644,378843,12183
1538,2069466,4059533,15228
1539,4804968,3347711,7289
1540,1119602,598319,36544
1541,3200364,1635042,996840
1542,641893,142116,688
1543,3649600,1586497,27030
1544,3705151,1597846,1701
1545,2689691,3967571,638
1546,2324971,252017,9727
1547,3855867,4500259,1770
1548,4392569,1202817,153
1549,4096612,4409813,1858355
1550,2157499,3852135,4484976
1551,2434497,1437980,2100
1552,4668030,2634700,2393772
1553,2913556,3913470,36
1554,830202,1086605,241870
1555,4245940,981592,251652
1556,4589413,3364546,165521
1557,294574,3088440,57474
1558,2814017,4445347,11334
1559,3533123,3086451,28350
1560,3229914,2949033,2826
1561,970731,519315,2805
1562,4688520,2795159,44600
1563,269252,2041783,10280
1564,4604264,2264881,1160
1565,2722351,3640207,3756
1566,4013082,3639154,668706
1567,3291892,4597493,119320
1568,1367655,803481,183
1569,3169340,327965,425
1570,339567,3863742,5472
1571,1983366,2984603,24880390
1572,4259589,3414182,27976
1573,1108548,2216042,42630
1574,1337541,2322497,1408
1575,1829249,1776000,103782
1576,1150506,1371900,10030
1577,3798250,1328064,178800
1578,4724359,2245972,99
1579,4802205,4060090,49573
1580,4533563,1194784,520
1581,2548298,2894167,441
1582,2976480,2265640,60
1583,1140217,2539248,119483
1584,1708548,3128487,5300
1585,3394276,1828719,334
1586,1336173,1310817,63903
1587,2947741,3844365,26866
1588,2945223,149736,110616
1589,2767192,4337224,94
1590,3590756,2009973,97755
1591,2581909,4597942,837375
1592,4786573,2444440,6270
1593,3333959,1274808,9500
1594,585893,1378923,1476
1595,1629739,1821613,82080
1596,758145,2677010,920
1597,3468777,1065417,16583
1598,4217929,3666587,7614
1599,1157430,2300708,135087
1600,101964,1699954,4470
1601,1436505,3795525,116610
1602,2347696,2595595,8029
1603,2624184,1348594,10656
1604,813202,3472025,455400
1605,3720321,1026468,6141
1606,285390,4757441,36630
1607,2753362,4057988,36400
1608,3146672,2707096,21798
1609,4358141,958601,118250
1610,908090,325697,61884
1611,1863670,4355015,1770
1612,1550064,3302485,186
1613,652476,3793631,24287
1614,3900509,334414,396
1615,1974922,3824251,66068
1616,2171894,2312075,22925
1617,7648,1105233,85556
1618,3283833,1886356,41150
1619,998253,796021,5250
1620,4588320,3982440,690023
1621,3492319,3917621,1020
1622,558571,3113681,240
1623,1813311,1042307,426
1624,4452445,815993,9647
1625,259091,4687278,89336
1626,2664082,82340,427140
1627,1148355,1142141,384735
1628,1486685,2635867,561432
1629,1086513,1586234,3080
1630,4689344,2803220,1261145
1631,911669,2442177,13175
1632,4109446,2322663,39264
1633,440942,3263590,70
1634,4031191,2692426,40259
1635,3839027,3509400,1392
1636,1604735,1817126,20181
1637,3269084,137753,117
1638,1624821,4566668,168
1639,1395639,4467748,45201
1640,4392240,4085911,3040
1641,3035217,2815228,52
1642,621120,4490886,1029
1643,979348,3573012,2322
1644,4597942,2408952,1925
1645,4490242,4346020,39087
1646,4857356,838983,23372760
1647,1433583,146049,5478
1648,4121724,1229401,4408
1649,3329198,1801676,43884
1650,1922454,2405212,10638891
1651,331205,570353,9020
1652,3178553,2635295,4551
1653,4373282,2050610,39032
1654,206364,678525,7980
1655,1309887,3121740,146084
1656,2926583,3282169,8
1657,4105847,3050073,22284
1658,2028569,3391808,1248
1659,381694,299257,4340
1660,366904,3540943,1339
1661,3341092,838453,39312
1662,4768938,213917,1392
1663,4392592,2251789,9207
1664,4700777,2492280,32949
1665,3019958,2913438,2280
1666,953115,338263,50120
1667,3431400,1069044,209760
1668,191334,3397645,1485706
1669,1854613,3025335,5238
1670,2245414,2926500,59024
1671,3096596,1595656,19840
1672,3647315,2031809,3944
1673,4452360,1798255,368
1674,1055988,2289744,16942
1675,4695321,502697,481
1676,1729215,1432887,278604
1677,756454,1135187,448
1678,4825117,2791656,1187030
1679,4095564,1735521,2230
1680,453052,555666,4100
1681,660102,3217561,10878
1682,1314264,2037947,25424
1683,4283855,3106235,11536
1684,829732,3438447,17400
1685,1567106,2392359,15741
1686,2568622,4345793,18360
1687,847174,720538,20010
1688,4810264,3403903,337
1689,4544880,3882701,8208
1690,466787,2391386,8004
1691,2752758,4350947,865
1692,3033736,4180743,179804
1693,1534141,2365633,1615
1694,845042,4030437,191952
1695,3676081,3959120,11446
1696,4787400,821686,18630
1697,3990283,3661354,302760
1698,17605,505563,159
1699,13751,4421587,9680
1700,3492398,1981241,414
1701,4148739,4761195,23976
1702,125210,570302,8645
1703,2891857,2591738,13101
1704,2022832,1130429,148086
1705,610208,1513384,72020
1706,3318070,606201,320
1707,4148694,2251958,548127
1708,2231843,178786,111
1709,4739917,4607148,1060
1710,3959639,1973051,10672
1711,4669595,3942609,288600
1712,3385671,4820082,442
1713,2719963,4302399,344
1714,425140,4144645,8772
1715,811736,679375,2304
1716,224552,1374319,462430
1717,3865877,1895005,1611701
1718,3749748,1864273,2940
1719,1932926,4091993,16740
1720,2413519,2739191,228765
1721,2887639,2351112,18275
1722,1881600,1918826,56640
1723,1564261,1707715,675272
1724,3383620,3114204,12138
1725,1989230,3787881,450740
1726,1392717,297879,237
1727,3579607,550309,123400
1728,4337184,314924,272648
1729,1498781,717384,25200
1730,4772392,2426217,23989
1731,2569366,2811227,2585212
1732,1815785,2417200,685
1733,471758,4302865,24336
1734,2260742,2734382,135408
1735,4415061,3416132,33418
1736,2655904,649460,6731
1737,2175599,2833722,4556
1738,3609793,4595137,4508094
1739,375041,4290690,768
1740,4675165,601790,27
1741,4256381,3173632,230656
1742,1890475,4304551,11700
1743,3191384,1342069,2021073
1744,786633,1561146,627
1745,1464372,1513821,10584
1746,1411730,4078738,4101
1747,1542411,3288760,756
1748,693550,608504,300
1749,597807,2702066,2040
1750,2678495,1754969,38
1751,1075781,4861584,78
1752,4679257,676325,44239
1753,1479593,4778717,1539
1754,715543,1190849,11
1755,1564470,2728864,22704
1756,1761110,1372302,6771
1757,1749305,532201,62608
1758,3473063,453257,1880
1759,2238031,2167783,43554
1760,420757,1383958,7228
1761,39963,4107823,14700
1762,317792,3561262,15664
1763,1955823,3652986,114114
1764,2866126,3512945,110316
1765,1981615,3096828,24600
1766,1126100,4651509,65934
1767,1746838,2163256,29862
1768,1589761,1672121,103800
1769,3641679,1888220,3717
1770,3644646,655904,216
1771,75278,571370,24600
1772,1514802,532005,400
1773,606263,4113203,4704
1774,3821504,1164968,28
1775,2271643,744460,83538
1776,71051,3135365,20020
1777,3207225,2264276,47608
1778,1382021,4584115,1904
1779,2415668,2497732,2460
1780,1658177,4244067,39840
1781,2525590,2302024,16692
1782,4846491,1957800,508375
1783,3198433,3823314,18972
1784,1220879,3474208,24192
1785,2938250,4639113,176256
1786,3052079,1956921,11914
1787,4732190,4205082,464
1788,2557232,4004905,12920
1789,183960,2918923,10
1790,4113405,606898,180
1791,3209795,2480532,313584
1792,2651013,3145551,66889
1793,2811239,1424079,106400
1794,2825828,4177994,267
1795,491128,3927131,2270884
1796,4674719,3728872,485184
1797,552835,4759522,116
1798,643076,101940,5104
1799,604305,1032219,14304
1800,1958906,3744413,440
1801,3733752,742195,7305
1802,1594321,4625087,8140
1803,2911862,3784408,22815
1804,349869,2627884,748
1805,651837,4058550,796878
1806,954573,2008925,57
1807,4565915,2813261,1549710
1808,1465907,2324744,2775
1809,4472299,1521471,2192
1810,4581538,1067585,978
1811,3854337,4422019,42
1812,2584054,775014,42612
1813,3852631,3314478,2469976
1814,1630423,2882556,757536
1815,1341966,1540392,118726
1816,156140,2340324,1245
1817,2871053,427804,70
1818,3487420,647017,1449
1819,4643656,3344354,16492
1820,1396795,1077087,3352
1821,4751399,1980682,490
1822,3433219,2606817,130858
1823,3698761,3817973,122
1824,651351,965340,5
1825,116792,4746621,1404
1826,4851349,3793469,72261
1827,3541658,1279255,6750
1828,3721646,621120,200655
1829,4528745,2248684,2352
1830,2112778,316192,273078
1831,1326251,2031436,45100
1832,2806721,877557,118650
1833,3838303,2223881,79680
1834,2363814,2659912,46115
1835,1300976,1429102,62304
1836,911200,4402869,121326
1837,577443,3317934,161229
1838,4712508,4863728,150
1839,3027281,551353,21901
1840,54650,460554,6138
1841,194816,4624000,64
1842,4413981,2620518,137
1843,4223704,4132261,222525
1844,4475147,3779460,342818
1845,2000270,1508782,660
1846,2579609,13060,2436
1847,1994441,4322508,1155
1848,2402800,2571618,199
1849,1368123,2205635,1140
1850,2607301,2616078,26760
1851,3981172,319752,135474
1852,3337108,966537,119996
1853,3925727,49513,836
1854,4355658,4383159,648
1855,1053284,3420607,51
1856,3278182,3593261,104992
1857,4562839,3588368,840
1858,11382,4090004,13987
1859,873234,478223,67680
1860,2665930,3201769,3502
1861,1327147,726135,3960
1862,4074547,2309358,1134
1863,1298087,4530678,13595148
1864,2506906,4594495,3365
1865,2368011,1910808,175230
1866,4589904,3332036,8733
1867,1327726,1118381,144000
1868,3056912,3145991,101727
1869,1471887,2903733,2256
1870,4338398,13205,94
1871,4492909,4131105,37088
1872,2148641,4595137,4468722
1873,3971074,703386,790
1874,892624,2299269,348528
1875,1322684,4403612,7990
1876,3370067,615287,1554
1877,3458832,4692905,216
1878,1249542,273881,64288
1879,1681099,4334809,4680
1880,4518416,99929,8785
1881,2661137,972491,29176
1882,1310018,1561441,39751
1883,2895223,1124558,477
1884,2636592,2664795,284
1885,4787702,3377747,11484
1886,4494681,2715756,5265
1887,619552,865515,45225
1888,2172433,1885045,7980
1889,995638,2582486,99093
1890,4420255,54157,81
1891,4079340,303517,840
1892,2890110,1502867,492
1893,3644551,1776703,4932
1894,4809745,1181373,3375
1895,4583413,77641,92192
1896,4787857,1488238,3116
1897,3645574,1560542,4900
1898,2058071,4084063,27
1899,2606444,2701313,160768
1900,1607095,1480497,1176
1901,3231393,4651578,546
1902,3287996,2553811,6970
1903,3142808,1776900,38630
1904,123691,2655328,392
1905,4750696,361098,992
1906,1551800,1103366,3330
1907,1782783,4078473,248392
1908,4333506,4342717,85852
1909,2760117,4554989,154929
1910,2791981,2833751,6548416
1911,1587881,6364,5104
1912,2932022,2293392,4923
1913,2126605,6993,1539
1914,2307585,4334486,8823
1915,1419142,1312108,1128
1916,1481222,368896,48870
1917,826234,2402159,4571865
1918,3792997,3552185,5352
1919,1676412,3763328,525696
1920,599191,4727735,6698
1921,1918795,580211,62
1922,3401659,4743417,152478
1923,2585410,1433994,12168
1924,2461372,226721,426
1925,500201,323760,2425
1926,3042280,3992147,3311
1927,812338,2053308,3999
1928,4442302,4771880,5916
1929,1596155,959021,23452
1930,1450153,4522901,3311
1931,3083369,4586599,1554
1932,4815111,1432601,9780
1933,4298943,4586468,539260
1934,4135447,4851085,2686
1935,3353466,4294640,110473
1936,691232,401008,130205
1937,2803469,1823430,70560
1938,3869568,1608239,511
1939,1395530,4517152,122
1940,4026923,12423,666
1941,3560845,3289985,992
1942,2089379,163021,680922
1943,2762481,1995073,194886
1944,3079359,4074179,147220
1945,261562,3418707,968610
1946,2436439,260826,4284
1947,2795446,1237846,250
1948,1497370,239765,6540
1949,742548,1910658,26280
1950,3510459,3199855,20
1951,113182,3410823,24050
1952,1771597,3195222,630
1953,4910,2882216,504
1954,3716495,76607,91025
1955,3772598,877100,835
1956,878959,367410,9480
1957,1848218,1725177,56
1958,1914584,1103581,238976
1959,821120,4561588,16010
1960,785893,946768,4632
1961,4822389,4387818,7383
1962,4348238,991193,18
1963,306334,975007,157
1964,434593,64001,399
1965,3275002,1005459,1128
1966,701764,3193834,1274
1967,3991988,4003532,10807
1968,3928545,2277157,108500
1969,4066452,2534272,21721
1970,1776036,4742630,15880
1971,3492763,4771141,188210
1972,2018936,163021,149325
1973,4747431,3823314,9792
1974,2833239,1568315,6525
1975,243018,3557617,175
1976,951929,2631245,6200
1977,2476925,208465,665
1978,630604,3190741,31175
1979,671895,2457054,595
1980,2220766,4084740,118904
1981,1270278,2941537,4620
1982,3532343,3627773,61
1983,3131854,1027488,2655
1984,90690,1457589,117
1985,914875,1990908,1386
1986,408123,1696091,164
1987,443904,4737571,144072
1988,3080022,947544,470
1989,1423553,1525727,152
1990,3578368,159177,350
1991,424411,3625439,47138
1992,729364,1905523,16701
1993,1836328,3815840,44838
1994,3001970,3578789,98441
1995,1909985,1139895,17894800
1996,2361218,4135197,95226
1997,4418968,4395510,13884
1998,3742712,2221607,56007
1999,695432,253467,12138
2000,987119,567045,1938
