0,source,sink,summation_neighbours
1,2184483,1300190,148
2,3151356,1452193,643
3,1579396,193159,211
4,1406432,2481036,119
5,2389638,593017,503
6,228206,212805,1053
7,1237964,879115,498
8,3318124,1840575,129
9,4522929,1552625,505
10,3406737,3781412,32
11,1567983,3008412,176
12,4370932,2906415,107
13,286240,474307,565
14,4796773,3115614,154
15,2207765,4354226,1508
16,1283384,279636,208
17,368544,2431466,2311
18,3921857,4512147,70
19,49037,3175009,1016
20,61633,1064392,51
21,1459453,654182,69
22,447597,2736867,2268
23,2121585,3413796,46
24,933347,1131654,9063
25,3733033,488937,406
26,3023014,2817859,362
27,1404783,410037,226
28,1886158,3656408,444
29,3316731,4579088,611
30,2369031,1860112,684
31,2850334,755258,1714
32,4606553,2879440,51
33,3013323,2064734,4618
34,1653770,1190291,31
35,4540325,202508,294
36,4189431,4404645,421
37,1590268,3824559,21
38,2717491,421433,527
39,71500,2156609,73
40,2422900,325927,159
41,784291,4194667,754
42,3836480,4207316,311
43,2570161,3824301,40
44,2574465,1663756,544
45,195757,4324049,2911
46,3501584,624570,237
47,2342205,3520804,267
48,2067826,727427,27590
49,4787138,2365654,133
50,2907109,1536763,224
51,2979388,2811074,2845
52,2773866,3562714,1043
53,3467832,3446682,273
54,209191,3142365,4132
55,1630356,2157727,232
56,662368,853327,392
57,3151576,4278188,903
58,2671870,4797151,116
59,3536080,614747,1560
60,2541283,1592987,1039
61,3848381,903626,373
62,811898,3593324,41
63,231650,4016607,1151
64,1305368,3362916,509
65,3275981,2183299,220
66,3863858,4710588,1809
67,938826,4543397,670
68,4705108,2629120,515
69,617435,2721940,874
70,2022904,1202849,205
71,4797294,3735230,2004
72,2450052,2549546,129
73,24523,497993,12450
74,4576342,1043689,416
75,1875903,2638090,35039
76,930131,1305103,507
77,3872353,2516690,9988
78,217062,20388,762974
79,1628755,1120745,83
80,4033899,2555403,2634
81,4600810,4690043,160
82,2852252,3901568,2138
83,4128817,963520,1975
84,4603833,3538910,372
85,2665129,694605,121
86,2506289,2034494,226
87,3755683,4027183,52
88,281045,1477566,293
89,525339,4345638,254
90,2872550,3571822,474
91,3996001,1317062,295
92,1630993,2942968,35
93,3519436,273127,169
94,1072548,4516657,397
95,3385377,21536,882
96,1698628,4155714,83
97,3421725,3521843,14883
98,2930692,138960,109
99,3738701,228193,430
100,1729154,1781627,237
101,3763685,3856235,64
102,2141424,1303746,115
103,4842336,3181505,287
104,258948,1471608,191
105,721572,98932,347
106,1943690,492035,1470
107,3345713,3762682,91
108,2924614,3377440,3486
109,4112224,1051087,2012
110,4110767,2609871,130
111,3922567,307495,146
112,558917,3683147,4189
113,678764,1677837,166
114,4064525,2308522,471
115,2628408,2510362,946
116,4088436,483355,79
117,4294640,2123719,1012
118,1062857,1809556,204
119,3287551,3077116,150
120,2921487,2416082,241
121,2206017,4727122,157
122,1601895,4424787,46069
123,4538043,4347620,133
124,2494024,1709398,59
125,2380958,648703,86
126,3786904,871332,86
127,2705657,852814,722
128,2867762,2832683,31
129,4814135,2585300,80
130,1488632,297642,1984
131,1789514,2955720,44
132,309474,3636323,99
133,4115547,879781,498
134,4771179,77677,422
135,1541973,2681572,1428
136,660741,517853,56
137,4483428,1765722,129
138,2190643,2947163,187
139,2519581,3743967,510
140,4202801,710142,136
141,3417866,1598643,157
142,697388,943197,1954
143,3899173,1397388,13
144,3150672,3974467,169
145,4449837,3538291,11057
146,35548,3549289,77
147,2707088,2136581,253
148,1586232,3610552,10807
149,1735883,1901143,2794
150,2968005,1495600,675
151,2873622,3664409,85
152,3691603,3188162,494
153,1655116,365416,612
154,2312268,4219994,938
155,2349671,204712,130
156,1026366,792812,2788
157,3417564,2307183,452
158,3687290,1281414,1086
159,3327760,600051,91
160,1299905,4474903,91
161,3881924,783583,189
162,111970,2294803,1080
163,3736271,433745,114
164,2807537,2703992,111
165,934509,1653156,10945
166,4662733,4764472,115
167,1486892,237461,284
168,3026000,4750153,38
169,2436861,4683579,277
170,2295601,494551,18
171,2333576,4066830,467
172,1599720,3262474,1780
173,600846,64799,139
174,1285894,2023333,383
175,1590882,971074,670
176,357381,908061,84
177,2345122,743875,1133
178,1164538,4273253,1189
179,4624816,1789251,234
180,470204,3779626,297
181,2266717,1367613,188
182,2826267,928903,2173
183,275804,1725270,203
184,3980329,4675165,37
185,41540,1437899,485
186,1810899,2882556,2481
187,1230845,2027917,52
188,2472742,3567788,306
189,4174076,5480,620
190,4819127,543061,265
191,1512639,1757836,746
192,594370,207942,60
193,4066375,4645447,432
194,1326339,639157,2743
195,1429554,3308151,54
196,2622002,3723250,38
197,3341679,524043,1516
198,2241048,4039025,358
199,2529024,1545613,19
200,644069,2596251,299
201,1813318,1054633,3699
202,3655158,37400,7073
203,3418483,362485,135
204,408243,4594685,690
205,2105491,3781492,279
206,738704,4658228,71
207,2535426,1266511,3907
208,3014450,2569650,860
209,2635308,3237136,349
210,2749135,3229933,356
211,1147295,4463463,28
212,495613,3009965,630
213,1376558,291125,105
214,2021517,4634127,732
215,4519174,520390,574
216,604125,4360758,56
217,3828465,3963629,189
218,2957639,4578655,3977
219,4325972,1755579,35
220,1039233,3674322,283
221,1901862,4840530,362
222,2408015,1321954,265
223,4781379,52592,137
224,4583761,4572486,5221
225,1476555,4751012,1644
226,1636856,4208957,8457
227,2038215,4162950,337
228,4216378,2118739,340
229,1136996,3640654,318
230,4178366,3164163,159
231,986629,3346537,906
232,2303520,663713,628
233,4708115,738568,32
234,3769409,1960538,1434
235,2844371,3392930,295
236,1320291,3768226,421
237,1817011,3254390,557
238,3337956,1186643,392
239,414390,2341215,754
240,1185153,4799044,296
241,4182445,4255166,91
242,1429988,4034214,847
243,784476,4743804,3269
244,1567741,2167167,4501
245,378193,3858906,50
246,3193737,852669,76
247,222154,1096330,4580
248,837136,4092142,51
249,3001803,1421121,165
250,4497472,970834,38
251,78652,876913,3404
252,1740390,2913793,60
253,4608977,2576561,84
254,2146076,3373346,458
255,4043972,3448830,2751
256,2066994,3418202,1483
257,559972,3695276,595
258,2427345,214090,160
259,1635607,4683806,503
260,4435111,1900279,85
261,541055,1731912,2508
262,1745528,2194526,520
263,754926,762964,1401
264,2093716,3996594,726
265,4640383,987793,14599
266,4298408,420656,1388
267,4725488,1747009,100
268,2264477,2991814,28532
269,4421319,4161763,694
270,4007453,1159092,376
271,2690596,3915235,1690
272,3602451,2065513,579
273,504324,2747208,1400
274,30083,1972008,121
275,1025903,2722816,112
276,2607838,4292513,3309
277,132853,1928713,3710
278,1841790,1805282,250
279,699145,2039550,1902
280,1632938,2917594,317
281,740264,775607,246
282,2326042,3593013,1595
283,2597890,4398241,328
284,4347620,3709618,56
285,2956481,3808878,61532
286,2421138,2173151,204
287,3325878,3941234,138
288,3969780,3375372,123
289,641527,2264701,824
290,3750870,214372,411
291,3136757,2292933,117
292,194271,4138613,29
293,4837795,2032867,580
294,4532809,3889649,64
295,2019222,2153519,8
296,1047207,311498,192
297,2970262,1729215,3993
298,1221209,2747564,4
299,268995,1173364,119
300,4427946,1339329,418
301,1607490,654860,136
302,1460872,4581556,127
303,2019845,4577899,864
304,1704367,3164073,277
305,2745910,3104940,42637
306,2133929,3867352,243
307,3871942,4799962,673
308,3257910,588337,2985
309,765302,2762989,1244
310,3960835,4669648,335
311,2629112,1529484,783
312,2073048,421699,75
313,4524669,2949748,1083
314,144060,3080263,129
315,3764504,3328639,294
316,433097,4052222,135
317,1986630,2951260,805
318,2398278,209191,3998
319,1974705,1581879,59
320,1443500,1164411,1556
321,3550092,3753484,364
322,3107199,690742,862
323,2019781,636552,21
324,3478606,1281736,234
325,919613,1735123,392
326,1432948,4331707,968
327,4782388,1065417,195
328,596337,409262,101
329,4106517,3002541,7405
330,1065985,4673981,79
331,3757808,890719,90
332,4865292,2472812,173
333,1817278,3209863,130
334,2535495,1937230,182
335,1524949,2845319,3933
336,2699583,2224526,93
337,3589315,1592667,356
338,1501709,3370956,29
339,2135899,3893892,3252
340,3380008,1519730,169
341,3120092,4618432,170
342,1322906,784341,241
343,155804,834066,81
344,56567,3302825,1493
345,432620,112551,461
346,1239755,165055,1106
347,2314931,2658417,14842
348,3043233,857634,53
349,4444751,719172,184
350,3144674,3401173,391
351,2681125,4245138,416
352,4355412,3494128,458
353,4114591,1582028,619
354,4099850,924833,417
355,103916,2808644,350
356,520324,3222831,2412
357,3443992,280322,376
358,2008046,4864558,759
359,1981993,463338,2326
360,3004094,819288,97
361,4467857,2374812,572
362,1143671,3610611,230
363,1114213,140603,2273
364,2283170,3108276,421
365,3039452,1019859,758
366,298011,2396903,2447
367,3491637,3299008,182
368,4345638,1914315,213
369,3193210,370765,58
370,279329,4093834,104
371,1091584,977565,1359
372,4310710,290077,421
373,3725239,1818269,1109
374,1799182,3537761,1073
375,4366747,1672058,551
376,2921853,1063377,204
377,3210136,2558297,118
378,1618265,2401545,69
379,335479,673405,57
380,2393127,315060,70
381,2305619,2629421,201
382,94280,1191204,237
383,3396488,1921136,593
384,1184100,1487302,4206
385,3561479,3836738,326
386,2920873,2227745,2295
387,3576624,4268303,1572
388,527595,1894941,636
389,919165,1264290,30
390,4014552,4632479,248
391,4135084,17392,1938
392,245914,1905607,294
393,2618052,4188938,249
394,4836378,4536767,296
395,437876,2566889,473
396,2497998,95673,78
397,1036152,502401,364
398,2585063,3153339,35
399,311952,487639,4080
400,4260998,2255438,75
401,795918,448525,851
402,2720299,2127901,164
403,1459605,3749748,350
404,3547614,2860781,312
405,3335130,438964,165
406,1933312,3256959,172
407,3564448,167816,497
408,3432616,2332893,3294
409,2633605,1933805,329
410,2832099,593309,1316
411,2366431,4838273,2661
412,623567,2164839,932
413,3994516,1354897,86
414,2315048,2033602,434
415,1637898,4121411,12893
416,892193,4336282,1397
417,4578655,3601327,3778
418,4152864,1994852,32
419,2533205,2449296,63
420,3035063,3658576,89
421,1063789,1199206,13
422,4717616,489300,288
423,3652352,1702417,396
424,1024682,1315850,115
425,2587055,3472626,597
426,2086863,512769,1451
427,1493935,2241589,38
428,941692,3517094,254
429,2912801,871888,54
430,3606548,626239,9166
431,2200735,2157328,49
432,3544260,2618757,144
433,1862492,54381,80
434,3445194,2976923,17
435,4114513,3383210,46
436,3744513,1129682,54
437,2055183,1190704,160
438,3592571,377102,1444
439,484479,352855,1888
440,4518583,1939151,2904
441,2741551,3680201,383
442,2589986,4298355,36
443,3446506,3393730,170
444,1080614,1486892,841
445,3819586,3914665,51
446,2232341,2167763,360
447,3663392,2116501,131
448,135756,1415397,79
449,1304570,762511,468
450,3268179,1312177,1079
451,1034420,2582486,1213
452,1395712,207348,1638
453,28366,1841875,944
454,628921,901150,63
455,2156930,302849,205
456,4742865,4011635,455
457,579052,4286269,282
458,3622805,2239775,112
459,1097755,19760,188
460,4681267,4047729,1995
461,4214037,1124684,190
462,3328824,4725447,3504
463,1632157,3441172,232
464,2733872,2966772,781
465,4402871,3812818,966
466,1807180,817365,420
467,2763391,4023498,123
468,1626617,2819030,696
469,4130943,4188416,682
470,467667,4000293,504
471,585290,2615912,191
472,3437795,2770964,1528
473,3206172,4186227,323
474,174802,3795595,4190
475,4371955,1776702,255
476,2810159,2277589,76
477,2044305,2746365,9084
478,2952533,3517217,974
479,2914124,4682995,23
480,61530,3335540,902
481,4591296,1929062,282
482,4428300,2480985,521
483,46090,1450214,1257
484,659769,20462,188
485,636099,1164072,144
486,2407305,95886,188
487,1475238,1917370,2973
488,550624,1332575,415
489,3206394,2933565,292
490,3940380,3051327,6961
491,273164,1413055,3129
492,1957538,4839138,134
493,2749267,3859663,107
494,173719,2037535,2445
495,384254,3003794,425
496,410127,290758,67
497,2586954,1166818,205
498,172972,4299050,22
499,2422604,909677,244
500,4326329,732416,127
501,3476921,4329139,398
502,2346396,3113197,57
503,1397316,1548423,1539
504,4590349,4475906,1935
505,4462368,1729215,1071
506,1327440,2866511,853
507,505918,80983,785
508,1041665,246307,122
509,1619831,4149096,123
510,1602676,4821149,308
511,4498800,2530095,75
512,1220744,2494359,377
513,3216894,2917270,10
514,823636,3470096,1297
515,2464404,2214631,275
516,2225928,937883,83
517,3874174,3660958,130
518,4510312,4641648,50
519,1772905,1164032,183
520,497126,1813537,269
521,3956535,1366076,162
522,311395,4517546,84
523,691053,2551093,1964
524,1202094,4419310,110
525,2511862,702114,456
526,1537593,3531111,70
527,1809060,2755105,26
528,4561995,4101406,1117
529,1183256,851822,847
530,2259583,180886,59448
531,617956,2413499,2494
532,1294163,515021,53
533,2063062,1342577,439
534,1800416,2888042,5
535,4691181,4610787,59
536,1834142,3836704,574
537,949172,2071647,207
538,2536161,4132261,3034
539,625451,3547349,7162
540,2290078,107998,4108
541,3494888,248970,45
542,268519,2884416,43
543,158115,4633431,550
544,4699529,317786,761
545,3256646,751974,205
546,3725632,731420,156
547,2171358,4477620,488
548,931647,1765411,165
549,2744198,3642845,422
550,1765731,1258166,825
551,2649630,1742482,1941
552,1641756,2486979,850
553,4036817,1703634,225
554,3849807,2866908,219
555,1167211,1840412,1406
556,4766814,3298954,561
557,947762,3341056,30
558,3136926,4534450,121
559,3730870,3175312,573
560,2690278,3761780,853
561,2058283,8356,215
562,2646810,4575002,89
563,3633833,2573172,190
564,4247331,82320,6666
565,3983042,2701676,428
566,2093176,2186222,133
567,1412983,2528294,90
568,3920505,4846084,859
569,3320046,4335591,183
570,1262238,1048746,389
571,3059183,1766159,443
572,1495241,4548619,430
573,3717996,3452178,5167
574,908046,458466,763
575,319732,3806748,742
576,748200,1665032,283
577,856916,2741764,6337
578,2695621,4579955,61511
579,4016649,3678951,937
580,3699726,4642092,151
581,4599604,1537367,598
582,4323755,1211774,14199
583,117178,2785207,561
584,2934603,2472584,1490
585,1432887,2529373,336
586,4493215,2784278,152
587,4159232,4217711,2826
588,3756910,1193087,1641
589,1648871,4590454,155
590,4458811,3019604,10224
591,3148390,2002788,259
592,769445,2986095,292
593,4542296,4029056,310
594,3097604,4305969,44120
595,3135278,1898689,353
596,3490385,2303097,70
597,2880138,1230311,325
598,1799854,1094216,116
599,3441024,3198893,144
600,1712592,256053,2841
601,1213060,3485270,1298
602,674419,1687481,266
603,2253113,4199739,1201
604,1687100,4699308,289
605,1687914,1492115,3872
606,4467644,4597686,2007
607,1287150,4587728,204
608,885888,2401150,197
609,4059232,1934540,3266
610,2167353,2927967,1032
611,2431787,2243309,1968
612,4066935,3061931,371
613,2912103,2616761,25
614,1451983,4398710,118
615,1760195,3815591,272
616,1268923,4185459,308
617,3584579,4561007,208
618,3210823,4593452,31
619,2679215,4079576,263
620,3308965,1499488,130
621,1308257,1360090,240
622,4556619,524247,164
623,3464435,3158801,201
624,4834181,1615948,10
625,4548696,2910685,361
626,1486569,380005,122
627,1221273,4569835,229
628,1504438,1269021,1343
629,273892,4626132,609
630,4312824,3833152,3290
631,2240718,1337977,61
632,1187945,4097285,2070
633,1628691,4570236,25
634,3764155,1080529,3089
635,2259251,4196528,73
636,2299390,1491019,46
637,1049492,398291,3880
638,233391,2965375,110
639,717673,3995418,369
640,2941407,2964315,518
641,682761,1558128,152
642,4352101,697201,500
643,4239933,2533625,77
644,1068581,2394046,175
645,1176065,3366522,243
646,2913818,4272458,1138
647,4159234,597760,201
648,4818958,708203,1780
649,3192626,1092178,737
650,3438286,4629375,607
651,879908,4254453,872
652,1954387,610672,70
653,1452,3373263,301
654,4207021,606980,577
655,1413126,2746611,977
656,3149884,128838,150
657,2598830,299664,167
658,3017206,948009,8878
659,970600,2125683,672
660,1211741,4121054,146
661,2835234,570107,582
662,675370,1471569,73
663,4610268,1275066,28
664,1584806,1092555,986
665,2904717,762869,28
666,3892708,1170664,358
667,3976780,1552898,67
668,1808958,3153165,4950
669,3293844,282738,1789
670,2027803,2619844,929
671,250137,2976917,340
672,4418160,3626136,3451
673,3372601,3785031,970
674,3318630,701503,811
675,3961269,303000,173
676,1978642,1969680,228
677,1285540,3833101,47
678,4399173,2631408,288
679,1225417,3677077,30
680,1917370,970119,657
681,716749,4720136,281
682,2164938,2616090,1120
683,4021250,1378011,3977
684,1898939,2124762,80
685,725231,2353568,284
686,1072647,2289244,237
687,3316884,1440533,625
688,2308616,4597182,137
689,2468610,1173627,169
690,4280660,4011543,155
691,4358480,2619379,85951
692,4247587,4266094,1364
693,1362833,4644467,199
694,4849080,384166,12640
695,2933517,1722935,567
696,251110,4829418,280
697,3046801,4326881,1295
698,3300747,409240,146
699,2205989,736972,650
700,4759196,2959134,384
701,352777,1582441,301
702,4732444,4677915,936
703,1450478,3800540,44
704,3345046,4255985,10204
705,807609,2070084,539
706,1893341,2401643,828
707,3968198,1413750,241
708,3502346,4395778,707
709,3424526,865480,343
710,3997092,847152,252
711,871619,88771,1357
712,3591727,4128045,2658
713,812874,2576794,89
714,2967237,819090,765
715,2683846,1765869,294
716,3933860,4187117,26
717,3755255,3173162,582
718,4479676,2054407,105
719,1092129,4740893,2271
720,2978353,487236,1997
721,2831459,3748022,4523
722,1861711,3429791,74
723,128268,3306286,104
724,4447307,3657540,556
725,4583130,4195270,322
726,1903802,3756910,1658
727,1226964,4506897,418
728,4122877,478112,211
729,3531100,4818685,1181
730,4722544,1565469,1745
731,492776,2057832,249
732,202406,1370056,200
733,739365,4478927,232
734,3130360,3381180,602
735,3971343,774221,59
736,1639225,497594,336
737,3080878,3107755,328
738,314720,466302,188
739,4074945,67911,138
740,4627005,3010945,395
741,3763328,2178305,8518
742,265346,3088232,4367
743,3446384,679574,388
744,887938,3994705,24
745,3223920,2516690,8503
746,4858799,4350911,709
747,4510458,1127255,272
748,2270094,2546813,74
749,4060750,2393523,272
750,4282575,3861442,152
751,3251045,3297002,602
752,3031208,664506,106
753,3434262,3173953,274
754,2226291,4082571,38
755,2032980,4096612,371802
756,4143745,683678,17
757,2220133,979255,1686
758,552690,1513515,801
759,2089216,4666032,114
760,734968,4266986,459
761,748396,3222295,103
762,3473274,4010152,1073
763,401726,1700117,173
764,4205304,4326349,1337
765,713973,3737538,17
766,268979,3902256,167
767,1774406,2445713,247
768,1566271,3727886,152
769,1747009,542316,144
770,3760607,1428975,72
771,2062066,3937192,853
772,2469227,2769934,64
773,463854,2442529,1368
774,3369814,1205255,97
775,268091,1807947,72
776,3561896,257577,917
777,4181239,2507601,95
778,745210,3851609,284
779,4247950,4173475,265
780,4611286,3527826,323
781,3094990,3311965,4252
782,4459514,1633484,258
783,2814285,4198583,3394
784,2152778,2815618,4050
785,9202,1609289,311
786,2858107,3025604,1612
787,3881850,3284336,142
788,1200874,703387,77
789,1730864,4776931,552
790,1976020,3906437,2066
791,3478937,4411245,723
792,2606468,2151625,1750
793,810847,3601552,66
794,2518054,3994251,1210
795,4730476,3723065,1050
796,2675276,1802531,128
797,274343,996371,904
798,3650803,3477517,806
799,1159131,3007594,277
800,4660393,1063328,470
801,1430292,3755407,259
802,4855215,3292438,1507
803,155341,4215650,1813
804,4791237,668241,1825
805,504848,1473701,1467
806,812688,440093,24
807,1218819,4522612,37
808,904699,3825480,270
809,3371729,3273144,2689
810,2518902,2524567,1025
811,2608048,891969,352
812,133167,3827835,1111
813,1735998,2685390,261
814,1851023,2661301,940
815,4223007,4651979,2092
816,2978385,4096612,372104
817,2982118,2890172,1831
818,1985096,3281495,175
819,2872865,772280,7071
820,1730546,2700195,136
821,3759171,3267798,351
822,1474194,1736248,482
823,136049,1205898,384
824,779856,2791664,917
825,2976069,2589511,528
826,56121,3118599,47
827,752326,4027234,165
828,1129405,1073098,134
829,4219582,352759,144
830,67800,1774334,2060
831,1562061,3275980,77
832,4469172,3056997,761
833,1632644,2747148,288
834,2103452,2394094,63
835,1792282,1275575,287
836,2337068,2777919,2146
837,383188,487074,149
838,3624273,1694426,938
839,1927607,3784976,275
840,2564846,3871166,48
841,469289,3658913,935
842,3579512,3070342,80
843,3609789,1916723,195
844,1005255,2558769,299
845,4820881,4005729,3881
846,2666350,3968888,1554
847,979653,1836007,2754
848,3156444,3459373,172
849,3454223,3088232,3328
850,1691726,1990675,15
851,1938140,1764317,265
852,2920273,123591,124
853,4778699,1201096,343
854,267534,1380378,386
855,1135603,2685283,5861
856,4743153,535280,278
857,4164647,4571277,1347
858,3251800,3853574,1346
859,142496,2824480,338
860,1353165,2287915,454
861,4721192,3288243,213
862,148935,1140025,155
863,754986,4625985,2381
864,3100893,2493630,216
865,1456698,2760565,91
866,3167544,3065172,988
867,1615945,2471103,128
868,923082,3893890,2004
869,3615734,3970114,53
870,2299912,1008064,2758
871,609330,1397316,1851
872,2338838,4834648,175
873,2017826,2903363,278
874,1049150,4124480,3263
875,2608376,3824501,285
876,1482666,1660395,6966
877,1306100,1678282,53
878,2826278,3611999,416
879,2395078,2721855,164
880,3680790,2927670,241
881,4272458,151153,1096
882,3596185,1595754,98
883,370525,4291780,2531
884,2226097,1974361,527
885,431391,1102747,156
886,300097,726929,281
887,750926,2586375,20769
888,153480,4192365,106
889,3506025,212805,1109
890,2452484,2199228,55
891,1233851,3304718,336
892,456126,2103578,85
893,3286368,1614313,344
894,759809,1677060,173
895,3538278,1922398,95
896,783972,4757627,137
897,2085193,3886160,132
898,623444,2262983,504
899,1219418,528928,224
900,1998627,538998,486
901,573693,3400944,11118
902,1101947,1959052,25
903,3887171,617576,263
904,4093525,4161490,141
905,1711569,1503250,330
906,1318170,2766614,158
907,2915489,2434223,170
908,4713292,1735687,241
909,4342160,4836932,93
910,563322,1340111,1330
911,922949,1049281,1165
912,1455727,1967550,240
913,4347727,2401865,477
914,1779478,4553620,49
915,820951,1133567,5621
916,1295223,3606238,232
917,234766,1989292,534
918,495684,2052579,356
919,2604474,262528,1596
920,4457096,3095483,61
921,3225386,1483950,1015
922,3959449,2151517,138
923,2695091,2128045,102
924,2245867,2784159,33
925,1719345,2177982,78657
926,3795465,4690299,314
927,2902003,1374445,6712
928,1895458,1253026,2799
929,888120,888836,19399
930,4866498,2486525,1729
931,184687,4696690,4508
932,2871308,1064883,503
933,552693,4180588,501
934,460696,978745,173
935,3721072,2717219,179
936,242742,637362,171
937,4147170,3324817,379
938,1299015,127123,1699
939,833087,907052,212
940,137437,4005148,90
941,2474997,2999710,196
942,4137763,2898182,101
943,475232,3873884,68
944,2519600,3144985,360
945,851486,1253335,410
946,1484675,2555689,166
947,863325,3528798,813
948,865410,2270767,778
949,1588061,4013191,149
950,2975625,2363738,321
951,919101,1522214,43
952,3893222,4116046,262
953,4759359,824031,950
954,3298060,3649303,369
955,1618544,1613382,36
956,2324352,816913,2722
957,4499487,3804486,51
958,861461,2833178,325
959,2713798,2885043,512
960,2475214,343584,30
961,2815706,716282,1351
962,810494,785119,374
963,3743292,29959,78
964,4022436,2309371,486
965,1576600,3241571,286
966,3164595,727760,345
967,2342340,2371785,56
968,3318025,3258850,33
969,854025,2258576,187
970,3446567,621120,1346
971,3067879,2330265,4913
972,989455,1268920,1107
973,3517389,843636,1906
974,2506342,1857594,11335
975,863783,4395944,172
976,1632116,1528823,120
977,2359631,4515216,4107
978,3317934,3629131,751
979,2932339,2350634,311
980,927463,1514817,140
981,3598083,1721413,2631
982,2429371,9946,170
983,1039279,3411931,724
984,2895068,3918393,91
985,1854023,1483116,190
986,725415,2082827,92
987,1202857,1678405,577
988,3689215,1218296,309
989,4528705,1142702,755
990,4034438,711824,120
991,3782034,3556169,257
992,1014721,1666556,405
993,3270580,3395510,48
994,2324422,4426524,1080
995,1194190,345813,529
996,2625217,1996375,213
997,2824005,2211339,138
998,1576591,4166917,16605
999,380525,4664852,90
1000,3993072,2416078,89
1001,1094048,594102,1075
1002,4600134,624993,330
1003,2764263,2893207,81
1004,4177865,2882100,401
1005,4623321,4808386,1466
1006,3718908,4679904,2353
1007,2745387,3910839,59
1008,3195688,112647,129
1009,1813368,1770441,904
1010,2009930,4758377,10705
1011,1787403,2443214,371
1012,4726874,1894531,39
1013,127950,3728341,7368
1014,3794842,3706176,167
1015,3296250,3535207,607
1016,4811622,757734,9441
1017,3683564,2701054,237
1018,1283657,689821,1715
1019,3836659,4321162,10821
1020,1488401,3872415,34855
1021,31098,1030864,176
1022,2451660,1970291,125
1023,718458,3720766,274
1024,2002799,4114575,600
1025,2005497,2338090,253
1026,2118551,3452067,128
1027,3778796,254059,6689
1028,4348766,3973930,311
1029,3475909,1973662,49
1030,240027,3855745,4873
1031,4263251,2518627,106
1032,942440,2191992,355
1033,850459,456126,4042
1034,3716119,3025121,592
1035,988417,1104604,295
1036,5221,2981668,504
1037,2021460,243830,689
1038,4774646,1196225,1121
1039,2435515,143446,2510
1040,3941703,211323,66
1041,651778,2540894,333
1042,477326,3487516,109
1043,3861672,3647364,46
1044,4749201,2707342,765
1045,1255094,3818809,984
1046,437391,1021368,291
1047,4817391,4563454,90
1048,3910665,3985168,307
1049,1150281,4486106,786
1050,4858996,1582222,530
1051,4204662,2133364,24
1052,3656099,1380448,296
1053,4788248,2048276,108
1054,4716646,448823,62012
1055,2844962,2757201,677
1056,2161230,2087517,230
1057,3808182,3103806,525
1058,419149,4406065,45
1059,3847967,357466,678
1060,987441,824382,480
1061,4762542,2767142,197
1062,2914647,4841268,230
1063,1275299,1593758,522
1064,3757241,3248594,3366
1065,219686,2015738,728
1066,3249932,1068993,179
1067,2704231,3435043,370
1068,2691310,3640458,2531
1069,2581947,3759750,179
1070,1689039,3927655,578
1071,2694816,2207956,224
1072,4405100,2051732,2688
1073,3352123,3510148,7743
1074,2584682,3162385,239
1075,2680834,4254453,801
1076,3202510,2092295,84
1077,4468086,532755,168
1078,575651,4258315,99
1079,2883988,824046,2056
1080,4008358,4483821,141
1081,2939315,3155408,68899
1082,4839526,3833152,179
1083,3507863,177506,1327
1084,4619061,4289016,200
1085,4380434,3731768,96
1086,3213547,2706025,555
1087,4094697,212805,2400
1088,1927960,1579810,1740
1089,2640387,100754,405
1090,3852854,3785477,374
1091,1700836,350886,1324
1092,871160,3340066,256
1093,2772925,2456239,17
1094,1548013,1078672,330
1095,2242956,3882590,8464
1096,3603630,3489034,105
1097,1064556,3912526,25
1098,19760,5113,165
1099,740005,4510860,1781
1100,4765846,605639,136
1101,2609436,653633,397
1102,2766747,321857,4181
1103,4094066,1628264,213
1104,1246601,1897862,41
1105,4232521,2779791,177
1106,2554658,3240496,3247
1107,415254,3129186,457
1108,4400995,1187964,720
1109,2850445,1118530,210
1110,3729828,2294440,961
1111,3370783,4790649,42175
1112,3001815,74323,602
1113,3394828,2633571,1515
1114,117653,1995601,123
1115,1675257,4723059,54
1116,3897513,733605,162
1117,19484,749672,3428
1118,4284282,4516132,1754
1119,833524,3841591,91
1120,3879365,4329629,377
1121,4251792,57883,1200
1122,2835662,2379122,235
1123,2313654,3448488,1064
1124,3800305,4420839,127
1125,399565,2956791,474
1126,579536,3165162,557
1127,225697,982493,728
1128,457555,1106852,51200
1129,4857001,321177,420
1130,4655006,1987945,28
1131,3163774,3004014,626
1132,4498101,2926541,6135
1133,2807375,3247071,414
1134,3222303,1081619,417
1135,4736009,1835245,87
1136,401959,2653845,64
1137,813047,3009562,684
1138,2899933,536723,37
1139,4154717,2424452,4051
1140,1413512,3299579,101
1141,2940424,1904054,9063
1142,602340,107996,320
1143,1011757,3739100,19
1144,940042,4253433,43
1145,3905250,452890,308
1146,3066444,685095,392
1147,1325436,3202770,415
1148,125872,1465269,101
1149,3407905,765543,83
1150,2623580,2337217,329
1151,4211984,2596286,4676
1152,2349594,959247,30
1153,2061150,3837284,363
1154,1399058,1796644,23177
1155,12547,957725,1410
1156,2361673,2593954,287
1157,3305322,3169329,558
1158,702865,166306,310
1159,4311665,2499401,752
1160,4052122,2588244,122
1161,2187451,3356265,46
1162,2544398,4360802,306
1163,1164032,4779044,250
1164,4125905,723257,150
1165,3169284,2502590,364
1166,1360006,475380,146
1167,3158482,4350093,227
1168,3082677,3108490,304
1169,3139086,4343940,4587
1170,1044619,1269131,213
1171,2390374,4143831,195
1172,4779046,4399430,43
1173,4420475,2868440,501
1174,815236,2155768,357
1175,1676054,2238637,96
1176,842454,1847353,86
1177,153792,778021,122
1178,336290,87195,742
1179,2410512,3528096,3092
1180,3185337,1129762,426
1181,4086406,4539579,2650
1182,4174741,1729680,407
1183,1429183,19269,137
1184,1479088,3296983,118
1185,4139326,1040056,830
1186,4311720,3703326,466
1187,322366,3277122,145
1188,2153824,4079268,77
1189,3690840,3870459,272
1190,1351195,899384,11050
1191,1434155,4593423,744
1192,4315651,2905649,75
1193,3064744,4544439,90
1194,4034922,2589566,56
1195,2845752,3671414,1165
1196,3526944,4061862,824
1197,4376408,732151,213
1198,1949391,2153670,252
1199,654545,2988500,2913
1200,4223263,1730211,66
1201,1073493,777566,354
1202,566130,3072002,919
1203,2198631,4151869,2350
1204,193805,2692947,1233
1205,1076285,3926802,110319
1206,3623028,873318,99
1207,1313574,594010,1596
1208,4080369,357567,725
1209,3541501,2386108,625
1210,4388455,290600,11550
1211,978544,4006430,504
1212,2758155,4793999,667
1213,3148813,4008655,9722
1214,886710,2924181,219
1215,4600732,1149539,833
1216,1509450,4095467,217
1217,4572867,1104006,150
1218,4222997,2017471,650
1219,979255,2387274,1127
1220,3443847,2887128,117
1221,1514261,2948384,121
1222,4720585,1171375,1009
1223,3758681,2083451,837
1224,475690,4597102,61
1225,1333051,3296285,442
1226,4287735,1584619,105
1227,404943,2187723,1792
1228,4403473,287108,553
1229,1695500,2846784,970
1230,1164371,237082,29
1231,2560408,4305715,197
1232,185853,1109441,212
1233,4325261,1991267,213
1234,1223102,3696730,332
1235,2819109,242455,396
1236,1535073,4743804,4025
1237,762479,2791241,208
1238,4147354,4141931,404
1239,547157,624837,266
1240,4459145,1145009,2248
1241,460728,2556091,238
1242,4306404,4760153,85204
1243,2739333,4405133,97
1244,3684207,3990211,197
1245,925412,184085,1296
1246,3694046,1520254,432
1247,2481712,3463660,195
1248,3089257,428189,404
1249,1896939,1694355,950
1250,2085462,3162560,1764
1251,4315155,4288798,223
1252,2939884,2157122,81
1253,2712752,1770518,1696
1254,629031,3388216,490
1255,3259802,4582461,530
1256,2870198,4470008,4360
1257,2628106,1238203,119
1258,1181282,657511,3445
1259,3498717,4516447,24
1260,154714,2622445,700
1261,2261005,4858197,13
1262,3491685,714035,101986
1263,1574437,137934,132
1264,2506473,1266825,6695
1265,2005701,90125,103
1266,272134,3894567,319
1267,4523563,4529968,1671
1268,680757,377629,661
1269,362148,3410967,87
1270,2472584,3513910,1470
1271,127619,4234840,140
1272,1301087,3467005,1706
1273,2631035,3967228,2375
1274,2730650,4519597,78
1275,3392535,3653797,356
1276,775328,1776702,222
1277,2319421,2990704,585
1278,4025298,4761250,228
1279,4054509,4314283,1079
1280,4425037,2781628,50
1281,2237222,1192436,386
1282,3336834,3106848,149
1283,2494843,2829288,439
1284,3216710,4324862,72
1285,1038362,4322367,164
1286,3939380,151427,192
1287,3474714,837222,830
1288,2690307,848246,98
1289,4258438,1440232,93
1290,1499536,762056,162
1291,1410000,3198135,1893
1292,4079269,890960,233
1293,2761066,724868,279
1294,1445324,4820881,4900
1295,2402582,2354103,97
1296,4117461,4607502,618
1297,572226,791325,310
1298,273715,476407,80
1299,1747728,3849492,146
1300,3561052,4007276,2851
1301,18331,3593013,117
1302,919215,32933,452
1303,1304820,4276097,258
1304,1525671,1400706,194
1305,3494194,3501344,338
1306,4305360,2759898,430
1307,3473703,1105946,108
1308,4793374,2883450,103
1309,4043495,325891,86
1310,2973142,1374657,1065
1311,2290322,4486882,177
1312,2653433,90257,173
1313,4454192,4332029,44
1314,3196935,4053811,6567
1315,3824752,2725607,443
1316,1745731,2243983,532
1317,3089513,2403010,2072
1318,2735303,622071,46
1319,4559986,3378736,376
1320,3600628,2064607,586
1321,3905067,3393225,32
1322,2096490,1246259,374
1323,3029390,379057,14
1324,1832518,4370950,511
1325,188743,2092812,59
1326,2447113,410275,43
1327,2307937,4048147,71
1328,4690365,1339133,133
1329,3200341,3453522,1144
1330,2956147,2501960,5105
1331,1227156,3239338,67
1332,3440116,1891147,221
1333,739545,2223912,112
1334,3332801,4155389,1206
1335,4630411,726638,4373
1336,3292676,2597381,69
1337,4361726,534121,509
1338,3768380,1423570,1186
1339,176774,1047789,217
1340,2589604,807761,282
1341,2161208,473130,777
1342,760911,2675321,343
1343,1674134,2435135,2000
1344,616538,4161676,2873
1345,554768,3078648,1732
1346,3214317,1735883,3004
1347,4398018,3262683,7
1348,1361880,1744811,666
1349,1223354,4208140,3811
1350,2377378,2574560,383
1351,1440901,3482871,1903
1352,69444,3789363,67
1353,3248527,364458,2408
1354,632892,2607954,2011
1355,370983,852119,478
1356,3957402,3989690,470
1357,289215,938763,547
1358,1025283,2977357,276
1359,3930883,1625272,189
1360,1926769,4183382,133
1361,4299096,4188270,412
1362,3238785,2616535,115
1363,1325894,2598896,112
1364,67665,382209,232
1365,3658641,1334501,554
1366,559652,20388,762925
1367,1236650,3245665,109
1368,444473,3586386,383
1369,3893485,105683,58
1370,1262578,3434396,327
1371,4487749,4513294,313
1372,4175026,165651,756
1373,456895,3833698,704
1374,4794114,577845,50
1375,3207642,4238096,106
1376,2911256,345296,281
1377,1278054,4085567,1008
1378,1577581,4420285,98
1379,1979383,4351306,88
1380,1054015,3135338,632
1381,1093575,781031,21
1382,2795094,3649212,203
1383,1233950,3153504,4997
1384,3567284,1497894,399
1385,1710577,1310839,20748
1386,2686174,10115,691
1387,3730580,3067078,299
1388,4655510,243176,247
1389,4363166,952893,407
1390,4805386,2662315,579
1391,773004,435747,523
1392,2853045,3350833,280
1393,622386,4563330,1912
1394,326452,580398,1173
1395,1677331,1950471,196
1396,3696903,4627252,1295
1397,993398,3117644,1121
1398,3946091,261556,354
1399,3197538,1772038,251
1400,4261799,3995236,162
1401,3892940,1131169,102
1402,528340,2537385,9
1403,712547,1102206,147
1404,4819083,3443517,1058
1405,2586529,2971250,30
1406,3144269,3965490,270
1407,1453814,4852987,789
1408,395117,3296710,4007
1409,4493888,1975369,521
1410,1677157,4671494,83
1411,4655993,3793690,2150
1412,3113932,2656185,545
1413,4565735,1072872,1375
1414,1050485,3041739,1407
1415,700731,3764731,10804
1416,1781994,3511998,67
1417,3660326,1588708,166
1418,4505818,2887963,3290
1419,1530855,634165,128
1420,2145365,3777242,459
1421,1629000,3863501,1313
1422,1139129,294239,200
1423,4139305,1108809,299
1424,4225437,4674411,1088
1425,4454647,225124,250
1426,3446942,3258677,270
1427,292084,2102776,92
1428,1427709,4747550,945
1429,697912,4612494,659
1430,3578545,1604914,110
1431,965813,1277950,43
1432,2522287,3273144,1825
1433,2200489,4626853,496
1434,551741,4856114,655
1435,211987,2616242,195
1436,2119957,2608710,27
1437,340456,2305549,67
1438,143652,336189,1230
1439,656728,4390738,251
1440,2060035,4104762,265
1441,1869476,2462897,1376
1442,884526,3327588,332
1443,4798911,2351301,508
1444,3711007,101762,829
1445,3374895,314924,1082
1446,4207706,1840022,557
1447,796367,831156,13317
1448,3481117,2900535,517
1449,3316377,4094697,1446
1450,922843,2710045,383
1451,976193,3888365,98
1452,54323,3358359,395
1453,3093160,866014,103
1454,1924479,3296013,1502
1455,3004134,4307753,348
1456,2839397,2652623,144
1457,2730409,45986,558
1458,1695915,4259826,60
1459,4461572,3036365,518
1460,733542,4853330,58
1461,455141,1838184,645
1462,532578,4796771,98
1463,218953,4117610,342
1464,3716915,1548893,144
1465,3053148,2617372,39
1466,2106673,1599860,304
1467,4190805,1636302,45
1468,3961117,714236,322
1469,1377969,4565646,99
1470,1008703,1852018,50
1471,614504,1799445,135
1472,144710,1125599,53179
1473,1069609,986979,152
1474,4003133,4204052,94348
1475,2073638,1522373,70
1476,779591,1358385,419
1477,1426916,4448254,245
1478,2338507,696808,420
1479,1919947,3056079,539
1480,216300,857288,7307
1481,3998824,2428800,382
1482,3504235,1014927,358
1483,2299421,2077429,3048
1484,572208,1306207,125
1485,751949,4753457,364
1486,4459325,349769,518
1487,2021996,1096690,364
1488,4582850,4530690,337
1489,1283175,301577,163
1490,425592,804801,753
1491,2044073,3371037,54
1492,569377,4812681,333
1493,2185449,2828364,565
1494,1412406,4302821,30
1495,4243983,1853961,146
1496,317762,801878,687
1497,983607,1480185,3762
1498,3236313,2234069,640
1499,3213568,1682097,264
1500,277167,3471248,132
1501,3835319,1977385,262
1502,3451039,36246,455
1503,660986,101003,466
1504,1997835,1654051,44
1505,1620145,1407969,252
1506,4308422,3686117,44
1507,3703565,4115825,5210
1508,2313595,3121459,458
1509,3198069,3383073,71
1510,4109862,4482088,582
1511,63419,1701148,294
1512,2739660,3283164,757
1513,2169549,2208689,465
1514,1450320,1541775,85
1515,4278656,4488598,106
1516,1381293,3720786,533
1517,1548572,2946706,178
1518,2641051,1058048,201
1519,309574,1226975,614
1520,3600303,433609,159
1521,1479553,342516,917
1522,3653599,4169815,34
1523,702070,3353876,679
1524,606562,1963907,808
1525,1601288,3038110,267
1526,2612363,1312254,398
1527,4384646,690657,235
1528,4170044,2449547,16
1529,2787002,2382117,582
1530,3656282,183794,638
1531,4757732,4796773,1165
1532,4471609,113182,563
1533,158235,2647536,1754
1534,3863062,1245989,6845
1535,2369634,2796817,2622
1536,4779430,2450275,100
1537,841644,378843,224
1538,2069466,4059533,336
1539,4804968,3347711,234
1540,1119602,598319,1174
1541,3200364,1635042,12858
1542,641893,142116,176
1543,3649600,1586497,563
1544,3705151,1597846,90
1545,2689691,3967571,69
1546,2324971,252017,208
1547,3855867,4500259,187
1548,4392569,1202817,54
1549,4096612,4409813,371676
1550,2157499,3852135,10502
1551,2434497,1437980,109
1552,4668030,2634700,63032
1553,2913556,3913470,37
1554,830202,1086605,2641
1555,4245940,981592,2012
1556,4589413,3364546,1710
1557,294574,3088440,711
1558,2814017,4445347,1895
1559,3533123,3086451,2039
1560,3229914,2949033,945
1561,970731,519315,202
1562,4688520,2795159,423
1563,269252,2041783,297
1564,4604264,2264881,69
1565,2722351,3640207,943
1566,4013082,3639154,2243
1567,3291892,4597493,3023
1568,1367655,803481,184
1569,3169340,327965,42
1570,339567,3863742,252
1571,1983366,2984603,106109
1572,4259589,3414182,6998
1573,1108548,2216042,679
1574,1337541,2322497,139
1575,1829249,1776000,2167
1576,1150506,1371900,329
1577,3798250,1328064,1888
1578,4724359,2245972,36
1579,4802205,4060090,646
1580,4533563,1194784,62
1581,2548298,2894167,150
1582,2976480,2265640,23
1583,1140217,2539248,9204
1584,1708548,3128487,153
1585,3394276,1828719,335
1586,1336173,1310817,536
1587,2947741,3844365,335
1588,2945223,149736,970
1589,2767192,4337224,49
1590,3590756,2009973,644
1591,2581909,4597942,2560
1592,4786573,2444440,433
1593,3333959,1274808,405
1594,585893,1378923,373
1595,1629739,1821613,651
1596,758145,2677010,102
1597,3468777,1065417,264
1598,4217929,3666587,209
1599,1157430,2300708,1328
1600,101964,1699954,899
1601,1436505,3795525,689
1602,2347696,2595595,290
1603,2624184,1348594,270
1604,813202,3472025,3915
1605,3720321,1026468,158
1606,285390,4757441,1251
1607,2753362,4057988,383
1608,3146672,2707096,299
1609,4358141,958601,1461
1610,908090,325697,681
1611,1863670,4355015,89
1612,1550064,3302485,37
1613,652476,3793631,312
1614,3900509,334414,200
1615,1974922,3824251,879
1616,2171894,2312075,306
1617,7648,1105233,585
1618,3283833,1886356,1671
1619,998253,796021,235
1620,4588320,3982440,30024
1621,3492319,3917621,209
1622,558571,3113681,83
1623,1813311,1042307,427
1624,4452445,815993,888
1625,259091,4687278,1770
1626,2664082,82340,1508
1627,1148355,1142141,2168
1628,1486685,2635867,1703
1629,1086513,1586234,162
1630,4689344,2803220,2634
1631,911669,2442177,792
1632,4109446,2322663,505
1633,440942,3263590,37
1634,4031191,2692426,444
1635,3839027,3509400,182
1636,1604735,1817126,682
1637,3269084,137753,42
1638,1624821,4566668,34
1639,1395639,4467748,430
1640,4392240,4085911,127
1641,3035217,2815228,53
1642,621120,4490886,1030
1643,979348,3573012,267
1644,4597942,2408952,390
1645,4490242,4346020,432
1646,4857356,838983,63202
1647,1433583,146049,199
1648,4121724,1229401,154
1649,3329198,1801676,419
1650,1922454,2405212,19140
1651,331205,570353,432
1652,3178553,2635295,160
1653,4373282,2050610,753
1654,206364,678525,232
1655,1309887,3121740,1356
1656,2926583,3282169,6
1657,4105847,3050073,1256
1658,2028569,3391808,109
1659,381694,299257,159
1660,366904,3540943,116
1661,3341092,838453,687
1662,4768938,213917,128
1663,4392592,2251789,368
1664,4700777,2492280,4714
1665,3019958,2913438,134
1666,953115,338263,459
1667,3431400,1069044,1471
1668,191334,3397645,2507
1669,1854613,3025335,151
1670,2245414,2926500,615
1671,3096596,1595656,671
1672,3647315,2031809,165
1673,4452360,1798255,54
1674,1055988,2289744,283
1675,4695321,502697,50
1676,1729215,1432887,1179
1677,756454,1135187,64
1678,4825117,2791656,3387
1679,4095564,1735521,233
1680,453052,555666,141
1681,660102,3217561,331
1682,1314264,2037947,1605
1683,4283855,3106235,440
1684,829732,3438447,307
1685,1567106,2392359,258
1686,2568622,4345793,499
1687,847174,720538,359
1688,4810264,3403903,338
1689,4544880,3882701,219
1690,466787,2391386,220
1691,2752758,4350947,178
1692,3033736,4180743,885
1693,1534141,2365633,328
1694,845042,4030437,5368
1695,3676081,3959120,215
1696,4787400,821686,339
1697,3990283,3661354,5106
1698,17605,505563,56
1699,13751,4421587,264
1700,3492398,1981241,141
1701,4148739,4761195,377
1702,125210,570302,186
1703,2891857,2591738,430
1704,2022832,1130429,1037
1705,610208,1513384,1437
1706,3318070,606201,162
1707,4148694,2251958,8248
1708,2231843,178786,40
1709,4739917,4607148,217
1710,3959639,1973051,242
1711,4669595,3942609,1213
1712,3385671,4820082,443
1713,2719963,4302399,90
1714,425140,4144645,197
1715,811736,679375,146
1716,224552,1374319,1663
1717,3865877,1895005,3210
1718,3749748,1864273,133
1719,1932926,4091993,276
1720,2413519,2739191,1666
1721,2887639,2351112,18276
1722,1881600,1918826,592
1723,1564261,1707715,2307
1724,3383620,3114204,221
1725,1989230,3787881,14571
1726,1392717,297879,82
1727,3579607,550309,817
1728,4337184,314924,1086
1729,1498781,717384,330
1730,4772392,2426217,310
1731,2569366,2811227,4283
1732,1815785,2417200,142
1733,471758,4302865,3050
1734,2260742,2734382,746
1735,4415061,3416132,371
1736,2655904,649460,180
1737,2175599,2833722,285
1738,3609793,4595137,19915
1739,375041,4290690,56
1740,4675165,601790,28
1741,4256381,3173632,3668
1742,1890475,4304551,231
1743,3191384,1342069,3794
1744,786633,1561146,212
1745,1464372,1513821,406
1746,1411730,4078738,1370
1747,1542411,3288760,132
1748,693550,608504,301
1749,597807,2702066,137
1750,2678495,1754969,39
1751,1075781,4861584,79
1752,4679257,676325,616
1753,1479593,4778717,84
1754,715543,1190849,12
1755,1564470,2728864,305
1756,1761110,1372302,172
1757,1749305,532201,7834
1758,3473063,453257,243
1759,2238031,2167783,775
1760,420757,1383958,569
1761,39963,4107823,248
1762,317792,3561262,265
1763,1955823,3652986,10385
1764,2866126,3512945,1067
1765,1981615,3096828,325
1766,1126100,4651509,1065
1767,1746838,2163256,363
1768,1589761,1672121,1459
1769,3641679,1888220,538
1770,3644646,655904,110
1771,75278,571370,655
1772,1514802,532005,85
1773,606263,4113203,596
1774,3821504,1164968,11
1775,2271643,744460,2031
1776,71051,3135365,284
1777,3207225,2264276,2186
1778,1382021,4584115,129
1779,2415668,2497732,497
1780,1658177,4244067,878
1781,2525590,2302024,263
1782,4846491,1957800,1456
1783,3198433,3823314,277
1784,1220879,3474208,618
1785,2938250,4639113,1068
1786,3052079,1956921,305
1787,4732190,4205082,234
1788,2557232,4004905,12921
1789,183960,2918923,11
1790,4113405,606898,49
1791,3209795,2480532,1406
1792,2651013,3145551,66890
1793,2811239,1424079,750
1794,2825828,4177994,92
1795,491128,3927131,3020
1796,4674719,3728872,1406
1797,552835,4759522,60
1798,643076,101940,146
1799,604305,1032219,1204
1800,1958906,3744413,93
1801,3733752,742195,502
1802,1594321,4625087,203
1803,2911862,3784408,304
1804,349869,2627884,79
1805,651837,4058550,9919
1806,954573,2008925,22
1807,4565915,2813261,4257
1808,1465907,2324744,928
1809,4472299,1521471,282
1810,4581538,1067585,169
1811,3854337,4422019,23
1812,2584054,775014,413
1813,3852631,3314478,10702
1814,1630423,2882556,2740
1815,1341966,1540392,1423
1816,156140,2340324,418
1817,2871053,427804,17
1818,3487420,647017,90
1819,4643656,3344354,472
1820,1396795,1077087,842
1821,4751399,1980682,247
1822,3433219,2606817,901
1823,3698761,3817973,123
1824,651351,965340,6
1825,116792,4746621,129
1826,4851349,3793469,1990
1827,3541658,1279255,465
1828,3721646,621120,1224
1829,4528745,2248684,122
1830,2112778,316192,1129
1831,1326251,2031436,439
1832,2806721,877557,1657
1833,3838303,2223881,1309
1834,2363814,2659912,516
1835,1300976,1429102,604
1836,911200,4402869,977
1837,577443,3317934,946
1838,4712508,4863728,25
1839,3027281,551353,302
1840,54650,460554,229
1841,194816,4624000,65
1842,4413981,2620518,138
1843,4223704,4132261,1282
1844,4475147,3779460,1179
1845,2000270,1508782,116
1846,2579609,13060,215
1847,1994441,4322508,236
1848,2402800,2571618,200
1849,1368123,2205635,383
1850,2607301,2616078,2242
1851,3981172,319752,875
1852,3337108,966537,753
1853,3925727,49513,420
1854,4355658,4383159,51
1855,1053284,3420607,52
1856,3278182,3593261,1612
1857,4562839,3588368,841
1858,11382,4090004,268
1859,873234,478223,614
1860,2665930,3201769,137
1861,1327147,726135,126
1862,4074547,2309358,69
1863,1298087,4530678,13449
1864,2506906,4594495,3366
1865,2368011,1910808,1603
1866,4589904,3332036,254
1867,1327726,1118381,760
1868,3056912,3145991,648
1869,1471887,2903733,200
1870,4338398,13205,95
1871,4492909,4131105,4644
1872,2148641,4595137,19913
1873,3971074,703386,163
1874,892624,2299269,1546
1875,1322684,4403612,487
1876,3370067,615287,779
1877,3458832,4692905,42
1878,1249542,273881,4606
1879,1681099,4334809,254
1880,4518416,99929,1262
1881,2661137,972491,29177
1882,1310018,1561441,440
1883,2895223,1124558,162
1884,2636592,2664795,144
1885,4787702,3377747,219
1886,4494681,2715756,594
1887,619552,865515,426
1888,2172433,1885045,184
1889,995638,2582486,1226
1890,4420255,54157,82
1891,4079340,303517,61
1892,2890110,1502867,88
1893,3644551,1776703,292
1894,4809745,1181373,120
1895,4583413,77641,822
1896,4787857,1488238,120
1897,3645574,1560542,149
1898,2058071,4084063,12
1899,2606444,2701313,826
1900,1607095,1480497,155
1901,3231393,4651578,55
1902,3287996,2553811,239
1903,3142808,1776900,3873
1904,123691,2655328,63
1905,4750696,361098,63
1906,1551800,1103366,671
1907,1782783,4078473,4133
1908,4333506,4342717,677
1909,2760117,4554989,3646
1910,2791981,2833751,10610
1911,1587881,6364,160
1912,2932022,2293392,556
1913,2126605,6993,84
1914,2307585,4334486,536
1915,1419142,1312108,106
1916,1481222,368896,1837
1917,826234,2402159,13094
1918,3792997,3552185,247
1919,1676412,3763328,8278
1920,599191,4727735,231
1921,1918795,580211,63
1922,3401659,4743417,1311
1923,2585410,1433994,286
1924,2461372,226721,215
1925,500201,323760,122
1926,3042280,3992147,120
1927,812338,2053308,136
1928,4442302,4771880,155
1929,1596155,959021,368
1930,1450153,4522901,120
1931,3083369,4586599,265
1932,4815111,1432601,356
1933,4298943,4586468,1637
1934,4135447,4851085,113
1935,3353466,4294640,1034
1936,691232,401008,26046
1937,2803469,1823430,601
1938,3869568,1608239,80
1939,1395530,4517152,123
1940,4026923,12423,83
1941,3560845,3289985,78
1942,2089379,163021,6087
1943,2762481,1995073,3663
1944,3079359,4074179,1036
1945,261562,3418707,2879
1946,2436439,260826,1431
1947,2795446,1237846,35
1948,1497370,239765,664
1949,742548,1910658,382
1950,3510459,3199855,9
1951,113182,3410823,399
1952,1771597,3195222,57
1953,4910,2882216,79
1954,3716495,76607,8286
1955,3772598,877100,836
1956,878959,367410,199
1957,1848218,1725177,18
1958,1914584,1103581,7500
1959,821120,4561588,1611
1960,785893,946768,1162
1961,4822389,4387818,344
1962,4348238,991193,19
1963,306334,975007,158
1964,434593,64001,40
1965,3275002,1005459,286
1966,701764,3193834,189
1967,3991988,4003532,208
1968,3928545,2277157,717
1969,4066452,2534272,778
1970,1776036,4742630,437
1971,3492763,4771141,909
1972,2018936,163021,5998
1973,4747431,3823314,217
1974,2833239,1568315,254
1975,243018,3557617,32
1976,951929,2631245,330
1977,2476925,208465,54
1978,630604,3190741,360
1979,671895,2457054,124
1980,2220766,4084740,879
1981,1270278,2941537,152
1982,3532343,3627773,62
1983,3131854,1027488,192
1984,90690,1457589,42
1985,914875,1990908,137
1986,408123,1696091,165
1987,443904,4737571,2073
1988,3080022,947544,57
1989,1423553,1525727,78
1990,3578368,159177,351
1991,424411,3625439,711
1992,729364,1905523,350
1993,1836328,3815840,529
1994,3001970,3578789,2058
1995,1909985,1139895,89674
1996,2361218,4135197,715
1997,4418968,4395510,245
1998,3742712,2221607,528
1999,695432,253467,2029
2000,987119,567045,89
