0,source,sink,z0_shortest_path
1,2184483,1300190,4
2,3151356,1452193,3
3,1579396,193159,4
4,1406432,2481036,3
5,2389638,593017,3
6,228206,212805,2
7,1237964,879115,3
8,3318124,1840575,3
9,4522929,1552625,3
10,3406737,3781412,4
11,1567983,3008412,3
12,4370932,2906415,3
13,286240,474307,4
14,4796773,3115614,3
15,2207765,4354226,3
16,1283384,279636,4
17,368544,2431466,3
18,3921857,4512147,4
19,49037,3175009,3
20,61633,1064392,3
21,1459453,654182,4
22,447597,2736867,4
23,2121585,3413796,4
24,933347,1131654,3
25,3733033,488937,4
26,3023014,2817859,3
27,1404783,410037,4
28,1886158,3656408,3
29,3316731,4579088,2
30,2369031,1860112,3
31,2850334,755258,4
32,4606553,2879440,4
33,3013323,2064734,3
34,1653770,1190291,3
35,4540325,202508,4
36,4189431,4404645,3
37,1590268,3824559,4
38,2717491,421433,4
39,71500,2156609,4
40,2422900,325927,4
41,784291,4194667,3
42,3836480,4207316,3
43,2570161,3824301,4
44,2574465,1663756,2
45,195757,4324049,3
46,3501584,624570,3
47,2342205,3520804,4
48,2067826,727427,3
49,4787138,2365654,3
50,2907109,1536763,3
51,2979388,2811074,3
52,2773866,3562714,3
53,3467832,3446682,3
54,209191,3142365,3
55,1630356,2157727,4
56,662368,853327,3
57,3151576,4278188,3
58,2671870,4797151,4
59,3536080,614747,3
60,2541283,1592987,3
61,3848381,903626,3
62,811898,3593324,4
63,231650,4016607,3
64,1305368,3362916,4
65,3275981,2183299,4
66,3863858,4710588,3
67,938826,4543397,3
68,4705108,2629120,4
69,617435,2721940,3
70,2022904,1202849,3
71,4797294,3735230,4
72,2450052,2549546,3
73,24523,497993,4
74,4576342,1043689,3
75,1875903,2638090,3
76,930131,1305103,3
77,3872353,2516690,2
78,217062,20388,2
79,1628755,1120745,3
80,4033899,2555403,3
81,4600810,4690043,3
82,2852252,3901568,3
83,4128817,963520,3
84,4603833,3538910,4
85,2665129,694605,4
86,2506289,2034494,4
87,3755683,4027183,4
88,281045,1477566,2
89,525339,4345638,3
90,2872550,3571822,4
91,3996001,1317062,4
92,1630993,2942968,4
93,3519436,273127,4
94,1072548,4516657,3
95,3385377,21536,3
96,1698628,4155714,4
97,3421725,3521843,2
98,2930692,138960,4
99,3738701,228193,4
100,1729154,1781627,4
101,3763685,3856235,4
102,2141424,1303746,5
103,4842336,3181505,3
104,258948,1471608,4
105,721572,98932,3
106,1943690,492035,2
107,3345713,3762682,4
108,2924614,3377440,3
109,4112224,1051087,4
110,4110767,2609871,4
111,3922567,307495,4
112,558917,3683147,3
113,678764,1677837,3
114,4064525,2308522,4
115,2628408,2510362,3
116,4088436,483355,4
117,4294640,2123719,3
118,1062857,1809556,4
119,3287551,3077116,4
120,2921487,2416082,4
121,2206017,4727122,3
122,1601895,4424787,3
123,4538043,4347620,2
124,2494024,1709398,3
125,2380958,648703,3
126,3786904,871332,4
127,2705657,852814,3
128,2867762,2832683,4
129,4814135,2585300,4
130,1488632,297642,3
131,1789514,2955720,4
132,309474,3636323,3
133,4115547,879781,3
134,4771179,77677,4
135,1541973,2681572,4
136,660741,517853,3
137,4483428,1765722,4
138,2190643,2947163,3
139,2519581,3743967,3
140,4202801,710142,4
141,3417866,1598643,4
142,697388,943197,3
143,3899173,1397388,5
144,3150672,3974467,4
145,4449837,3538291,3
146,35548,3549289,3
147,2707088,2136581,4
148,1586232,3610552,2
149,1735883,1901143,3
150,2968005,1495600,3
151,2873622,3664409,4
152,3691603,3188162,3
153,1655116,365416,3
154,2312268,4219994,3
155,2349671,204712,4
156,1026366,792812,3
157,3417564,2307183,3
158,3687290,1281414,4
159,3327760,600051,4
160,1299905,4474903,4
161,3881924,783583,3
162,111970,2294803,3
163,3736271,433745,4
164,2807537,2703992,4
165,934509,1653156,4
166,4662733,4764472,3
167,1486892,237461,4
168,3026000,4750153,3
169,2436861,4683579,3
170,2295601,494551,5
171,2333576,4066830,3
172,1599720,3262474,3
173,600846,64799,3
174,1285894,2023333,3
175,1590882,971074,3
176,357381,908061,4
177,2345122,743875,3
178,1164538,4273253,3
179,4624816,1789251,4
180,470204,3779626,3
181,2266717,1367613,4
182,2826267,928903,3
183,275804,1725270,3
184,3980329,4675165,2
185,41540,1437899,2
186,1810899,2882556,3
187,1230845,2027917,4
188,2472742,3567788,4
189,4174076,5480,3
190,4819127,543061,3
191,1512639,1757836,2
192,594370,207942,4
193,4066375,4645447,3
194,1326339,639157,3
195,1429554,3308151,4
196,2622002,3723250,5
197,3341679,524043,3
198,2241048,4039025,3
199,2529024,1545613,4
200,644069,2596251,3
201,1813318,1054633,3
202,3655158,37400,3
203,3418483,362485,4
204,408243,4594685,3
205,2105491,3781492,4
206,738704,4658228,3
207,2535426,1266511,3
208,3014450,2569650,3
209,2635308,3237136,4
210,2749135,3229933,2
211,1147295,4463463,4
212,495613,3009965,4
213,1376558,291125,4
214,2021517,4634127,3
215,4519174,520390,3
216,604125,4360758,3
217,3828465,3963629,4
218,2957639,4578655,3
219,4325972,1755579,3
220,1039233,3674322,4
221,1901862,4840530,3
222,2408015,1321954,3
223,4781379,52592,3
224,4583761,4572486,2
225,1476555,4751012,3
226,1636856,4208957,2
227,2038215,4162950,3
228,4216378,2118739,2
229,1136996,3640654,3
230,4178366,3164163,4
231,986629,3346537,3
232,2303520,663713,3
233,4708115,738568,4
234,3769409,1960538,3
235,2844371,3392930,3
236,1320291,3768226,4
237,1817011,3254390,4
238,3337956,1186643,3
239,414390,2341215,4
240,1185153,4799044,4
241,4182445,4255166,4
242,1429988,4034214,4
243,784476,4743804,2
244,1567741,2167167,4
245,378193,3858906,3
246,3193737,852669,3
247,222154,1096330,2
248,837136,4092142,3
249,3001803,1421121,4
250,4497472,970834,5
251,78652,876913,3
252,1740390,2913793,3
253,4608977,2576561,4
254,2146076,3373346,4
255,4043972,3448830,3
256,2066994,3418202,3
257,559972,3695276,4
258,2427345,214090,4
259,1635607,4683806,4
260,4435111,1900279,4
261,541055,1731912,3
262,1745528,2194526,3
263,754926,762964,3
264,2093716,3996594,3
265,4640383,987793,3
266,4298408,420656,3
267,4725488,1747009,2
268,2264477,2991814,3
269,4421319,4161763,3
270,4007453,1159092,4
271,2690596,3915235,3
272,3602451,2065513,3
273,504324,2747208,3
274,30083,1972008,4
275,1025903,2722816,3
276,2607838,4292513,3
277,132853,1928713,3
278,1841790,1805282,4
279,699145,2039550,3
280,1632938,2917594,4
281,740264,775607,3
282,2326042,3593013,3
283,2597890,4398241,4
284,4347620,3709618,4
285,2956481,3808878,3
286,2421138,2173151,2
287,3325878,3941234,3
288,3969780,3375372,5
289,641527,2264701,3
290,3750870,214372,4
291,3136757,2292933,4
292,194271,4138613,4
293,4837795,2032867,3
294,4532809,3889649,4
295,2019222,2153519,5
296,1047207,311498,3
297,2970262,1729215,2
298,1221209,2747564,5
299,268995,1173364,5
300,4427946,1339329,3
301,1607490,654860,3
302,1460872,4581556,3
303,2019845,4577899,4
304,1704367,3164073,3
305,2745910,3104940,2
306,2133929,3867352,4
307,3871942,4799962,3
308,3257910,588337,3
309,765302,2762989,3
310,3960835,4669648,3
311,2629112,1529484,3
312,2073048,421699,4
313,4524669,2949748,3
314,144060,3080263,3
315,3764504,3328639,3
316,433097,4052222,3
317,1986630,2951260,4
318,2398278,209191,2
319,1974705,1581879,4
320,1443500,1164411,3
321,3550092,3753484,4
322,3107199,690742,3
323,2019781,636552,4
324,3478606,1281736,4
325,919613,1735123,3
326,1432948,4331707,3
327,4782388,1065417,2
328,596337,409262,4
329,4106517,3002541,3
330,1065985,4673981,4
331,3757808,890719,4
332,4865292,2472812,4
333,1817278,3209863,4
334,2535495,1937230,3
335,1524949,2845319,3
336,2699583,2224526,4
337,3589315,1592667,4
338,1501709,3370956,4
339,2135899,3893892,3
340,3380008,1519730,4
341,3120092,4618432,4
342,1322906,784341,4
343,155804,834066,4
344,56567,3302825,3
345,432620,112551,3
346,1239755,165055,4
347,2314931,2658417,3
348,3043233,857634,5
349,4444751,719172,4
350,3144674,3401173,3
351,2681125,4245138,4
352,4355412,3494128,4
353,4114591,1582028,3
354,4099850,924833,3
355,103916,2808644,3
356,520324,3222831,3
357,3443992,280322,3
358,2008046,4864558,4
359,1981993,463338,3
360,3004094,819288,3
361,4467857,2374812,4
362,1143671,3610611,3
363,1114213,140603,4
364,2283170,3108276,4
365,3039452,1019859,3
366,298011,2396903,3
367,3491637,3299008,3
368,4345638,1914315,4
369,3193210,370765,4
370,279329,4093834,4
371,1091584,977565,4
372,4310710,290077,3
373,3725239,1818269,3
374,1799182,3537761,3
375,4366747,1672058,3
376,2921853,1063377,2
377,3210136,2558297,3
378,1618265,2401545,3
379,335479,673405,4
380,2393127,315060,4
381,2305619,2629421,4
382,94280,1191204,3
383,3396488,1921136,4
384,1184100,1487302,3
385,3561479,3836738,3
386,2920873,2227745,3
387,3576624,4268303,4
388,527595,1894941,3
389,919165,1264290,4
390,4014552,4632479,3
391,4135084,17392,3
392,245914,1905607,3
393,2618052,4188938,4
394,4836378,4536767,3
395,437876,2566889,2
396,2497998,95673,4
397,1036152,502401,3
398,2585063,3153339,4
399,311952,487639,3
400,4260998,2255438,2
401,795918,448525,4
402,2720299,2127901,3
403,1459605,3749748,3
404,3547614,2860781,4
405,3335130,438964,4
406,1933312,3256959,3
407,3564448,167816,3
408,3432616,2332893,3
409,2633605,1933805,3
410,2832099,593309,3
411,2366431,4838273,3
412,623567,2164839,4
413,3994516,1354897,5
414,2315048,2033602,4
415,1637898,4121411,3
416,892193,4336282,4
417,4578655,3601327,3
418,4152864,1994852,4
419,2533205,2449296,4
420,3035063,3658576,4
421,1063789,1199206,3
422,4717616,489300,4
423,3652352,1702417,2
424,1024682,1315850,4
425,2587055,3472626,3
426,2086863,512769,3
427,1493935,2241589,3
428,941692,3517094,3
429,2912801,871888,3
430,3606548,626239,3
431,2200735,2157328,4
432,3544260,2618757,4
433,1862492,54381,4
434,3445194,2976923,5
435,4114513,3383210,4
436,3744513,1129682,4
437,2055183,1190704,4
438,3592571,377102,2
439,484479,352855,3
440,4518583,1939151,3
441,2741551,3680201,3
442,2589986,4298355,5
443,3446506,3393730,4
444,1080614,1486892,3
445,3819586,3914665,4
446,2232341,2167763,3
447,3663392,2116501,4
448,135756,1415397,3
449,1304570,762511,4
450,3268179,1312177,4
451,1034420,2582486,3
452,1395712,207348,3
453,28366,1841875,2
454,628921,901150,4
455,2156930,302849,2
456,4742865,4011635,3
457,579052,4286269,3
458,3622805,2239775,4
459,1097755,19760,2
460,4681267,4047729,3
461,4214037,1124684,4
462,3328824,4725447,3
463,1632157,3441172,3
464,2733872,2966772,3
465,4402871,3812818,3
466,1807180,817365,3
467,2763391,4023498,3
468,1626617,2819030,4
469,4130943,4188416,4
470,467667,4000293,3
471,585290,2615912,4
472,3437795,2770964,3
473,3206172,4186227,4
474,174802,3795595,4
475,4371955,1776702,3
476,2810159,2277589,4
477,2044305,2746365,3
478,2952533,3517217,3
479,2914124,4682995,3
480,61530,3335540,3
481,4591296,1929062,3
482,4428300,2480985,3
483,46090,1450214,3
484,659769,20462,4
485,636099,1164072,3
486,2407305,95886,3
487,1475238,1917370,3
488,550624,1332575,2
489,3206394,2933565,3
490,3940380,3051327,3
491,273164,1413055,3
492,1957538,4839138,4
493,2749267,3859663,3
494,173719,2037535,4
495,384254,3003794,3
496,410127,290758,4
497,2586954,1166818,4
498,172972,4299050,4
499,2422604,909677,4
500,4326329,732416,4
501,3476921,4329139,3
502,2346396,3113197,4
503,1397316,1548423,4
504,4590349,4475906,3
505,4462368,1729215,3
506,1327440,2866511,4
507,505918,80983,3
508,1041665,246307,3
509,1619831,4149096,4
510,1602676,4821149,4
511,4498800,2530095,4
512,1220744,2494359,3
513,3216894,2917270,4
514,823636,3470096,3
515,2464404,2214631,3
516,2225928,937883,4
517,3874174,3660958,4
518,4510312,4641648,2
519,1772905,1164032,2
520,497126,1813537,4
521,3956535,1366076,4
522,311395,4517546,3
523,691053,2551093,3
524,1202094,4419310,3
525,2511862,702114,3
526,1537593,3531111,2
527,1809060,2755105,4
528,4561995,4101406,3
529,1183256,851822,2
530,2259583,180886,3
531,617956,2413499,3
532,1294163,515021,3
533,2063062,1342577,3
534,1800416,2888042,5
535,4691181,4610787,4
536,1834142,3836704,3
537,949172,2071647,3
538,2536161,4132261,2
539,625451,3547349,3
540,2290078,107998,4
541,3494888,248970,4
542,268519,2884416,2
543,158115,4633431,2
544,4699529,317786,3
545,3256646,751974,3
546,3725632,731420,4
547,2171358,4477620,3
548,931647,1765411,3
549,2744198,3642845,3
550,1765731,1258166,3
551,2649630,1742482,3
552,1641756,2486979,2
553,4036817,1703634,4
554,3849807,2866908,4
555,1167211,1840412,3
556,4766814,3298954,3
557,947762,3341056,5
558,3136926,4534450,4
559,3730870,3175312,2
560,2690278,3761780,2
561,2058283,8356,4
562,2646810,4575002,4
563,3633833,2573172,2
564,4247331,82320,3
565,3983042,2701676,3
566,2093176,2186222,4
567,1412983,2528294,2
568,3920505,4846084,3
569,3320046,4335591,4
570,1262238,1048746,4
571,3059183,1766159,2
572,1495241,4548619,3
573,3717996,3452178,3
574,908046,458466,3
575,319732,3806748,3
576,748200,1665032,4
577,856916,2741764,3
578,2695621,4579955,3
579,4016649,3678951,3
580,3699726,4642092,4
581,4599604,1537367,3
582,4323755,1211774,3
583,117178,2785207,3
584,2934603,2472584,3
585,1432887,2529373,3
586,4493215,2784278,4
587,4159232,4217711,3
588,3756910,1193087,3
589,1648871,4590454,5
590,4458811,3019604,2
591,3148390,2002788,4
592,769445,2986095,4
593,4542296,4029056,3
594,3097604,4305969,3
595,3135278,1898689,2
596,3490385,2303097,4
597,2880138,1230311,3
598,1799854,1094216,4
599,3441024,3198893,4
600,1712592,256053,3
601,1213060,3485270,4
602,674419,1687481,4
603,2253113,4199739,3
604,1687100,4699308,3
605,1687914,1492115,4
606,4467644,4597686,3
607,1287150,4587728,3
608,885888,2401150,4
609,4059232,1934540,3
610,2167353,2927967,3
611,2431787,2243309,3
612,4066935,3061931,2
613,2912103,2616761,4
614,1451983,4398710,4
615,1760195,3815591,4
616,1268923,4185459,3
617,3584579,4561007,4
618,3210823,4593452,4
619,2679215,4079576,4
620,3308965,1499488,3
621,1308257,1360090,4
622,4556619,524247,3
623,3464435,3158801,3
624,4834181,1615948,5
625,4548696,2910685,3
626,1486569,380005,3
627,1221273,4569835,5
628,1504438,1269021,3
629,273892,4626132,3
630,4312824,3833152,3
631,2240718,1337977,4
632,1187945,4097285,3
633,1628691,4570236,3
634,3764155,1080529,3
635,2259251,4196528,3
636,2299390,1491019,4
637,1049492,398291,3
638,233391,2965375,4
639,717673,3995418,2
640,2941407,2964315,3
641,682761,1558128,3
642,4352101,697201,3
643,4239933,2533625,4
644,1068581,2394046,3
645,1176065,3366522,3
646,2913818,4272458,2
647,4159234,597760,4
648,4818958,708203,4
649,3192626,1092178,3
650,3438286,4629375,3
651,879908,4254453,4
652,1954387,610672,4
653,1452,3373263,4
654,4207021,606980,4
655,1413126,2746611,4
656,3149884,128838,4
657,2598830,299664,4
658,3017206,948009,3
659,970600,2125683,3
660,1211741,4121054,4
661,2835234,570107,3
662,675370,1471569,3
663,4610268,1275066,4
664,1584806,1092555,4
665,2904717,762869,4
666,3892708,1170664,3
667,3976780,1552898,3
668,1808958,3153165,3
669,3293844,282738,4
670,2027803,2619844,3
671,250137,2976917,4
672,4418160,3626136,3
673,3372601,3785031,4
674,3318630,701503,2
675,3961269,303000,3
676,1978642,1969680,3
677,1285540,3833101,5
678,4399173,2631408,3
679,1225417,3677077,4
680,1917370,970119,4
681,716749,4720136,4
682,2164938,2616090,4
683,4021250,1378011,3
684,1898939,2124762,4
685,725231,2353568,4
686,1072647,2289244,4
687,3316884,1440533,4
688,2308616,4597182,3
689,2468610,1173627,4
690,4280660,4011543,4
691,4358480,2619379,3
692,4247587,4266094,3
693,1362833,4644467,3
694,4849080,384166,4
695,2933517,1722935,3
696,251110,4829418,4
697,3046801,4326881,4
698,3300747,409240,4
699,2205989,736972,3
700,4759196,2959134,4
701,352777,1582441,3
702,4732444,4677915,3
703,1450478,3800540,4
704,3345046,4255985,4
705,807609,2070084,2
706,1893341,2401643,3
707,3968198,1413750,3
708,3502346,4395778,2
709,3424526,865480,3
710,3997092,847152,4
711,871619,88771,3
712,3591727,4128045,3
713,812874,2576794,4
714,2967237,819090,3
715,2683846,1765869,4
716,3933860,4187117,4
717,3755255,3173162,3
718,4479676,2054407,4
719,1092129,4740893,3
720,2978353,487236,4
721,2831459,3748022,3
722,1861711,3429791,3
723,128268,3306286,4
724,4447307,3657540,3
725,4583130,4195270,3
726,1903802,3756910,2
727,1226964,4506897,3
728,4122877,478112,3
729,3531100,4818685,3
730,4722544,1565469,3
731,492776,2057832,2
732,202406,1370056,4
733,739365,4478927,4
734,3130360,3381180,4
735,3971343,774221,4
736,1639225,497594,2
737,3080878,3107755,4
738,314720,466302,3
739,4074945,67911,4
740,4627005,3010945,3
741,3763328,2178305,3
742,265346,3088232,2
743,3446384,679574,3
744,887938,3994705,4
745,3223920,2516690,2
746,4858799,4350911,3
747,4510458,1127255,3
748,2270094,2546813,4
749,4060750,2393523,3
750,4282575,3861442,4
751,3251045,3297002,3
752,3031208,664506,3
753,3434262,3173953,4
754,2226291,4082571,4
755,2032980,4096612,2
756,4143745,683678,4
757,2220133,979255,3
758,552690,1513515,3
759,2089216,4666032,4
760,734968,4266986,4
761,748396,3222295,4
762,3473274,4010152,3
763,401726,1700117,3
764,4205304,4326349,3
765,713973,3737538,5
766,268979,3902256,4
767,1774406,2445713,3
768,1566271,3727886,4
769,1747009,542316,3
770,3760607,1428975,4
771,2062066,3937192,3
772,2469227,2769934,4
773,463854,2442529,3
774,3369814,1205255,4
775,268091,1807947,4
776,3561896,257577,3
777,4181239,2507601,4
778,745210,3851609,3
779,4247950,4173475,2
780,4611286,3527826,4
781,3094990,3311965,3
782,4459514,1633484,4
783,2814285,4198583,3
784,2152778,2815618,3
785,9202,1609289,3
786,2858107,3025604,3
787,3881850,3284336,5
788,1200874,703387,4
789,1730864,4776931,3
790,1976020,3906437,3
791,3478937,4411245,3
792,2606468,2151625,4
793,810847,3601552,4
794,2518054,3994251,3
795,4730476,3723065,3
796,2675276,1802531,3
797,274343,996371,3
798,3650803,3477517,3
799,1159131,3007594,3
800,4660393,1063328,3
801,1430292,3755407,4
802,4855215,3292438,3
803,155341,4215650,3
804,4791237,668241,3
805,504848,1473701,3
806,812688,440093,3
807,1218819,4522612,4
808,904699,3825480,3
809,3371729,3273144,3
810,2518902,2524567,3
811,2608048,891969,4
812,133167,3827835,3
813,1735998,2685390,3
814,1851023,2661301,3
815,4223007,4651979,3
816,2978385,4096612,2
817,2982118,2890172,3
818,1985096,3281495,4
819,2872865,772280,4
820,1730546,2700195,4
821,3759171,3267798,4
822,1474194,1736248,2
823,136049,1205898,4
824,779856,2791664,2
825,2976069,2589511,3
826,56121,3118599,4
827,752326,4027234,3
828,1129405,1073098,4
829,4219582,352759,3
830,67800,1774334,3
831,1562061,3275980,4
832,4469172,3056997,3
833,1632644,2747148,3
834,2103452,2394094,4
835,1792282,1275575,4
836,2337068,2777919,3
837,383188,487074,4
838,3624273,1694426,3
839,1927607,3784976,3
840,2564846,3871166,4
841,469289,3658913,3
842,3579512,3070342,4
843,3609789,1916723,2
844,1005255,2558769,3
845,4820881,4005729,4
846,2666350,3968888,3
847,979653,1836007,3
848,3156444,3459373,3
849,3454223,3088232,3
850,1691726,1990675,5
851,1938140,1764317,4
852,2920273,123591,4
853,4778699,1201096,4
854,267534,1380378,4
855,1135603,2685283,2
856,4743153,535280,3
857,4164647,4571277,3
858,3251800,3853574,3
859,142496,2824480,4
860,1353165,2287915,3
861,4721192,3288243,2
862,148935,1140025,2
863,754986,4625985,3
864,3100893,2493630,4
865,1456698,2760565,4
866,3167544,3065172,3
867,1615945,2471103,4
868,923082,3893890,4
869,3615734,3970114,5
870,2299912,1008064,3
871,609330,1397316,3
872,2338838,4834648,3
873,2017826,2903363,3
874,1049150,4124480,3
875,2608376,3824501,3
876,1482666,1660395,3
877,1306100,1678282,4
878,2826278,3611999,3
879,2395078,2721855,3
880,3680790,2927670,3
881,4272458,151153,3
882,3596185,1595754,3
883,370525,4291780,3
884,2226097,1974361,4
885,431391,1102747,4
886,300097,726929,3
887,750926,2586375,3
888,153480,4192365,3
889,3506025,212805,3
890,2452484,2199228,3
891,1233851,3304718,3
892,456126,2103578,3
893,3286368,1614313,4
894,759809,1677060,4
895,3538278,1922398,4
896,783972,4757627,4
897,2085193,3886160,4
898,623444,2262983,3
899,1219418,528928,3
900,1998627,538998,4
901,573693,3400944,3
902,1101947,1959052,3
903,3887171,617576,3
904,4093525,4161490,4
905,1711569,1503250,4
906,1318170,2766614,3
907,2915489,2434223,3
908,4713292,1735687,4
909,4342160,4836932,5
910,563322,1340111,3
911,922949,1049281,4
912,1455727,1967550,3
913,4347727,2401865,3
914,1779478,4553620,4
915,820951,1133567,3
916,1295223,3606238,4
917,234766,1989292,3
918,495684,2052579,3
919,2604474,262528,3
920,4457096,3095483,4
921,3225386,1483950,2
922,3959449,2151517,5
923,2695091,2128045,4
924,2245867,2784159,4
925,1719345,2177982,3
926,3795465,4690299,4
927,2902003,1374445,4
928,1895458,1253026,3
929,888120,888836,3
930,4866498,2486525,3
931,184687,4696690,3
932,2871308,1064883,4
933,552693,4180588,3
934,460696,978745,4
935,3721072,2717219,3
936,242742,637362,3
937,4147170,3324817,3
938,1299015,127123,3
939,833087,907052,2
940,137437,4005148,4
941,2474997,2999710,4
942,4137763,2898182,4
943,475232,3873884,4
944,2519600,3144985,3
945,851486,1253335,4
946,1484675,2555689,3
947,863325,3528798,3
948,865410,2270767,3
949,1588061,4013191,3
950,2975625,2363738,3
951,919101,1522214,5
952,3893222,4116046,4
953,4759359,824031,4
954,3298060,3649303,4
955,1618544,1613382,4
956,2324352,816913,3
957,4499487,3804486,4
958,861461,2833178,3
959,2713798,2885043,3
960,2475214,343584,3
961,2815706,716282,3
962,810494,785119,4
963,3743292,29959,2
964,4022436,2309371,3
965,1576600,3241571,3
966,3164595,727760,4
967,2342340,2371785,4
968,3318025,3258850,3
969,854025,2258576,4
970,3446567,621120,3
971,3067879,2330265,3
972,989455,1268920,4
973,3517389,843636,3
974,2506342,1857594,3
975,863783,4395944,3
976,1632116,1528823,4
977,2359631,4515216,2
978,3317934,3629131,2
979,2932339,2350634,4
980,927463,1514817,4
981,3598083,1721413,3
982,2429371,9946,4
983,1039279,3411931,4
984,2895068,3918393,4
985,1854023,1483116,3
986,725415,2082827,3
987,1202857,1678405,3
988,3689215,1218296,3
989,4528705,1142702,3
990,4034438,711824,4
991,3782034,3556169,3
992,1014721,1666556,4
993,3270580,3395510,4
994,2324422,4426524,3
995,1194190,345813,3
996,2625217,1996375,4
997,2824005,2211339,4
998,1576591,4166917,3
999,380525,4664852,5
1000,3993072,2416078,3
1001,1094048,594102,3
1002,4600134,624993,4
1003,2764263,2893207,4
1004,4177865,2882100,3
1005,4623321,4808386,3
1006,3718908,4679904,2
1007,2745387,3910839,5
1008,3195688,112647,3
1009,1813368,1770441,2
1010,2009930,4758377,3
1011,1787403,2443214,4
1012,4726874,1894531,5
1013,127950,3728341,3
1014,3794842,3706176,2
1015,3296250,3535207,2
1016,4811622,757734,3
1017,3683564,2701054,3
1018,1283657,689821,3
1019,3836659,4321162,2
1020,1488401,3872415,3
1021,31098,1030864,3
1022,2451660,1970291,2
1023,718458,3720766,4
1024,2002799,4114575,3
1025,2005497,2338090,4
1026,2118551,3452067,4
1027,3778796,254059,3
1028,4348766,3973930,4
1029,3475909,1973662,4
1030,240027,3855745,3
1031,4263251,2518627,3
1032,942440,2191992,3
1033,850459,456126,3
1034,3716119,3025121,3
1035,988417,1104604,3
1036,5221,2981668,3
1037,2021460,243830,4
1038,4774646,1196225,3
1039,2435515,143446,3
1040,3941703,211323,3
1041,651778,2540894,3
1042,477326,3487516,4
1043,3861672,3647364,4
1044,4749201,2707342,3
1045,1255094,3818809,3
1046,437391,1021368,4
1047,4817391,4563454,4
1048,3910665,3985168,3
1049,1150281,4486106,4
1050,4858996,1582222,3
1051,4204662,2133364,5
1052,3656099,1380448,4
1053,4788248,2048276,4
1054,4716646,448823,2
1055,2844962,2757201,3
1056,2161230,2087517,3
1057,3808182,3103806,4
1058,419149,4406065,4
1059,3847967,357466,3
1060,987441,824382,3
1061,4762542,2767142,3
1062,2914647,4841268,4
1063,1275299,1593758,3
1064,3757241,3248594,3
1065,219686,2015738,3
1066,3249932,1068993,4
1067,2704231,3435043,4
1068,2691310,3640458,3
1069,2581947,3759750,4
1070,1689039,3927655,4
1071,2694816,2207956,3
1072,4405100,2051732,3
1073,3352123,3510148,4
1074,2584682,3162385,4
1075,2680834,4254453,3
1076,3202510,2092295,4
1077,4468086,532755,3
1078,575651,4258315,4
1079,2883988,824046,3
1080,4008358,4483821,4
1081,2939315,3155408,3
1082,4839526,3833152,4
1083,3507863,177506,3
1084,4619061,4289016,3
1085,4380434,3731768,4
1086,3213547,2706025,4
1087,4094697,212805,3
1088,1927960,1579810,3
1089,2640387,100754,3
1090,3852854,3785477,3
1091,1700836,350886,4
1092,871160,3340066,4
1093,2772925,2456239,5
1094,1548013,1078672,3
1095,2242956,3882590,3
1096,3603630,3489034,4
1097,1064556,3912526,4
1098,19760,5113,4
1099,740005,4510860,3
1100,4765846,605639,3
1101,2609436,653633,3
1102,2766747,321857,4
1103,4094066,1628264,4
1104,1246601,1897862,4
1105,4232521,2779791,3
1106,2554658,3240496,3
1107,415254,3129186,3
1108,4400995,1187964,3
1109,2850445,1118530,4
1110,3729828,2294440,3
1111,3370783,4790649,2
1112,3001815,74323,4
1113,3394828,2633571,3
1114,117653,1995601,4
1115,1675257,4723059,4
1116,3897513,733605,4
1117,19484,749672,3
1118,4284282,4516132,3
1119,833524,3841591,4
1120,3879365,4329629,3
1121,4251792,57883,3
1122,2835662,2379122,4
1123,2313654,3448488,3
1124,3800305,4420839,3
1125,399565,2956791,3
1126,579536,3165162,4
1127,225697,982493,3
1128,457555,1106852,4
1129,4857001,321177,3
1130,4655006,1987945,3
1131,3163774,3004014,4
1132,4498101,2926541,2
1133,2807375,3247071,3
1134,3222303,1081619,3
1135,4736009,1835245,4
1136,401959,2653845,4
1137,813047,3009562,3
1138,2899933,536723,4
1139,4154717,2424452,2
1140,1413512,3299579,4
1141,2940424,1904054,3
1142,602340,107996,3
1143,1011757,3739100,2
1144,940042,4253433,4
1145,3905250,452890,4
1146,3066444,685095,4
1147,1325436,3202770,3
1148,125872,1465269,3
1149,3407905,765543,4
1150,2623580,2337217,3
1151,4211984,2596286,3
1152,2349594,959247,3
1153,2061150,3837284,3
1154,1399058,1796644,2
1155,12547,957725,3
1156,2361673,2593954,4
1157,3305322,3169329,3
1158,702865,166306,3
1159,4311665,2499401,4
1160,4052122,2588244,4
1161,2187451,3356265,4
1162,2544398,4360802,3
1163,1164032,4779044,3
1164,4125905,723257,2
1165,3169284,2502590,4
1166,1360006,475380,4
1167,3158482,4350093,2
1168,3082677,3108490,3
1169,3139086,4343940,3
1170,1044619,1269131,4
1171,2390374,4143831,4
1172,4779046,4399430,4
1173,4420475,2868440,2
1174,815236,2155768,4
1175,1676054,2238637,2
1176,842454,1847353,4
1177,153792,778021,4
1178,336290,87195,3
1179,2410512,3528096,3
1180,3185337,1129762,3
1181,4086406,4539579,3
1182,4174741,1729680,4
1183,1429183,19269,4
1184,1479088,3296983,4
1185,4139326,1040056,3
1186,4311720,3703326,4
1187,322366,3277122,4
1188,2153824,4079268,3
1189,3690840,3870459,3
1190,1351195,899384,3
1191,1434155,4593423,2
1192,4315651,2905649,4
1193,3064744,4544439,4
1194,4034922,2589566,4
1195,2845752,3671414,3
1196,3526944,4061862,3
1197,4376408,732151,4
1198,1949391,2153670,3
1199,654545,2988500,3
1200,4223263,1730211,4
1201,1073493,777566,4
1202,566130,3072002,3
1203,2198631,4151869,3
1204,193805,2692947,3
1205,1076285,3926802,3
1206,3623028,873318,4
1207,1313574,594010,3
1208,4080369,357567,3
1209,3541501,2386108,3
1210,4388455,290600,3
1211,978544,4006430,4
1212,2758155,4793999,4
1213,3148813,4008655,2
1214,886710,2924181,4
1215,4600732,1149539,3
1216,1509450,4095467,4
1217,4572867,1104006,4
1218,4222997,2017471,3
1219,979255,2387274,4
1220,3443847,2887128,3
1221,1514261,2948384,3
1222,4720585,1171375,4
1223,3758681,2083451,2
1224,475690,4597102,3
1225,1333051,3296285,3
1226,4287735,1584619,4
1227,404943,2187723,3
1228,4403473,287108,3
1229,1695500,2846784,3
1230,1164371,237082,3
1231,2560408,4305715,4
1232,185853,1109441,3
1233,4325261,1991267,3
1234,1223102,3696730,3
1235,2819109,242455,4
1236,1535073,4743804,3
1237,762479,2791241,3
1238,4147354,4141931,3
1239,547157,624837,3
1240,4459145,1145009,2
1241,460728,2556091,4
1242,4306404,4760153,3
1243,2739333,4405133,3
1244,3684207,3990211,3
1245,925412,184085,3
1246,3694046,1520254,2
1247,2481712,3463660,4
1248,3089257,428189,4
1249,1896939,1694355,3
1250,2085462,3162560,2
1251,4315155,4288798,4
1252,2939884,2157122,5
1253,2712752,1770518,3
1254,629031,3388216,2
1255,3259802,4582461,3
1256,2870198,4470008,3
1257,2628106,1238203,4
1258,1181282,657511,3
1259,3498717,4516447,4
1260,154714,2622445,3
1261,2261005,4858197,4
1262,3491685,714035,2
1263,1574437,137934,4
1264,2506473,1266825,3
1265,2005701,90125,4
1266,272134,3894567,3
1267,4523563,4529968,3
1268,680757,377629,3
1269,362148,3410967,5
1270,2472584,3513910,3
1271,127619,4234840,3
1272,1301087,3467005,3
1273,2631035,3967228,3
1274,2730650,4519597,4
1275,3392535,3653797,3
1276,775328,1776702,2
1277,2319421,2990704,2
1278,4025298,4761250,3
1279,4054509,4314283,3
1280,4425037,2781628,4
1281,2237222,1192436,3
1282,3336834,3106848,3
1283,2494843,2829288,3
1284,3216710,4324862,4
1285,1038362,4322367,4
1286,3939380,151427,3
1287,3474714,837222,3
1288,2690307,848246,4
1289,4258438,1440232,4
1290,1499536,762056,4
1291,1410000,3198135,3
1292,4079269,890960,4
1293,2761066,724868,3
1294,1445324,4820881,3
1295,2402582,2354103,4
1296,4117461,4607502,3
1297,572226,791325,3
1298,273715,476407,3
1299,1747728,3849492,4
1300,3561052,4007276,3
1301,18331,3593013,4
1302,919215,32933,4
1303,1304820,4276097,3
1304,1525671,1400706,3
1305,3494194,3501344,4
1306,4305360,2759898,3
1307,3473703,1105946,4
1308,4793374,2883450,2
1309,4043495,325891,4
1310,2973142,1374657,3
1311,2290322,4486882,3
1312,2653433,90257,4
1313,4454192,4332029,4
1314,3196935,4053811,3
1315,3824752,2725607,4
1316,1745731,2243983,3
1317,3089513,2403010,3
1318,2735303,622071,4
1319,4559986,3378736,3
1320,3600628,2064607,3
1321,3905067,3393225,5
1322,2096490,1246259,2
1323,3029390,379057,5
1324,1832518,4370950,4
1325,188743,2092812,4
1326,2447113,410275,3
1327,2307937,4048147,3
1328,4690365,1339133,4
1329,3200341,3453522,3
1330,2956147,2501960,3
1331,1227156,3239338,4
1332,3440116,1891147,4
1333,739545,2223912,4
1334,3332801,4155389,3
1335,4630411,726638,3
1336,3292676,2597381,5
1337,4361726,534121,2
1338,3768380,1423570,3
1339,176774,1047789,4
1340,2589604,807761,3
1341,2161208,473130,3
1342,760911,2675321,3
1343,1674134,2435135,3
1344,616538,4161676,3
1345,554768,3078648,2
1346,3214317,1735883,2
1347,4398018,3262683,4
1348,1361880,1744811,3
1349,1223354,4208140,3
1350,2377378,2574560,3
1351,1440901,3482871,3
1352,69444,3789363,4
1353,3248527,364458,3
1354,632892,2607954,4
1355,370983,852119,4
1356,3957402,3989690,3
1357,289215,938763,3
1358,1025283,2977357,3
1359,3930883,1625272,3
1360,1926769,4183382,3
1361,4299096,4188270,3
1362,3238785,2616535,4
1363,1325894,2598896,3
1364,67665,382209,3
1365,3658641,1334501,3
1366,559652,20388,2
1367,1236650,3245665,3
1368,444473,3586386,3
1369,3893485,105683,4
1370,1262578,3434396,4
1371,4487749,4513294,4
1372,4175026,165651,3
1373,456895,3833698,4
1374,4794114,577845,4
1375,3207642,4238096,4
1376,2911256,345296,4
1377,1278054,4085567,3
1378,1577581,4420285,4
1379,1979383,4351306,3
1380,1054015,3135338,3
1381,1093575,781031,4
1382,2795094,3649212,4
1383,1233950,3153504,2
1384,3567284,1497894,3
1385,1710577,1310839,4
1386,2686174,10115,4
1387,3730580,3067078,5
1388,4655510,243176,3
1389,4363166,952893,4
1390,4805386,2662315,3
1391,773004,435747,3
1392,2853045,3350833,3
1393,622386,4563330,3
1394,326452,580398,4
1395,1677331,1950471,3
1396,3696903,4627252,3
1397,993398,3117644,3
1398,3946091,261556,3
1399,3197538,1772038,4
1400,4261799,3995236,4
1401,3892940,1131169,3
1402,528340,2537385,5
1403,712547,1102206,3
1404,4819083,3443517,3
1405,2586529,2971250,4
1406,3144269,3965490,2
1407,1453814,4852987,3
1408,395117,3296710,4
1409,4493888,1975369,3
1410,1677157,4671494,4
1411,4655993,3793690,3
1412,3113932,2656185,4
1413,4565735,1072872,3
1414,1050485,3041739,3
1415,700731,3764731,3
1416,1781994,3511998,4
1417,3660326,1588708,4
1418,4505818,2887963,3
1419,1530855,634165,4
1420,2145365,3777242,3
1421,1629000,3863501,3
1422,1139129,294239,2
1423,4139305,1108809,4
1424,4225437,4674411,4
1425,4454647,225124,4
1426,3446942,3258677,4
1427,292084,2102776,3
1428,1427709,4747550,3
1429,697912,4612494,3
1430,3578545,1604914,4
1431,965813,1277950,4
1432,2522287,3273144,3
1433,2200489,4626853,3
1434,551741,4856114,3
1435,211987,2616242,3
1436,2119957,2608710,4
1437,340456,2305549,4
1438,143652,336189,3
1439,656728,4390738,4
1440,2060035,4104762,3
1441,1869476,2462897,3
1442,884526,3327588,4
1443,4798911,2351301,4
1444,3711007,101762,3
1445,3374895,314924,2
1446,4207706,1840022,3
1447,796367,831156,4
1448,3481117,2900535,3
1449,3316377,4094697,4
1450,922843,2710045,4
1451,976193,3888365,4
1452,54323,3358359,3
1453,3093160,866014,4
1454,1924479,3296013,2
1455,3004134,4307753,3
1456,2839397,2652623,2
1457,2730409,45986,3
1458,1695915,4259826,4
1459,4461572,3036365,3
1460,733542,4853330,5
1461,455141,1838184,4
1462,532578,4796771,4
1463,218953,4117610,3
1464,3716915,1548893,4
1465,3053148,2617372,3
1466,2106673,1599860,3
1467,4190805,1636302,4
1468,3961117,714236,3
1469,1377969,4565646,4
1470,1008703,1852018,3
1471,614504,1799445,5
1472,144710,1125599,4
1473,1069609,986979,4
1474,4003133,4204052,3
1475,2073638,1522373,3
1476,779591,1358385,3
1477,1426916,4448254,3
1478,2338507,696808,4
1479,1919947,3056079,3
1480,216300,857288,4
1481,3998824,2428800,3
1482,3504235,1014927,3
1483,2299421,2077429,3
1484,572208,1306207,4
1485,751949,4753457,3
1486,4459325,349769,3
1487,2021996,1096690,3
1488,4582850,4530690,3
1489,1283175,301577,3
1490,425592,804801,3
1491,2044073,3371037,5
1492,569377,4812681,3
1493,2185449,2828364,3
1494,1412406,4302821,3
1495,4243983,1853961,3
1496,317762,801878,4
1497,983607,1480185,3
1498,3236313,2234069,3
1499,3213568,1682097,4
1500,277167,3471248,4
1501,3835319,1977385,5
1502,3451039,36246,3
1503,660986,101003,3
1504,1997835,1654051,5
1505,1620145,1407969,3
1506,4308422,3686117,4
1507,3703565,4115825,3
1508,2313595,3121459,3
1509,3198069,3383073,4
1510,4109862,4482088,3
1511,63419,1701148,4
1512,2739660,3283164,3
1513,2169549,2208689,3
1514,1450320,1541775,3
1515,4278656,4488598,3
1516,1381293,3720786,4
1517,1548572,2946706,4
1518,2641051,1058048,4
1519,309574,1226975,3
1520,3600303,433609,4
1521,1479553,342516,4
1522,3653599,4169815,4
1523,702070,3353876,2
1524,606562,1963907,3
1525,1601288,3038110,3
1526,2612363,1312254,3
1527,4384646,690657,3
1528,4170044,2449547,3
1529,2787002,2382117,3
1530,3656282,183794,3
1531,4757732,4796773,2
1532,4471609,113182,3
1533,158235,2647536,3
1534,3863062,1245989,3
1535,2369634,2796817,3
1536,4779430,2450275,4
1537,841644,378843,4
1538,2069466,4059533,3
1539,4804968,3347711,4
1540,1119602,598319,3
1541,3200364,1635042,3
1542,641893,142116,3
1543,3649600,1586497,4
1544,3705151,1597846,4
1545,2689691,3967571,4
1546,2324971,252017,2
1547,3855867,4500259,4
1548,4392569,1202817,4
1549,4096612,4409813,3
1550,2157499,3852135,2
1551,2434497,1437980,4
1552,4668030,2634700,3
1553,2913556,3913470,4
1554,830202,1086605,3
1555,4245940,981592,3
1556,4589413,3364546,3
1557,294574,3088440,3
1558,2814017,4445347,3
1559,3533123,3086451,3
1560,3229914,2949033,4
1561,970731,519315,4
1562,4688520,2795159,3
1563,269252,2041783,3
1564,4604264,2264881,4
1565,2722351,3640207,3
1566,4013082,3639154,3
1567,3291892,4597493,3
1568,1367655,803481,4
1569,3169340,327965,4
1570,339567,3863742,3
1571,1983366,2984603,3
1572,4259589,3414182,3
1573,1108548,2216042,3
1574,1337541,2322497,4
1575,1829249,1776000,2
1576,1150506,1371900,3
1577,3798250,1328064,3
1578,4724359,2245972,4
1579,4802205,4060090,3
1580,4533563,1194784,4
1581,2548298,2894167,4
1582,2976480,2265640,4
1583,1140217,2539248,3
1584,1708548,3128487,4
1585,3394276,1828719,4
1586,1336173,1310817,3
1587,2947741,3844365,2
1588,2945223,149736,3
1589,2767192,4337224,3
1590,3590756,2009973,3
1591,2581909,4597942,2
1592,4786573,2444440,3
1593,3333959,1274808,4
1594,585893,1378923,4
1595,1629739,1821613,3
1596,758145,2677010,4
1597,3468777,1065417,3
1598,4217929,3666587,3
1599,1157430,2300708,3
1600,101964,1699954,4
1601,1436505,3795525,3
1602,2347696,2595595,3
1603,2624184,1348594,3
1604,813202,3472025,3
1605,3720321,1026468,4
1606,285390,4757441,4
1607,2753362,4057988,3
1608,3146672,2707096,4
1609,4358141,958601,3
1610,908090,325697,3
1611,1863670,4355015,2
1612,1550064,3302485,5
1613,652476,3793631,3
1614,3900509,334414,3
1615,1974922,3824251,3
1616,2171894,2312075,4
1617,7648,1105233,3
1618,3283833,1886356,3
1619,998253,796021,4
1620,4588320,3982440,3
1621,3492319,3917621,3
1622,558571,3113681,4
1623,1813311,1042307,5
1624,4452445,815993,3
1625,259091,4687278,3
1626,2664082,82340,3
1627,1148355,1142141,3
1628,1486685,2635867,2
1629,1086513,1586234,3
1630,4689344,2803220,4
1631,911669,2442177,4
1632,4109446,2322663,3
1633,440942,3263590,3
1634,4031191,2692426,2
1635,3839027,3509400,3
1636,1604735,1817126,3
1637,3269084,137753,4
1638,1624821,4566668,4
1639,1395639,4467748,3
1640,4392240,4085911,4
1641,3035217,2815228,3
1642,621120,4490886,4
1643,979348,3573012,3
1644,4597942,2408952,3
1645,4490242,4346020,2
1646,4857356,838983,3
1647,1433583,146049,2
1648,4121724,1229401,4
1649,3329198,1801676,3
1650,1922454,2405212,3
1651,331205,570353,3
1652,3178553,2635295,4
1653,4373282,2050610,3
1654,206364,678525,4
1655,1309887,3121740,3
1656,2926583,3282169,4
1657,4105847,3050073,3
1658,2028569,3391808,3
1659,381694,299257,4
1660,366904,3540943,3
1661,3341092,838453,3
1662,4768938,213917,3
1663,4392592,2251789,3
1664,4700777,2492280,3
1665,3019958,2913438,3
1666,953115,338263,2
1667,3431400,1069044,3
1668,191334,3397645,3
1669,1854613,3025335,3
1670,2245414,2926500,3
1671,3096596,1595656,3
1672,3647315,2031809,4
1673,4452360,1798255,4
1674,1055988,2289744,4
1675,4695321,502697,4
1676,1729215,1432887,2
1677,756454,1135187,4
1678,4825117,2791656,3
1679,4095564,1735521,4
1680,453052,555666,4
1681,660102,3217561,2
1682,1314264,2037947,4
1683,4283855,3106235,4
1684,829732,3438447,2
1685,1567106,2392359,3
1686,2568622,4345793,4
1687,847174,720538,3
1688,4810264,3403903,4
1689,4544880,3882701,3
1690,466787,2391386,3
1691,2752758,4350947,3
1692,3033736,4180743,3
1693,1534141,2365633,4
1694,845042,4030437,4
1695,3676081,3959120,4
1696,4787400,821686,3
1697,3990283,3661354,4
1698,17605,505563,4
1699,13751,4421587,3
1700,3492398,1981241,4
1701,4148739,4761195,3
1702,125210,570302,3
1703,2891857,2591738,4
1704,2022832,1130429,2
1705,610208,1513384,3
1706,3318070,606201,3
1707,4148694,2251958,3
1708,2231843,178786,4
1709,4739917,4607148,4
1710,3959639,1973051,4
1711,4669595,3942609,3
1712,3385671,4820082,4
1713,2719963,4302399,4
1714,425140,4144645,3
1715,811736,679375,4
1716,224552,1374319,3
1717,3865877,1895005,3
1718,3749748,1864273,3
1719,1932926,4091993,2
1720,2413519,2739191,3
1721,2887639,2351112,3
1722,1881600,1918826,2
1723,1564261,1707715,3
1724,3383620,3114204,3
1725,1989230,3787881,3
1726,1392717,297879,4
1727,3579607,550309,3
1728,4337184,314924,3
1729,1498781,717384,3
1730,4772392,2426217,3
1731,2569366,2811227,3
1732,1815785,2417200,3
1733,471758,4302865,3
1734,2260742,2734382,3
1735,4415061,3416132,3
1736,2655904,649460,4
1737,2175599,2833722,4
1738,3609793,4595137,4
1739,375041,4290690,3
1740,4675165,601790,4
1741,4256381,3173632,3
1742,1890475,4304551,3
1743,3191384,1342069,3
1744,786633,1561146,3
1745,1464372,1513821,4
1746,1411730,4078738,4
1747,1542411,3288760,3
1748,693550,608504,5
1749,597807,2702066,3
1750,2678495,1754969,4
1751,1075781,4861584,3
1752,4679257,676325,3
1753,1479593,4778717,4
1754,715543,1190849,4
1755,1564470,2728864,3
1756,1761110,1372302,3
1757,1749305,532201,3
1758,3473063,453257,4
1759,2238031,2167783,4
1760,420757,1383958,3
1761,39963,4107823,3
1762,317792,3561262,3
1763,1955823,3652986,3
1764,2866126,3512945,3
1765,1981615,3096828,3
1766,1126100,4651509,3
1767,1746838,2163256,2
1768,1589761,1672121,3
1769,3641679,1888220,3
1770,3644646,655904,4
1771,75278,571370,3
1772,1514802,532005,4
1773,606263,4113203,3
1774,3821504,1164968,5
1775,2271643,744460,3
1776,71051,3135365,3
1777,3207225,2264276,3
1778,1382021,4584115,4
1779,2415668,2497732,3
1780,1658177,4244067,2
1781,2525590,2302024,3
1782,4846491,1957800,3
1783,3198433,3823314,2
1784,1220879,3474208,3
1785,2938250,4639113,3
1786,3052079,1956921,3
1787,4732190,4205082,4
1788,2557232,4004905,3
1789,183960,2918923,5
1790,4113405,606898,4
1791,3209795,2480532,2
1792,2651013,3145551,4
1793,2811239,1424079,3
1794,2825828,4177994,3
1795,491128,3927131,2
1796,4674719,3728872,3
1797,552835,4759522,4
1798,643076,101940,3
1799,604305,1032219,4
1800,1958906,3744413,4
1801,3733752,742195,3
1802,1594321,4625087,4
1803,2911862,3784408,3
1804,349869,2627884,3
1805,651837,4058550,2
1806,954573,2008925,4
1807,4565915,2813261,3
1808,1465907,2324744,4
1809,4472299,1521471,4
1810,4581538,1067585,4
1811,3854337,4422019,4
1812,2584054,775014,3
1813,3852631,3314478,2
1814,1630423,2882556,3
1815,1341966,1540392,3
1816,156140,2340324,3
1817,2871053,427804,2
1818,3487420,647017,3
1819,4643656,3344354,3
1820,1396795,1077087,4
1821,4751399,1980682,4
1822,3433219,2606817,3
1823,3698761,3817973,3
1824,651351,965340,5
1825,116792,4746621,4
1826,4851349,3793469,3
1827,3541658,1279255,3
1828,3721646,621120,3
1829,4528745,2248684,4
1830,2112778,316192,2
1831,1326251,2031436,2
1832,2806721,877557,3
1833,3838303,2223881,2
1834,2363814,2659912,3
1835,1300976,1429102,3
1836,911200,4402869,3
1837,577443,3317934,3
1838,4712508,4863728,4
1839,3027281,551353,3
1840,54650,460554,3
1841,194816,4624000,4
1842,4413981,2620518,4
1843,4223704,4132261,2
1844,4475147,3779460,2
1845,2000270,1508782,4
1846,2579609,13060,3
1847,1994441,4322508,3
1848,2402800,2571618,4
1849,1368123,2205635,4
1850,2607301,2616078,3
1851,3981172,319752,3
1852,3337108,966537,2
1853,3925727,49513,4
1854,4355658,4383159,3
1855,1053284,3420607,5
1856,3278182,3593261,3
1857,4562839,3588368,3
1858,11382,4090004,4
1859,873234,478223,3
1860,2665930,3201769,4
1861,1327147,726135,4
1862,4074547,2309358,4
1863,1298087,4530678,2
1864,2506906,4594495,4
1865,2368011,1910808,3
1866,4589904,3332036,3
1867,1327726,1118381,3
1868,3056912,3145991,3
1869,1471887,2903733,4
1870,4338398,13205,5
1871,4492909,4131105,4
1872,2148641,4595137,3
1873,3971074,703386,4
1874,892624,2299269,3
1875,1322684,4403612,3
1876,3370067,615287,4
1877,3458832,4692905,3
1878,1249542,273881,4
1879,1681099,4334809,3
1880,4518416,99929,3
1881,2661137,972491,3
1882,1310018,1561441,3
1883,2895223,1124558,4
1884,2636592,2664795,5
1885,4787702,3377747,3
1886,4494681,2715756,4
1887,619552,865515,3
1888,2172433,1885045,4
1889,995638,2582486,3
1890,4420255,54157,4
1891,4079340,303517,4
1892,2890110,1502867,4
1893,3644551,1776703,3
1894,4809745,1181373,2
1895,4583413,77641,3
1896,4787857,1488238,4
1897,3645574,1560542,4
1898,2058071,4084063,4
1899,2606444,2701313,2
1900,1607095,1480497,4
1901,3231393,4651578,4
1902,3287996,2553811,4
1903,3142808,1776900,3
1904,123691,2655328,3
1905,4750696,361098,3
1906,1551800,1103366,4
1907,1782783,4078473,3
1908,4333506,4342717,3
1909,2760117,4554989,3
1910,2791981,2833751,2
1911,1587881,6364,4
1912,2932022,2293392,4
1913,2126605,6993,4
1914,2307585,4334486,3
1915,1419142,1312108,3
1916,1481222,368896,4
1917,826234,2402159,3
1918,3792997,3552185,3
1919,1676412,3763328,2
1920,599191,4727735,3
1921,1918795,580211,3
1922,3401659,4743417,3
1923,2585410,1433994,3
1924,2461372,226721,3
1925,500201,323760,4
1926,3042280,3992147,3
1927,812338,2053308,2
1928,4442302,4771880,4
1929,1596155,959021,3
1930,1450153,4522901,4
1931,3083369,4586599,4
1932,4815111,1432601,3
1933,4298943,4586468,3
1934,4135447,4851085,4
1935,3353466,4294640,2
1936,691232,401008,3
1937,2803469,1823430,3
1938,3869568,1608239,4
1939,1395530,4517152,4
1940,4026923,12423,4
1941,3560845,3289985,4
1942,2089379,163021,3
1943,2762481,1995073,3
1944,3079359,4074179,3
1945,261562,3418707,2
1946,2436439,260826,4
1947,2795446,1237846,4
1948,1497370,239765,3
1949,742548,1910658,4
1950,3510459,3199855,5
1951,113182,3410823,3
1952,1771597,3195222,4
1953,4910,2882216,4
1954,3716495,76607,3
1955,3772598,877100,4
1956,878959,367410,3
1957,1848218,1725177,4
1958,1914584,1103581,3
1959,821120,4561588,3
1960,785893,946768,4
1961,4822389,4387818,3
1962,4348238,991193,3
1963,306334,975007,4
1964,434593,64001,4
1965,3275002,1005459,4
1966,701764,3193834,3
1967,3991988,4003532,4
1968,3928545,2277157,3
1969,4066452,2534272,3
1970,1776036,4742630,3
1971,3492763,4771141,3
1972,2018936,163021,3
1973,4747431,3823314,2
1974,2833239,1568315,3
1975,243018,3557617,3
1976,951929,2631245,3
1977,2476925,208465,4
1978,630604,3190741,4
1979,671895,2457054,4
1980,2220766,4084740,3
1981,1270278,2941537,3
1982,3532343,3627773,4
1983,3131854,1027488,3
1984,90690,1457589,4
1985,914875,1990908,5
1986,408123,1696091,4
1987,443904,4737571,3
1988,3080022,947544,4
1989,1423553,1525727,3
1990,3578368,159177,4
1991,424411,3625439,3
1992,729364,1905523,3
1993,1836328,3815840,4
1994,3001970,3578789,3
1995,1909985,1139895,3
1996,2361218,4135197,2
1997,4418968,4395510,2
1998,3742712,2221607,4
1999,695432,253467,4
2000,987119,567045,4
