0,source,sink,z1_b_to_a
1,2184483,1300190,0
2,3151356,1452193,0
3,1579396,193159,0
4,1406432,2481036,0
5,2389638,593017,0
6,228206,212805,1
7,1237964,879115,0
8,3318124,1840575,0
9,4522929,1552625,0
10,3406737,3781412,0
11,1567983,3008412,0
12,4370932,2906415,0
13,286240,474307,0
14,4796773,3115614,0
15,2207765,4354226,0
16,1283384,279636,0
17,368544,2431466,0
18,3921857,4512147,0
19,49037,3175009,0
20,61633,1064392,0
21,1459453,654182,0
22,447597,2736867,0
23,2121585,3413796,0
24,933347,1131654,0
25,3733033,488937,0
26,3023014,2817859,0
27,1404783,410037,0
28,1886158,3656408,0
29,3316731,4579088,1
30,2369031,1860112,0
31,2850334,755258,0
32,4606553,2879440,0
33,3013323,2064734,0
34,1653770,1190291,0
35,4540325,202508,0
36,4189431,4404645,0
37,1590268,3824559,0
38,2717491,421433,0
39,71500,2156609,0
40,2422900,325927,0
41,784291,4194667,0
42,3836480,4207316,0
43,2570161,3824301,0
44,2574465,1663756,1
45,195757,4324049,0
46,3501584,624570,0
47,2342205,3520804,0
48,2067826,727427,0
49,4787138,2365654,0
50,2907109,1536763,0
51,2979388,2811074,0
52,2773866,3562714,0
53,3467832,3446682,0
54,209191,3142365,0
55,1630356,2157727,0
56,662368,853327,0
57,3151576,4278188,0
58,2671870,4797151,0
59,3536080,614747,0
60,2541283,1592987,0
61,3848381,903626,0
62,811898,3593324,0
63,231650,4016607,0
64,1305368,3362916,0
65,3275981,2183299,0
66,3863858,4710588,0
67,938826,4543397,0
68,4705108,2629120,0
69,617435,2721940,0
70,2022904,1202849,0
71,4797294,3735230,0
72,2450052,2549546,0
73,24523,497993,0
74,4576342,1043689,0
75,1875903,2638090,0
76,930131,1305103,0
77,3872353,2516690,1
78,217062,20388,1
79,1628755,1120745,0
80,4033899,2555403,0
81,4600810,4690043,0
82,2852252,3901568,0
83,4128817,963520,0
84,4603833,3538910,0
85,2665129,694605,0
86,2506289,2034494,0
87,3755683,4027183,0
88,281045,1477566,1
89,525339,4345638,0
90,2872550,3571822,0
91,3996001,1317062,0
92,1630993,2942968,0
93,3519436,273127,0
94,1072548,4516657,0
95,3385377,21536,0
96,1698628,4155714,0
97,3421725,3521843,1
98,2930692,138960,0
99,3738701,228193,0
100,1729154,1781627,0
101,3763685,3856235,0
102,2141424,1303746,0
103,4842336,3181505,0
104,258948,1471608,0
105,721572,98932,0
106,1943690,492035,1
107,3345713,3762682,0
108,2924614,3377440,0
109,4112224,1051087,0
110,4110767,2609871,0
111,3922567,307495,0
112,558917,3683147,0
113,678764,1677837,0
114,4064525,2308522,0
115,2628408,2510362,0
116,4088436,483355,0
117,4294640,2123719,0
118,1062857,1809556,0
119,3287551,3077116,0
120,2921487,2416082,0
121,2206017,4727122,0
122,1601895,4424787,0
123,4538043,4347620,1
124,2494024,1709398,0
125,2380958,648703,0
126,3786904,871332,0
127,2705657,852814,0
128,2867762,2832683,0
129,4814135,2585300,0
130,1488632,297642,0
131,1789514,2955720,0
132,309474,3636323,0
133,4115547,879781,0
134,4771179,77677,0
135,1541973,2681572,0
136,660741,517853,0
137,4483428,1765722,0
138,2190643,2947163,0
139,2519581,3743967,0
140,4202801,710142,0
141,3417866,1598643,0
142,697388,943197,0
143,3899173,1397388,0
144,3150672,3974467,0
145,4449837,3538291,0
146,35548,3549289,0
147,2707088,2136581,0
148,1586232,3610552,1
149,1735883,1901143,0
150,2968005,1495600,0
151,2873622,3664409,0
152,3691603,3188162,0
153,1655116,365416,0
154,2312268,4219994,0
155,2349671,204712,0
156,1026366,792812,0
157,3417564,2307183,0
158,3687290,1281414,0
159,3327760,600051,0
160,1299905,4474903,0
161,3881924,783583,0
162,111970,2294803,0
163,3736271,433745,0
164,2807537,2703992,0
165,934509,1653156,0
166,4662733,4764472,0
167,1486892,237461,0
168,3026000,4750153,0
169,2436861,4683579,0
170,2295601,494551,0
171,2333576,4066830,0
172,1599720,3262474,0
173,600846,64799,0
174,1285894,2023333,0
175,1590882,971074,0
176,357381,908061,0
177,2345122,743875,0
178,1164538,4273253,0
179,4624816,1789251,0
180,470204,3779626,0
181,2266717,1367613,0
182,2826267,928903,0
183,275804,1725270,0
184,3980329,4675165,1
185,41540,1437899,1
186,1810899,2882556,0
187,1230845,2027917,0
188,2472742,3567788,0
189,4174076,5480,0
190,4819127,543061,0
191,1512639,1757836,1
192,594370,207942,0
193,4066375,4645447,0
194,1326339,639157,0
195,1429554,3308151,0
196,2622002,3723250,0
197,3341679,524043,0
198,2241048,4039025,0
199,2529024,1545613,0
200,644069,2596251,0
201,1813318,1054633,0
202,3655158,37400,0
203,3418483,362485,0
204,408243,4594685,0
205,2105491,3781492,0
206,738704,4658228,0
207,2535426,1266511,0
208,3014450,2569650,0
209,2635308,3237136,0
210,2749135,3229933,1
211,1147295,4463463,0
212,495613,3009965,0
213,1376558,291125,0
214,2021517,4634127,0
215,4519174,520390,0
216,604125,4360758,0
217,3828465,3963629,0
218,2957639,4578655,0
219,4325972,1755579,0
220,1039233,3674322,0
221,1901862,4840530,0
222,2408015,1321954,0
223,4781379,52592,0
224,4583761,4572486,1
225,1476555,4751012,0
226,1636856,4208957,1
227,2038215,4162950,0
228,4216378,2118739,1
229,1136996,3640654,0
230,4178366,3164163,0
231,986629,3346537,0
232,2303520,663713,0
233,4708115,738568,0
234,3769409,1960538,0
235,2844371,3392930,0
236,1320291,3768226,0
237,1817011,3254390,0
238,3337956,1186643,0
239,414390,2341215,0
240,1185153,4799044,0
241,4182445,4255166,0
242,1429988,4034214,0
243,784476,4743804,1
244,1567741,2167167,0
245,378193,3858906,0
246,3193737,852669,0
247,222154,1096330,1
248,837136,4092142,0
249,3001803,1421121,0
250,4497472,970834,0
251,78652,876913,0
252,1740390,2913793,0
253,4608977,2576561,0
254,2146076,3373346,0
255,4043972,3448830,0
256,2066994,3418202,0
257,559972,3695276,0
258,2427345,214090,0
259,1635607,4683806,0
260,4435111,1900279,0
261,541055,1731912,0
262,1745528,2194526,0
263,754926,762964,0
264,2093716,3996594,0
265,4640383,987793,0
266,4298408,420656,0
267,4725488,1747009,1
268,2264477,2991814,0
269,4421319,4161763,0
270,4007453,1159092,0
271,2690596,3915235,0
272,3602451,2065513,0
273,504324,2747208,0
274,30083,1972008,0
275,1025903,2722816,0
276,2607838,4292513,0
277,132853,1928713,0
278,1841790,1805282,0
279,699145,2039550,0
280,1632938,2917594,0
281,740264,775607,0
282,2326042,3593013,0
283,2597890,4398241,0
284,4347620,3709618,0
285,2956481,3808878,0
286,2421138,2173151,1
287,3325878,3941234,0
288,3969780,3375372,0
289,641527,2264701,0
290,3750870,214372,0
291,3136757,2292933,0
292,194271,4138613,0
293,4837795,2032867,0
294,4532809,3889649,0
295,2019222,2153519,0
296,1047207,311498,0
297,2970262,1729215,1
298,1221209,2747564,0
299,268995,1173364,0
300,4427946,1339329,0
301,1607490,654860,0
302,1460872,4581556,0
303,2019845,4577899,0
304,1704367,3164073,0
305,2745910,3104940,1
306,2133929,3867352,0
307,3871942,4799962,0
308,3257910,588337,0
309,765302,2762989,0
310,3960835,4669648,0
311,2629112,1529484,0
312,2073048,421699,0
313,4524669,2949748,0
314,144060,3080263,0
315,3764504,3328639,0
316,433097,4052222,0
317,1986630,2951260,0
318,2398278,209191,1
319,1974705,1581879,0
320,1443500,1164411,0
321,3550092,3753484,0
322,3107199,690742,0
323,2019781,636552,0
324,3478606,1281736,0
325,919613,1735123,0
326,1432948,4331707,0
327,4782388,1065417,1
328,596337,409262,0
329,4106517,3002541,0
330,1065985,4673981,0
331,3757808,890719,0
332,4865292,2472812,0
333,1817278,3209863,0
334,2535495,1937230,0
335,1524949,2845319,0
336,2699583,2224526,0
337,3589315,1592667,0
338,1501709,3370956,0
339,2135899,3893892,0
340,3380008,1519730,0
341,3120092,4618432,0
342,1322906,784341,0
343,155804,834066,0
344,56567,3302825,0
345,432620,112551,0
346,1239755,165055,0
347,2314931,2658417,0
348,3043233,857634,0
349,4444751,719172,0
350,3144674,3401173,0
351,2681125,4245138,0
352,4355412,3494128,0
353,4114591,1582028,0
354,4099850,924833,0
355,103916,2808644,0
356,520324,3222831,0
357,3443992,280322,0
358,2008046,4864558,0
359,1981993,463338,0
360,3004094,819288,0
361,4467857,2374812,0
362,1143671,3610611,0
363,1114213,140603,0
364,2283170,3108276,0
365,3039452,1019859,0
366,298011,2396903,0
367,3491637,3299008,0
368,4345638,1914315,0
369,3193210,370765,0
370,279329,4093834,0
371,1091584,977565,0
372,4310710,290077,0
373,3725239,1818269,0
374,1799182,3537761,0
375,4366747,1672058,0
376,2921853,1063377,1
377,3210136,2558297,0
378,1618265,2401545,0
379,335479,673405,0
380,2393127,315060,0
381,2305619,2629421,0
382,94280,1191204,0
383,3396488,1921136,0
384,1184100,1487302,0
385,3561479,3836738,0
386,2920873,2227745,0
387,3576624,4268303,0
388,527595,1894941,0
389,919165,1264290,0
390,4014552,4632479,0
391,4135084,17392,0
392,245914,1905607,0
393,2618052,4188938,0
394,4836378,4536767,0
395,437876,2566889,1
396,2497998,95673,0
397,1036152,502401,0
398,2585063,3153339,0
399,311952,487639,0
400,4260998,2255438,1
401,795918,448525,0
402,2720299,2127901,0
403,1459605,3749748,0
404,3547614,2860781,0
405,3335130,438964,0
406,1933312,3256959,0
407,3564448,167816,0
408,3432616,2332893,0
409,2633605,1933805,0
410,2832099,593309,0
411,2366431,4838273,0
412,623567,2164839,0
413,3994516,1354897,0
414,2315048,2033602,0
415,1637898,4121411,0
416,892193,4336282,0
417,4578655,3601327,0
418,4152864,1994852,0
419,2533205,2449296,0
420,3035063,3658576,0
421,1063789,1199206,0
422,4717616,489300,0
423,3652352,1702417,1
424,1024682,1315850,0
425,2587055,3472626,0
426,2086863,512769,0
427,1493935,2241589,0
428,941692,3517094,0
429,2912801,871888,0
430,3606548,626239,0
431,2200735,2157328,0
432,3544260,2618757,0
433,1862492,54381,0
434,3445194,2976923,0
435,4114513,3383210,0
436,3744513,1129682,0
437,2055183,1190704,0
438,3592571,377102,1
439,484479,352855,0
440,4518583,1939151,0
441,2741551,3680201,0
442,2589986,4298355,0
443,3446506,3393730,0
444,1080614,1486892,0
445,3819586,3914665,0
446,2232341,2167763,0
447,3663392,2116501,0
448,135756,1415397,0
449,1304570,762511,0
450,3268179,1312177,0
451,1034420,2582486,0
452,1395712,207348,0
453,28366,1841875,1
454,628921,901150,0
455,2156930,302849,1
456,4742865,4011635,0
457,579052,4286269,0
458,3622805,2239775,0
459,1097755,19760,1
460,4681267,4047729,0
461,4214037,1124684,0
462,3328824,4725447,0
463,1632157,3441172,0
464,2733872,2966772,0
465,4402871,3812818,0
466,1807180,817365,0
467,2763391,4023498,0
468,1626617,2819030,0
469,4130943,4188416,0
470,467667,4000293,0
471,585290,2615912,0
472,3437795,2770964,0
473,3206172,4186227,0
474,174802,3795595,0
475,4371955,1776702,0
476,2810159,2277589,0
477,2044305,2746365,0
478,2952533,3517217,0
479,2914124,4682995,0
480,61530,3335540,0
481,4591296,1929062,0
482,4428300,2480985,0
483,46090,1450214,0
484,659769,20462,0
485,636099,1164072,0
486,2407305,95886,0
487,1475238,1917370,0
488,550624,1332575,1
489,3206394,2933565,0
490,3940380,3051327,0
491,273164,1413055,0
492,1957538,4839138,0
493,2749267,3859663,0
494,173719,2037535,0
495,384254,3003794,0
496,410127,290758,0
497,2586954,1166818,0
498,172972,4299050,0
499,2422604,909677,0
500,4326329,732416,0
501,3476921,4329139,0
502,2346396,3113197,0
503,1397316,1548423,0
504,4590349,4475906,0
505,4462368,1729215,0
506,1327440,2866511,0
507,505918,80983,0
508,1041665,246307,0
509,1619831,4149096,0
510,1602676,4821149,0
511,4498800,2530095,0
512,1220744,2494359,0
513,3216894,2917270,0
514,823636,3470096,0
515,2464404,2214631,0
516,2225928,937883,0
517,3874174,3660958,0
518,4510312,4641648,1
519,1772905,1164032,1
520,497126,1813537,0
521,3956535,1366076,0
522,311395,4517546,0
523,691053,2551093,0
524,1202094,4419310,0
525,2511862,702114,0
526,1537593,3531111,1
527,1809060,2755105,0
528,4561995,4101406,0
529,1183256,851822,1
530,2259583,180886,0
531,617956,2413499,0
532,1294163,515021,0
533,2063062,1342577,0
534,1800416,2888042,0
535,4691181,4610787,0
536,1834142,3836704,0
537,949172,2071647,0
538,2536161,4132261,1
539,625451,3547349,0
540,2290078,107998,0
541,3494888,248970,0
542,268519,2884416,1
543,158115,4633431,1
544,4699529,317786,0
545,3256646,751974,0
546,3725632,731420,0
547,2171358,4477620,0
548,931647,1765411,0
549,2744198,3642845,0
550,1765731,1258166,0
551,2649630,1742482,0
552,1641756,2486979,1
553,4036817,1703634,0
554,3849807,2866908,0
555,1167211,1840412,0
556,4766814,3298954,0
557,947762,3341056,0
558,3136926,4534450,0
559,3730870,3175312,1
560,2690278,3761780,1
561,2058283,8356,0
562,2646810,4575002,0
563,3633833,2573172,1
564,4247331,82320,0
565,3983042,2701676,0
566,2093176,2186222,0
567,1412983,2528294,1
568,3920505,4846084,0
569,3320046,4335591,0
570,1262238,1048746,0
571,3059183,1766159,1
572,1495241,4548619,0
573,3717996,3452178,0
574,908046,458466,0
575,319732,3806748,0
576,748200,1665032,0
577,856916,2741764,0
578,2695621,4579955,0
579,4016649,3678951,0
580,3699726,4642092,0
581,4599604,1537367,0
582,4323755,1211774,0
583,117178,2785207,0
584,2934603,2472584,0
585,1432887,2529373,0
586,4493215,2784278,0
587,4159232,4217711,0
588,3756910,1193087,0
589,1648871,4590454,0
590,4458811,3019604,1
591,3148390,2002788,0
592,769445,2986095,0
593,4542296,4029056,0
594,3097604,4305969,0
595,3135278,1898689,1
596,3490385,2303097,0
597,2880138,1230311,0
598,1799854,1094216,0
599,3441024,3198893,0
600,1712592,256053,0
601,1213060,3485270,0
602,674419,1687481,0
603,2253113,4199739,0
604,1687100,4699308,0
605,1687914,1492115,0
606,4467644,4597686,0
607,1287150,4587728,0
608,885888,2401150,0
609,4059232,1934540,0
610,2167353,2927967,0
611,2431787,2243309,0
612,4066935,3061931,1
613,2912103,2616761,0
614,1451983,4398710,0
615,1760195,3815591,0
616,1268923,4185459,0
617,3584579,4561007,0
618,3210823,4593452,0
619,2679215,4079576,0
620,3308965,1499488,0
621,1308257,1360090,0
622,4556619,524247,0
623,3464435,3158801,0
624,4834181,1615948,0
625,4548696,2910685,0
626,1486569,380005,0
627,1221273,4569835,0
628,1504438,1269021,0
629,273892,4626132,0
630,4312824,3833152,0
631,2240718,1337977,0
632,1187945,4097285,0
633,1628691,4570236,0
634,3764155,1080529,0
635,2259251,4196528,0
636,2299390,1491019,0
637,1049492,398291,0
638,233391,2965375,0
639,717673,3995418,1
640,2941407,2964315,0
641,682761,1558128,0
642,4352101,697201,0
643,4239933,2533625,0
644,1068581,2394046,0
645,1176065,3366522,0
646,2913818,4272458,1
647,4159234,597760,0
648,4818958,708203,0
649,3192626,1092178,0
650,3438286,4629375,0
651,879908,4254453,0
652,1954387,610672,0
653,1452,3373263,0
654,4207021,606980,0
655,1413126,2746611,0
656,3149884,128838,0
657,2598830,299664,0
658,3017206,948009,0
659,970600,2125683,0
660,1211741,4121054,0
661,2835234,570107,0
662,675370,1471569,0
663,4610268,1275066,0
664,1584806,1092555,0
665,2904717,762869,0
666,3892708,1170664,0
667,3976780,1552898,0
668,1808958,3153165,0
669,3293844,282738,0
670,2027803,2619844,0
671,250137,2976917,0
672,4418160,3626136,0
673,3372601,3785031,0
674,3318630,701503,1
675,3961269,303000,0
676,1978642,1969680,0
677,1285540,3833101,0
678,4399173,2631408,0
679,1225417,3677077,0
680,1917370,970119,0
681,716749,4720136,0
682,2164938,2616090,0
683,4021250,1378011,0
684,1898939,2124762,0
685,725231,2353568,0
686,1072647,2289244,0
687,3316884,1440533,0
688,2308616,4597182,0
689,2468610,1173627,0
690,4280660,4011543,0
691,4358480,2619379,0
692,4247587,4266094,0
693,1362833,4644467,0
694,4849080,384166,0
695,2933517,1722935,0
696,251110,4829418,0
697,3046801,4326881,0
698,3300747,409240,0
699,2205989,736972,0
700,4759196,2959134,0
701,352777,1582441,0
702,4732444,4677915,0
703,1450478,3800540,0
704,3345046,4255985,0
705,807609,2070084,1
706,1893341,2401643,0
707,3968198,1413750,0
708,3502346,4395778,1
709,3424526,865480,0
710,3997092,847152,0
711,871619,88771,0
712,3591727,4128045,0
713,812874,2576794,0
714,2967237,819090,0
715,2683846,1765869,0
716,3933860,4187117,0
717,3755255,3173162,0
718,4479676,2054407,0
719,1092129,4740893,0
720,2978353,487236,0
721,2831459,3748022,0
722,1861711,3429791,0
723,128268,3306286,0
724,4447307,3657540,0
725,4583130,4195270,0
726,1903802,3756910,1
727,1226964,4506897,0
728,4122877,478112,0
729,3531100,4818685,0
730,4722544,1565469,0
731,492776,2057832,1
732,202406,1370056,0
733,739365,4478927,0
734,3130360,3381180,0
735,3971343,774221,0
736,1639225,497594,1
737,3080878,3107755,0
738,314720,466302,0
739,4074945,67911,0
740,4627005,3010945,0
741,3763328,2178305,0
742,265346,3088232,1
743,3446384,679574,0
744,887938,3994705,0
745,3223920,2516690,1
746,4858799,4350911,0
747,4510458,1127255,0
748,2270094,2546813,0
749,4060750,2393523,0
750,4282575,3861442,0
751,3251045,3297002,0
752,3031208,664506,0
753,3434262,3173953,0
754,2226291,4082571,0
755,2032980,4096612,1
756,4143745,683678,0
757,2220133,979255,0
758,552690,1513515,0
759,2089216,4666032,0
760,734968,4266986,0
761,748396,3222295,0
762,3473274,4010152,0
763,401726,1700117,0
764,4205304,4326349,0
765,713973,3737538,0
766,268979,3902256,0
767,1774406,2445713,0
768,1566271,3727886,0
769,1747009,542316,0
770,3760607,1428975,0
771,2062066,3937192,0
772,2469227,2769934,0
773,463854,2442529,0
774,3369814,1205255,0
775,268091,1807947,0
776,3561896,257577,0
777,4181239,2507601,0
778,745210,3851609,0
779,4247950,4173475,1
780,4611286,3527826,0
781,3094990,3311965,0
782,4459514,1633484,0
783,2814285,4198583,0
784,2152778,2815618,0
785,9202,1609289,0
786,2858107,3025604,0
787,3881850,3284336,0
788,1200874,703387,0
789,1730864,4776931,0
790,1976020,3906437,0
791,3478937,4411245,0
792,2606468,2151625,0
793,810847,3601552,0
794,2518054,3994251,0
795,4730476,3723065,0
796,2675276,1802531,0
797,274343,996371,0
798,3650803,3477517,0
799,1159131,3007594,0
800,4660393,1063328,0
801,1430292,3755407,0
802,4855215,3292438,0
803,155341,4215650,0
804,4791237,668241,0
805,504848,1473701,0
806,812688,440093,0
807,1218819,4522612,0
808,904699,3825480,0
809,3371729,3273144,0
810,2518902,2524567,0
811,2608048,891969,0
812,133167,3827835,0
813,1735998,2685390,0
814,1851023,2661301,0
815,4223007,4651979,0
816,2978385,4096612,1
817,2982118,2890172,0
818,1985096,3281495,0
819,2872865,772280,0
820,1730546,2700195,0
821,3759171,3267798,0
822,1474194,1736248,1
823,136049,1205898,0
824,779856,2791664,1
825,2976069,2589511,0
826,56121,3118599,0
827,752326,4027234,0
828,1129405,1073098,0
829,4219582,352759,0
830,67800,1774334,0
831,1562061,3275980,0
832,4469172,3056997,0
833,1632644,2747148,0
834,2103452,2394094,0
835,1792282,1275575,0
836,2337068,2777919,0
837,383188,487074,0
838,3624273,1694426,0
839,1927607,3784976,0
840,2564846,3871166,0
841,469289,3658913,0
842,3579512,3070342,0
843,3609789,1916723,1
844,1005255,2558769,0
845,4820881,4005729,0
846,2666350,3968888,0
847,979653,1836007,0
848,3156444,3459373,0
849,3454223,3088232,0
850,1691726,1990675,0
851,1938140,1764317,0
852,2920273,123591,0
853,4778699,1201096,0
854,267534,1380378,0
855,1135603,2685283,1
856,4743153,535280,0
857,4164647,4571277,0
858,3251800,3853574,0
859,142496,2824480,0
860,1353165,2287915,0
861,4721192,3288243,1
862,148935,1140025,1
863,754986,4625985,0
864,3100893,2493630,0
865,1456698,2760565,0
866,3167544,3065172,0
867,1615945,2471103,0
868,923082,3893890,0
869,3615734,3970114,0
870,2299912,1008064,0
871,609330,1397316,0
872,2338838,4834648,0
873,2017826,2903363,0
874,1049150,4124480,0
875,2608376,3824501,0
876,1482666,1660395,0
877,1306100,1678282,0
878,2826278,3611999,0
879,2395078,2721855,0
880,3680790,2927670,0
881,4272458,151153,0
882,3596185,1595754,0
883,370525,4291780,0
884,2226097,1974361,0
885,431391,1102747,0
886,300097,726929,0
887,750926,2586375,0
888,153480,4192365,0
889,3506025,212805,0
890,2452484,2199228,0
891,1233851,3304718,0
892,456126,2103578,0
893,3286368,1614313,0
894,759809,1677060,0
895,3538278,1922398,0
896,783972,4757627,0
897,2085193,3886160,0
898,623444,2262983,0
899,1219418,528928,0
900,1998627,538998,0
901,573693,3400944,0
902,1101947,1959052,0
903,3887171,617576,0
904,4093525,4161490,0
905,1711569,1503250,0
906,1318170,2766614,0
907,2915489,2434223,0
908,4713292,1735687,0
909,4342160,4836932,0
910,563322,1340111,0
911,922949,1049281,0
912,1455727,1967550,0
913,4347727,2401865,0
914,1779478,4553620,0
915,820951,1133567,0
916,1295223,3606238,0
917,234766,1989292,0
918,495684,2052579,0
919,2604474,262528,0
920,4457096,3095483,0
921,3225386,1483950,1
922,3959449,2151517,0
923,2695091,2128045,0
924,2245867,2784159,0
925,1719345,2177982,0
926,3795465,4690299,0
927,2902003,1374445,0
928,1895458,1253026,0
929,888120,888836,0
930,4866498,2486525,0
931,184687,4696690,0
932,2871308,1064883,0
933,552693,4180588,0
934,460696,978745,0
935,3721072,2717219,0
936,242742,637362,0
937,4147170,3324817,0
938,1299015,127123,0
939,833087,907052,1
940,137437,4005148,0
941,2474997,2999710,0
942,4137763,2898182,0
943,475232,3873884,0
944,2519600,3144985,0
945,851486,1253335,0
946,1484675,2555689,0
947,863325,3528798,0
948,865410,2270767,0
949,1588061,4013191,0
950,2975625,2363738,0
951,919101,1522214,0
952,3893222,4116046,0
953,4759359,824031,0
954,3298060,3649303,0
955,1618544,1613382,0
956,2324352,816913,0
957,4499487,3804486,0
958,861461,2833178,0
959,2713798,2885043,0
960,2475214,343584,0
961,2815706,716282,0
962,810494,785119,0
963,3743292,29959,1
964,4022436,2309371,0
965,1576600,3241571,0
966,3164595,727760,0
967,2342340,2371785,0
968,3318025,3258850,0
969,854025,2258576,0
970,3446567,621120,0
971,3067879,2330265,0
972,989455,1268920,0
973,3517389,843636,0
974,2506342,1857594,0
975,863783,4395944,0
976,1632116,1528823,0
977,2359631,4515216,1
978,3317934,3629131,1
979,2932339,2350634,0
980,927463,1514817,0
981,3598083,1721413,0
982,2429371,9946,0
983,1039279,3411931,0
984,2895068,3918393,0
985,1854023,1483116,0
986,725415,2082827,0
987,1202857,1678405,0
988,3689215,1218296,0
989,4528705,1142702,0
990,4034438,711824,0
991,3782034,3556169,0
992,1014721,1666556,0
993,3270580,3395510,0
994,2324422,4426524,0
995,1194190,345813,0
996,2625217,1996375,0
997,2824005,2211339,0
998,1576591,4166917,0
999,380525,4664852,0
1000,3993072,2416078,0
1001,1094048,594102,0
1002,4600134,624993,0
1003,2764263,2893207,0
1004,4177865,2882100,0
1005,4623321,4808386,0
1006,3718908,4679904,1
1007,2745387,3910839,0
1008,3195688,112647,0
1009,1813368,1770441,1
1010,2009930,4758377,0
1011,1787403,2443214,0
1012,4726874,1894531,0
1013,127950,3728341,0
1014,3794842,3706176,1
1015,3296250,3535207,1
1016,4811622,757734,0
1017,3683564,2701054,0
1018,1283657,689821,0
1019,3836659,4321162,1
1020,1488401,3872415,0
1021,31098,1030864,0
1022,2451660,1970291,1
1023,718458,3720766,0
1024,2002799,4114575,0
1025,2005497,2338090,0
1026,2118551,3452067,0
1027,3778796,254059,0
1028,4348766,3973930,0
1029,3475909,1973662,0
1030,240027,3855745,0
1031,4263251,2518627,0
1032,942440,2191992,0
1033,850459,456126,0
1034,3716119,3025121,0
1035,988417,1104604,0
1036,5221,2981668,0
1037,2021460,243830,0
1038,4774646,1196225,0
1039,2435515,143446,0
1040,3941703,211323,0
1041,651778,2540894,0
1042,477326,3487516,0
1043,3861672,3647364,0
1044,4749201,2707342,0
1045,1255094,3818809,0
1046,437391,1021368,0
1047,4817391,4563454,0
1048,3910665,3985168,0
1049,1150281,4486106,0
1050,4858996,1582222,0
1051,4204662,2133364,0
1052,3656099,1380448,0
1053,4788248,2048276,0
1054,4716646,448823,1
1055,2844962,2757201,0
1056,2161230,2087517,0
1057,3808182,3103806,0
1058,419149,4406065,0
1059,3847967,357466,0
1060,987441,824382,0
1061,4762542,2767142,0
1062,2914647,4841268,0
1063,1275299,1593758,0
1064,3757241,3248594,0
1065,219686,2015738,0
1066,3249932,1068993,0
1067,2704231,3435043,0
1068,2691310,3640458,0
1069,2581947,3759750,0
1070,1689039,3927655,0
1071,2694816,2207956,0
1072,4405100,2051732,0
1073,3352123,3510148,0
1074,2584682,3162385,0
1075,2680834,4254453,0
1076,3202510,2092295,0
1077,4468086,532755,0
1078,575651,4258315,0
1079,2883988,824046,0
1080,4008358,4483821,0
1081,2939315,3155408,0
1082,4839526,3833152,0
1083,3507863,177506,0
1084,4619061,4289016,0
1085,4380434,3731768,0
1086,3213547,2706025,0
1087,4094697,212805,0
1088,1927960,1579810,0
1089,2640387,100754,0
1090,3852854,3785477,0
1091,1700836,350886,0
1092,871160,3340066,0
1093,2772925,2456239,0
1094,1548013,1078672,0
1095,2242956,3882590,0
1096,3603630,3489034,0
1097,1064556,3912526,0
1098,19760,5113,0
1099,740005,4510860,0
1100,4765846,605639,0
1101,2609436,653633,0
1102,2766747,321857,0
1103,4094066,1628264,0
1104,1246601,1897862,0
1105,4232521,2779791,0
1106,2554658,3240496,0
1107,415254,3129186,0
1108,4400995,1187964,0
1109,2850445,1118530,0
1110,3729828,2294440,0
1111,3370783,4790649,1
1112,3001815,74323,0
1113,3394828,2633571,0
1114,117653,1995601,0
1115,1675257,4723059,0
1116,3897513,733605,0
1117,19484,749672,0
1118,4284282,4516132,0
1119,833524,3841591,0
1120,3879365,4329629,0
1121,4251792,57883,0
1122,2835662,2379122,0
1123,2313654,3448488,0
1124,3800305,4420839,0
1125,399565,2956791,0
1126,579536,3165162,0
1127,225697,982493,0
1128,457555,1106852,0
1129,4857001,321177,0
1130,4655006,1987945,0
1131,3163774,3004014,0
1132,4498101,2926541,1
1133,2807375,3247071,0
1134,3222303,1081619,0
1135,4736009,1835245,0
1136,401959,2653845,0
1137,813047,3009562,0
1138,2899933,536723,0
1139,4154717,2424452,1
1140,1413512,3299579,0
1141,2940424,1904054,0
1142,602340,107996,0
1143,1011757,3739100,1
1144,940042,4253433,0
1145,3905250,452890,0
1146,3066444,685095,0
1147,1325436,3202770,0
1148,125872,1465269,0
1149,3407905,765543,0
1150,2623580,2337217,0
1151,4211984,2596286,0
1152,2349594,959247,0
1153,2061150,3837284,0
1154,1399058,1796644,1
1155,12547,957725,0
1156,2361673,2593954,0
1157,3305322,3169329,0
1158,702865,166306,0
1159,4311665,2499401,0
1160,4052122,2588244,0
1161,2187451,3356265,0
1162,2544398,4360802,0
1163,1164032,4779044,0
1164,4125905,723257,1
1165,3169284,2502590,0
1166,1360006,475380,0
1167,3158482,4350093,1
1168,3082677,3108490,0
1169,3139086,4343940,0
1170,1044619,1269131,0
1171,2390374,4143831,0
1172,4779046,4399430,0
1173,4420475,2868440,1
1174,815236,2155768,0
1175,1676054,2238637,1
1176,842454,1847353,0
1177,153792,778021,0
1178,336290,87195,0
1179,2410512,3528096,0
1180,3185337,1129762,0
1181,4086406,4539579,0
1182,4174741,1729680,0
1183,1429183,19269,0
1184,1479088,3296983,0
1185,4139326,1040056,0
1186,4311720,3703326,0
1187,322366,3277122,0
1188,2153824,4079268,0
1189,3690840,3870459,0
1190,1351195,899384,0
1191,1434155,4593423,1
1192,4315651,2905649,0
1193,3064744,4544439,0
1194,4034922,2589566,0
1195,2845752,3671414,0
1196,3526944,4061862,0
1197,4376408,732151,0
1198,1949391,2153670,0
1199,654545,2988500,0
1200,4223263,1730211,0
1201,1073493,777566,0
1202,566130,3072002,0
1203,2198631,4151869,0
1204,193805,2692947,0
1205,1076285,3926802,0
1206,3623028,873318,0
1207,1313574,594010,0
1208,4080369,357567,0
1209,3541501,2386108,0
1210,4388455,290600,0
1211,978544,4006430,0
1212,2758155,4793999,0
1213,3148813,4008655,1
1214,886710,2924181,0
1215,4600732,1149539,0
1216,1509450,4095467,0
1217,4572867,1104006,0
1218,4222997,2017471,0
1219,979255,2387274,0
1220,3443847,2887128,0
1221,1514261,2948384,0
1222,4720585,1171375,0
1223,3758681,2083451,1
1224,475690,4597102,0
1225,1333051,3296285,0
1226,4287735,1584619,0
1227,404943,2187723,0
1228,4403473,287108,0
1229,1695500,2846784,0
1230,1164371,237082,0
1231,2560408,4305715,0
1232,185853,1109441,0
1233,4325261,1991267,0
1234,1223102,3696730,0
1235,2819109,242455,0
1236,1535073,4743804,0
1237,762479,2791241,0
1238,4147354,4141931,0
1239,547157,624837,0
1240,4459145,1145009,1
1241,460728,2556091,0
1242,4306404,4760153,0
1243,2739333,4405133,0
1244,3684207,3990211,0
1245,925412,184085,0
1246,3694046,1520254,1
1247,2481712,3463660,0
1248,3089257,428189,0
1249,1896939,1694355,0
1250,2085462,3162560,1
1251,4315155,4288798,0
1252,2939884,2157122,0
1253,2712752,1770518,0
1254,629031,3388216,1
1255,3259802,4582461,0
1256,2870198,4470008,0
1257,2628106,1238203,0
1258,1181282,657511,0
1259,3498717,4516447,0
1260,154714,2622445,0
1261,2261005,4858197,0
1262,3491685,714035,1
1263,1574437,137934,0
1264,2506473,1266825,0
1265,2005701,90125,0
1266,272134,3894567,0
1267,4523563,4529968,0
1268,680757,377629,0
1269,362148,3410967,0
1270,2472584,3513910,0
1271,127619,4234840,0
1272,1301087,3467005,0
1273,2631035,3967228,0
1274,2730650,4519597,0
1275,3392535,3653797,0
1276,775328,1776702,1
1277,2319421,2990704,1
1278,4025298,4761250,0
1279,4054509,4314283,0
1280,4425037,2781628,0
1281,2237222,1192436,0
1282,3336834,3106848,0
1283,2494843,2829288,0
1284,3216710,4324862,0
1285,1038362,4322367,0
1286,3939380,151427,0
1287,3474714,837222,0
1288,2690307,848246,0
1289,4258438,1440232,0
1290,1499536,762056,0
1291,1410000,3198135,0
1292,4079269,890960,0
1293,2761066,724868,0
1294,1445324,4820881,0
1295,2402582,2354103,0
1296,4117461,4607502,0
1297,572226,791325,0
1298,273715,476407,0
1299,1747728,3849492,0
1300,3561052,4007276,0
1301,18331,3593013,0
1302,919215,32933,0
1303,1304820,4276097,0
1304,1525671,1400706,0
1305,3494194,3501344,0
1306,4305360,2759898,0
1307,3473703,1105946,0
1308,4793374,2883450,1
1309,4043495,325891,0
1310,2973142,1374657,0
1311,2290322,4486882,0
1312,2653433,90257,0
1313,4454192,4332029,0
1314,3196935,4053811,0
1315,3824752,2725607,0
1316,1745731,2243983,0
1317,3089513,2403010,0
1318,2735303,622071,0
1319,4559986,3378736,0
1320,3600628,2064607,0
1321,3905067,3393225,0
1322,2096490,1246259,1
1323,3029390,379057,0
1324,1832518,4370950,0
1325,188743,2092812,0
1326,2447113,410275,0
1327,2307937,4048147,0
1328,4690365,1339133,0
1329,3200341,3453522,0
1330,2956147,2501960,0
1331,1227156,3239338,0
1332,3440116,1891147,0
1333,739545,2223912,0
1334,3332801,4155389,0
1335,4630411,726638,0
1336,3292676,2597381,0
1337,4361726,534121,1
1338,3768380,1423570,0
1339,176774,1047789,0
1340,2589604,807761,0
1341,2161208,473130,0
1342,760911,2675321,0
1343,1674134,2435135,0
1344,616538,4161676,0
1345,554768,3078648,1
1346,3214317,1735883,1
1347,4398018,3262683,0
1348,1361880,1744811,0
1349,1223354,4208140,0
1350,2377378,2574560,0
1351,1440901,3482871,0
1352,69444,3789363,0
1353,3248527,364458,0
1354,632892,2607954,0
1355,370983,852119,0
1356,3957402,3989690,0
1357,289215,938763,0
1358,1025283,2977357,0
1359,3930883,1625272,0
1360,1926769,4183382,0
1361,4299096,4188270,0
1362,3238785,2616535,0
1363,1325894,2598896,0
1364,67665,382209,0
1365,3658641,1334501,0
1366,559652,20388,1
1367,1236650,3245665,0
1368,444473,3586386,0
1369,3893485,105683,0
1370,1262578,3434396,0
1371,4487749,4513294,0
1372,4175026,165651,0
1373,456895,3833698,0
1374,4794114,577845,0
1375,3207642,4238096,0
1376,2911256,345296,0
1377,1278054,4085567,0
1378,1577581,4420285,0
1379,1979383,4351306,0
1380,1054015,3135338,0
1381,1093575,781031,0
1382,2795094,3649212,0
1383,1233950,3153504,1
1384,3567284,1497894,0
1385,1710577,1310839,0
1386,2686174,10115,0
1387,3730580,3067078,0
1388,4655510,243176,0
1389,4363166,952893,0
1390,4805386,2662315,0
1391,773004,435747,0
1392,2853045,3350833,0
1393,622386,4563330,0
1394,326452,580398,0
1395,1677331,1950471,0
1396,3696903,4627252,0
1397,993398,3117644,0
1398,3946091,261556,0
1399,3197538,1772038,0
1400,4261799,3995236,0
1401,3892940,1131169,0
1402,528340,2537385,0
1403,712547,1102206,0
1404,4819083,3443517,0
1405,2586529,2971250,0
1406,3144269,3965490,1
1407,1453814,4852987,0
1408,395117,3296710,0
1409,4493888,1975369,0
1410,1677157,4671494,0
1411,4655993,3793690,0
1412,3113932,2656185,0
1413,4565735,1072872,0
1414,1050485,3041739,0
1415,700731,3764731,0
1416,1781994,3511998,0
1417,3660326,1588708,0
1418,4505818,2887963,0
1419,1530855,634165,0
1420,2145365,3777242,0
1421,1629000,3863501,0
1422,1139129,294239,1
1423,4139305,1108809,0
1424,4225437,4674411,0
1425,4454647,225124,0
1426,3446942,3258677,0
1427,292084,2102776,0
1428,1427709,4747550,0
1429,697912,4612494,0
1430,3578545,1604914,0
1431,965813,1277950,0
1432,2522287,3273144,0
1433,2200489,4626853,0
1434,551741,4856114,0
1435,211987,2616242,0
1436,2119957,2608710,0
1437,340456,2305549,0
1438,143652,336189,0
1439,656728,4390738,0
1440,2060035,4104762,0
1441,1869476,2462897,0
1442,884526,3327588,0
1443,4798911,2351301,0
1444,3711007,101762,0
1445,3374895,314924,1
1446,4207706,1840022,0
1447,796367,831156,0
1448,3481117,2900535,0
1449,3316377,4094697,0
1450,922843,2710045,0
1451,976193,3888365,0
1452,54323,3358359,0
1453,3093160,866014,0
1454,1924479,3296013,1
1455,3004134,4307753,0
1456,2839397,2652623,1
1457,2730409,45986,0
1458,1695915,4259826,0
1459,4461572,3036365,0
1460,733542,4853330,0
1461,455141,1838184,0
1462,532578,4796771,0
1463,218953,4117610,0
1464,3716915,1548893,0
1465,3053148,2617372,0
1466,2106673,1599860,0
1467,4190805,1636302,0
1468,3961117,714236,0
1469,1377969,4565646,0
1470,1008703,1852018,0
1471,614504,1799445,0
1472,144710,1125599,0
1473,1069609,986979,0
1474,4003133,4204052,0
1475,2073638,1522373,0
1476,779591,1358385,0
1477,1426916,4448254,0
1478,2338507,696808,0
1479,1919947,3056079,0
1480,216300,857288,0
1481,3998824,2428800,0
1482,3504235,1014927,0
1483,2299421,2077429,0
1484,572208,1306207,0
1485,751949,4753457,0
1486,4459325,349769,0
1487,2021996,1096690,0
1488,4582850,4530690,0
1489,1283175,301577,0
1490,425592,804801,0
1491,2044073,3371037,0
1492,569377,4812681,0
1493,2185449,2828364,0
1494,1412406,4302821,0
1495,4243983,1853961,0
1496,317762,801878,0
1497,983607,1480185,0
1498,3236313,2234069,0
1499,3213568,1682097,0
1500,277167,3471248,0
1501,3835319,1977385,0
1502,3451039,36246,0
1503,660986,101003,0
1504,1997835,1654051,0
1505,1620145,1407969,0
1506,4308422,3686117,0
1507,3703565,4115825,0
1508,2313595,3121459,0
1509,3198069,3383073,0
1510,4109862,4482088,0
1511,63419,1701148,0
1512,2739660,3283164,0
1513,2169549,2208689,0
1514,1450320,1541775,0
1515,4278656,4488598,0
1516,1381293,3720786,0
1517,1548572,2946706,0
1518,2641051,1058048,0
1519,309574,1226975,0
1520,3600303,433609,0
1521,1479553,342516,0
1522,3653599,4169815,0
1523,702070,3353876,1
1524,606562,1963907,0
1525,1601288,3038110,0
1526,2612363,1312254,0
1527,4384646,690657,0
1528,4170044,2449547,0
1529,2787002,2382117,0
1530,3656282,183794,0
1531,4757732,4796773,1
1532,4471609,113182,0
1533,158235,2647536,0
1534,3863062,1245989,0
1535,2369634,2796817,0
1536,4779430,2450275,0
1537,841644,378843,0
1538,2069466,4059533,0
1539,4804968,3347711,0
1540,1119602,598319,0
1541,3200364,1635042,0
1542,641893,142116,0
1543,3649600,1586497,0
1544,3705151,1597846,0
1545,2689691,3967571,0
1546,2324971,252017,1
1547,3855867,4500259,0
1548,4392569,1202817,0
1549,4096612,4409813,0
1550,2157499,3852135,1
1551,2434497,1437980,0
1552,4668030,2634700,0
1553,2913556,3913470,0
1554,830202,1086605,0
1555,4245940,981592,0
1556,4589413,3364546,0
1557,294574,3088440,0
1558,2814017,4445347,0
1559,3533123,3086451,0
1560,3229914,2949033,0
1561,970731,519315,0
1562,4688520,2795159,0
1563,269252,2041783,0
1564,4604264,2264881,0
1565,2722351,3640207,0
1566,4013082,3639154,0
1567,3291892,4597493,0
1568,1367655,803481,0
1569,3169340,327965,0
1570,339567,3863742,0
1571,1983366,2984603,0
1572,4259589,3414182,0
1573,1108548,2216042,0
1574,1337541,2322497,0
1575,1829249,1776000,1
1576,1150506,1371900,0
1577,3798250,1328064,0
1578,4724359,2245972,0
1579,4802205,4060090,0
1580,4533563,1194784,0
1581,2548298,2894167,0
1582,2976480,2265640,0
1583,1140217,2539248,0
1584,1708548,3128487,0
1585,3394276,1828719,0
1586,1336173,1310817,0
1587,2947741,3844365,1
1588,2945223,149736,0
1589,2767192,4337224,0
1590,3590756,2009973,0
1591,2581909,4597942,1
1592,4786573,2444440,0
1593,3333959,1274808,0
1594,585893,1378923,0
1595,1629739,1821613,0
1596,758145,2677010,0
1597,3468777,1065417,0
1598,4217929,3666587,0
1599,1157430,2300708,0
1600,101964,1699954,0
1601,1436505,3795525,0
1602,2347696,2595595,0
1603,2624184,1348594,0
1604,813202,3472025,0
1605,3720321,1026468,0
1606,285390,4757441,0
1607,2753362,4057988,0
1608,3146672,2707096,0
1609,4358141,958601,0
1610,908090,325697,0
1611,1863670,4355015,1
1612,1550064,3302485,0
1613,652476,3793631,0
1614,3900509,334414,0
1615,1974922,3824251,0
1616,2171894,2312075,0
1617,7648,1105233,0
1618,3283833,1886356,0
1619,998253,796021,0
1620,4588320,3982440,0
1621,3492319,3917621,0
1622,558571,3113681,0
1623,1813311,1042307,0
1624,4452445,815993,0
1625,259091,4687278,0
1626,2664082,82340,0
1627,1148355,1142141,0
1628,1486685,2635867,1
1629,1086513,1586234,0
1630,4689344,2803220,0
1631,911669,2442177,0
1632,4109446,2322663,0
1633,440942,3263590,0
1634,4031191,2692426,1
1635,3839027,3509400,0
1636,1604735,1817126,0
1637,3269084,137753,0
1638,1624821,4566668,0
1639,1395639,4467748,0
1640,4392240,4085911,0
1641,3035217,2815228,0
1642,621120,4490886,0
1643,979348,3573012,0
1644,4597942,2408952,0
1645,4490242,4346020,1
1646,4857356,838983,0
1647,1433583,146049,1
1648,4121724,1229401,0
1649,3329198,1801676,0
1650,1922454,2405212,0
1651,331205,570353,0
1652,3178553,2635295,0
1653,4373282,2050610,0
1654,206364,678525,0
1655,1309887,3121740,0
1656,2926583,3282169,0
1657,4105847,3050073,0
1658,2028569,3391808,0
1659,381694,299257,0
1660,366904,3540943,0
1661,3341092,838453,0
1662,4768938,213917,0
1663,4392592,2251789,0
1664,4700777,2492280,0
1665,3019958,2913438,0
1666,953115,338263,1
1667,3431400,1069044,0
1668,191334,3397645,0
1669,1854613,3025335,0
1670,2245414,2926500,0
1671,3096596,1595656,0
1672,3647315,2031809,0
1673,4452360,1798255,0
1674,1055988,2289744,0
1675,4695321,502697,0
1676,1729215,1432887,1
1677,756454,1135187,0
1678,4825117,2791656,0
1679,4095564,1735521,0
1680,453052,555666,0
1681,660102,3217561,1
1682,1314264,2037947,0
1683,4283855,3106235,0
1684,829732,3438447,1
1685,1567106,2392359,0
1686,2568622,4345793,0
1687,847174,720538,0
1688,4810264,3403903,0
1689,4544880,3882701,0
1690,466787,2391386,0
1691,2752758,4350947,0
1692,3033736,4180743,0
1693,1534141,2365633,0
1694,845042,4030437,0
1695,3676081,3959120,0
1696,4787400,821686,0
1697,3990283,3661354,0
1698,17605,505563,0
1699,13751,4421587,0
1700,3492398,1981241,0
1701,4148739,4761195,0
1702,125210,570302,0
1703,2891857,2591738,0
1704,2022832,1130429,1
1705,610208,1513384,0
1706,3318070,606201,0
1707,4148694,2251958,0
1708,2231843,178786,0
1709,4739917,4607148,0
1710,3959639,1973051,0
1711,4669595,3942609,0
1712,3385671,4820082,0
1713,2719963,4302399,0
1714,425140,4144645,0
1715,811736,679375,0
1716,224552,1374319,0
1717,3865877,1895005,0
1718,3749748,1864273,0
1719,1932926,4091993,1
1720,2413519,2739191,0
1721,2887639,2351112,0
1722,1881600,1918826,1
1723,1564261,1707715,0
1724,3383620,3114204,0
1725,1989230,3787881,0
1726,1392717,297879,0
1727,3579607,550309,0
1728,4337184,314924,0
1729,1498781,717384,0
1730,4772392,2426217,0
1731,2569366,2811227,0
1732,1815785,2417200,0
1733,471758,4302865,0
1734,2260742,2734382,0
1735,4415061,3416132,0
1736,2655904,649460,0
1737,2175599,2833722,0
1738,3609793,4595137,0
1739,375041,4290690,0
1740,4675165,601790,0
1741,4256381,3173632,0
1742,1890475,4304551,0
1743,3191384,1342069,0
1744,786633,1561146,0
1745,1464372,1513821,0
1746,1411730,4078738,0
1747,1542411,3288760,0
1748,693550,608504,0
1749,597807,2702066,0
1750,2678495,1754969,0
1751,1075781,4861584,0
1752,4679257,676325,0
1753,1479593,4778717,0
1754,715543,1190849,0
1755,1564470,2728864,0
1756,1761110,1372302,0
1757,1749305,532201,0
1758,3473063,453257,0
1759,2238031,2167783,0
1760,420757,1383958,0
1761,39963,4107823,0
1762,317792,3561262,0
1763,1955823,3652986,0
1764,2866126,3512945,0
1765,1981615,3096828,0
1766,1126100,4651509,0
1767,1746838,2163256,1
1768,1589761,1672121,0
1769,3641679,1888220,0
1770,3644646,655904,0
1771,75278,571370,0
1772,1514802,532005,0
1773,606263,4113203,0
1774,3821504,1164968,0
1775,2271643,744460,0
1776,71051,3135365,0
1777,3207225,2264276,0
1778,1382021,4584115,0
1779,2415668,2497732,0
1780,1658177,4244067,1
1781,2525590,2302024,0
1782,4846491,1957800,0
1783,3198433,3823314,1
1784,1220879,3474208,0
1785,2938250,4639113,0
1786,3052079,1956921,0
1787,4732190,4205082,0
1788,2557232,4004905,0
1789,183960,2918923,0
1790,4113405,606898,0
1791,3209795,2480532,1
1792,2651013,3145551,0
1793,2811239,1424079,0
1794,2825828,4177994,0
1795,491128,3927131,1
1796,4674719,3728872,0
1797,552835,4759522,0
1798,643076,101940,0
1799,604305,1032219,0
1800,1958906,3744413,0
1801,3733752,742195,0
1802,1594321,4625087,0
1803,2911862,3784408,0
1804,349869,2627884,0
1805,651837,4058550,1
1806,954573,2008925,0
1807,4565915,2813261,0
1808,1465907,2324744,0
1809,4472299,1521471,0
1810,4581538,1067585,0
1811,3854337,4422019,0
1812,2584054,775014,0
1813,3852631,3314478,1
1814,1630423,2882556,0
1815,1341966,1540392,0
1816,156140,2340324,0
1817,2871053,427804,1
1818,3487420,647017,0
1819,4643656,3344354,0
1820,1396795,1077087,0
1821,4751399,1980682,0
1822,3433219,2606817,0
1823,3698761,3817973,0
1824,651351,965340,0
1825,116792,4746621,0
1826,4851349,3793469,0
1827,3541658,1279255,0
1828,3721646,621120,0
1829,4528745,2248684,0
1830,2112778,316192,1
1831,1326251,2031436,1
1832,2806721,877557,0
1833,3838303,2223881,1
1834,2363814,2659912,0
1835,1300976,1429102,0
1836,911200,4402869,0
1837,577443,3317934,0
1838,4712508,4863728,0
1839,3027281,551353,0
1840,54650,460554,0
1841,194816,4624000,0
1842,4413981,2620518,0
1843,4223704,4132261,1
1844,4475147,3779460,1
1845,2000270,1508782,0
1846,2579609,13060,0
1847,1994441,4322508,0
1848,2402800,2571618,0
1849,1368123,2205635,0
1850,2607301,2616078,0
1851,3981172,319752,0
1852,3337108,966537,1
1853,3925727,49513,0
1854,4355658,4383159,0
1855,1053284,3420607,0
1856,3278182,3593261,0
1857,4562839,3588368,0
1858,11382,4090004,0
1859,873234,478223,0
1860,2665930,3201769,0
1861,1327147,726135,0
1862,4074547,2309358,0
1863,1298087,4530678,1
1864,2506906,4594495,0
1865,2368011,1910808,0
1866,4589904,3332036,0
1867,1327726,1118381,0
1868,3056912,3145991,0
1869,1471887,2903733,0
1870,4338398,13205,0
1871,4492909,4131105,0
1872,2148641,4595137,0
1873,3971074,703386,0
1874,892624,2299269,0
1875,1322684,4403612,0
1876,3370067,615287,0
1877,3458832,4692905,0
1878,1249542,273881,0
1879,1681099,4334809,0
1880,4518416,99929,0
1881,2661137,972491,0
1882,1310018,1561441,0
1883,2895223,1124558,0
1884,2636592,2664795,0
1885,4787702,3377747,0
1886,4494681,2715756,0
1887,619552,865515,0
1888,2172433,1885045,0
1889,995638,2582486,0
1890,4420255,54157,0
1891,4079340,303517,0
1892,2890110,1502867,0
1893,3644551,1776703,0
1894,4809745,1181373,1
1895,4583413,77641,0
1896,4787857,1488238,0
1897,3645574,1560542,0
1898,2058071,4084063,0
1899,2606444,2701313,1
1900,1607095,1480497,0
1901,3231393,4651578,0
1902,3287996,2553811,0
1903,3142808,1776900,0
1904,123691,2655328,0
1905,4750696,361098,0
1906,1551800,1103366,0
1907,1782783,4078473,0
1908,4333506,4342717,0
1909,2760117,4554989,0
1910,2791981,2833751,1
1911,1587881,6364,0
1912,2932022,2293392,0
1913,2126605,6993,0
1914,2307585,4334486,0
1915,1419142,1312108,0
1916,1481222,368896,0
1917,826234,2402159,0
1918,3792997,3552185,0
1919,1676412,3763328,1
1920,599191,4727735,0
1921,1918795,580211,0
1922,3401659,4743417,0
1923,2585410,1433994,0
1924,2461372,226721,0
1925,500201,323760,0
1926,3042280,3992147,0
1927,812338,2053308,1
1928,4442302,4771880,0
1929,1596155,959021,0
1930,1450153,4522901,0
1931,3083369,4586599,0
1932,4815111,1432601,0
1933,4298943,4586468,0
1934,4135447,4851085,0
1935,3353466,4294640,1
1936,691232,401008,0
1937,2803469,1823430,0
1938,3869568,1608239,0
1939,1395530,4517152,0
1940,4026923,12423,0
1941,3560845,3289985,0
1942,2089379,163021,0
1943,2762481,1995073,0
1944,3079359,4074179,0
1945,261562,3418707,1
1946,2436439,260826,0
1947,2795446,1237846,0
1948,1497370,239765,0
1949,742548,1910658,0
1950,3510459,3199855,0
1951,113182,3410823,0
1952,1771597,3195222,0
1953,4910,2882216,0
1954,3716495,76607,0
1955,3772598,877100,0
1956,878959,367410,0
1957,1848218,1725177,0
1958,1914584,1103581,0
1959,821120,4561588,0
1960,785893,946768,0
1961,4822389,4387818,0
1962,4348238,991193,0
1963,306334,975007,0
1964,434593,64001,0
1965,3275002,1005459,0
1966,701764,3193834,0
1967,3991988,4003532,0
1968,3928545,2277157,0
1969,4066452,2534272,0
1970,1776036,4742630,0
1971,3492763,4771141,0
1972,2018936,163021,0
1973,4747431,3823314,1
1974,2833239,1568315,0
1975,243018,3557617,0
1976,951929,2631245,0
1977,2476925,208465,0
1978,630604,3190741,0
1979,671895,2457054,0
1980,2220766,4084740,0
1981,1270278,2941537,0
1982,3532343,3627773,0
1983,3131854,1027488,0
1984,90690,1457589,0
1985,914875,1990908,0
1986,408123,1696091,0
1987,443904,4737571,0
1988,3080022,947544,0
1989,1423553,1525727,0
1990,3578368,159177,0
1991,424411,3625439,0
1992,729364,1905523,0
1993,1836328,3815840,0
1994,3001970,3578789,0
1995,1909985,1139895,0
1996,2361218,4135197,1
1997,4418968,4395510,1
1998,3742712,2221607,0
1999,695432,253467,0
2000,987119,567045,0
