0,source,sink,in_degree_a
1,2184483,1300190,102
2,3151356,1452193,39
3,1579396,193159,13
4,1406432,2481036,16
5,2389638,593017,30
6,228206,212805,14
7,1237964,879115,4
8,3318124,1840575,26
9,4522929,1552625,46
10,3406737,3781412,3
11,1567983,3008412,13
12,4370932,2906415,15
13,286240,474307,50
14,4796773,3115614,15
15,2207765,4354226,13
16,1283384,279636,9
17,368544,2431466,32
18,3921857,4512147,65
19,49037,3175009,212
20,61633,1064392,12
21,1459453,654182,30
22,447597,2736867,209
23,2121585,3413796,5
24,933347,1131654,349
25,3733033,488937,40
26,3023014,2817859,20
27,1404783,410037,50
28,1886158,3656408,126
29,3316731,4579088,28
30,2369031,1860112,259
31,2850334,755258,65
32,4606553,2879440,21
33,3013323,2064734,60
34,1653770,1190291,15
35,4540325,202508,41
36,4189431,4404645,48
37,1590268,3824559,9
38,2717491,421433,4
39,71500,2156609,9
40,2422900,325927,23
41,784291,4194667,295
42,3836480,4207316,9
43,2570161,3824301,4
44,2574465,1663756,1
45,195757,4324049,76
46,3501584,624570,18
47,2342205,3520804,248
48,2067826,727427,520
49,4787138,2365654,39
50,2907109,1536763,32
51,2979388,2811074,437
52,2773866,3562714,67
53,3467832,3446682,16
54,209191,3142365,659
55,1630356,2157727,29
56,662368,853327,78
57,3151576,4278188,51
58,2671870,4797151,4
59,3536080,614747,97
60,2541283,1592987,71
61,3848381,903626,96
62,811898,3593324,6
63,231650,4016607,100
64,1305368,3362916,20
65,3275981,2183299,7
66,3863858,4710588,105
67,938826,4543397,30
68,4705108,2629120,19
69,617435,2721940,42
70,2022904,1202849,110
71,4797294,3735230,9
72,2450052,2549546,5
73,24523,497993,341
74,4576342,1043689,50
75,1875903,2638090,26
76,930131,1305103,12
77,3872353,2516690,182
78,217062,20388,78
79,1628755,1120745,3
80,4033899,2555403,384
81,4600810,4690043,15
82,2852252,3901568,165
83,4128817,963520,86
84,4603833,3538910,168
85,2665129,694605,13
86,2506289,2034494,7
87,3755683,4027183,11
88,281045,1477566,27
89,525339,4345638,7
90,2872550,3571822,57
91,3996001,1317062,53
92,1630993,2942968,3
93,3519436,273127,4
94,1072548,4516657,18
95,3385377,21536,36
96,1698628,4155714,2
97,3421725,3521843,161
98,2930692,138960,10
99,3738701,228193,118
100,1729154,1781627,87
101,3763685,3856235,13
102,2141424,1303746,94
103,4842336,3181505,83
104,258948,1471608,18
105,721572,98932,16
106,1943690,492035,21
107,3345713,3762682,83
108,2924614,3377440,182
109,4112224,1051087,62
110,4110767,2609871,8
111,3922567,307495,27
112,558917,3683147,100
113,678764,1677837,53
114,4064525,2308522,14
115,2628408,2510362,357
116,4088436,483355,13
117,4294640,2123719,260
118,1062857,1809556,47
119,3287551,3077116,62
120,2921487,2416082,33
121,2206017,4727122,58
122,1601895,4424787,951
123,4538043,4347620,34
124,2494024,1709398,1
125,2380958,648703,7
126,3786904,871332,6
127,2705657,852814,25
128,2867762,2832683,6
129,4814135,2585300,67
130,1488632,297642,64
131,1789514,2955720,3
132,309474,3636323,11
133,4115547,879781,47
134,4771179,77677,108
135,1541973,2681572,154
136,660741,517853,5
137,4483428,1765722,11
138,2190643,2947163,20
139,2519581,3743967,18
140,4202801,710142,20
141,3417866,1598643,3
142,697388,943197,70
143,3899173,1397388,6
144,3150672,3974467,8
145,4449837,3538291,455
146,35548,3549289,26
147,2707088,2136581,10
148,1586232,3610552,21
149,1735883,1901143,320
150,2968005,1495600,302
151,2873622,3664409,36
152,3691603,3188162,25
153,1655116,365416,44
154,2312268,4219994,6
155,2349671,204712,2
156,1026366,792812,223
157,3417564,2307183,85
158,3687290,1281414,52
159,3327760,600051,1
160,1299905,4474903,25
161,3881924,783583,24
162,111970,2294803,278
163,3736271,433745,12
164,2807537,2703992,7
165,934509,1653156,414
166,4662733,4764472,11
167,1486892,237461,175
168,3026000,4750153,5
169,2436861,4683579,49
170,2295601,494551,2
171,2333576,4066830,159
172,1599720,3262474,1354
173,600846,64799,20
174,1285894,2023333,71
175,1590882,971074,3
176,357381,908061,11
177,2345122,743875,65
178,1164538,4273253,73
179,4624816,1789251,20
180,470204,3779626,26
181,2266717,1367613,7
182,2826267,928903,124
183,275804,1725270,11
184,3980329,4675165,4
185,41540,1437899,18
186,1810899,2882556,21
187,1230845,2027917,3
188,2472742,3567788,5
189,4174076,5480,25
190,4819127,543061,47
191,1512639,1757836,114
192,594370,207942,4
193,4066375,4645447,127
194,1326339,639157,151
195,1429554,3308151,2
196,2622002,3723250,31
197,3341679,524043,87
198,2241048,4039025,57
199,2529024,1545613,1
200,644069,2596251,26
201,1813318,1054633,3
202,3655158,37400,186
203,3418483,362485,2
204,408243,4594685,48
205,2105491,3781492,62
206,738704,4658228,3
207,2535426,1266511,161
208,3014450,2569650,26
209,2635308,3237136,66
210,2749135,3229933,17
211,1147295,4463463,4
212,495613,3009965,39
213,1376558,291125,18
214,2021517,4634127,177
215,4519174,520390,41
216,604125,4360758,2
217,3828465,3963629,34
218,2957639,4578655,114
219,4325972,1755579,2
220,1039233,3674322,5
221,1901862,4840530,17
222,2408015,1321954,20
223,4781379,52592,21
224,4583761,4572486,67
225,1476555,4751012,8
226,1636856,4208957,5
227,2038215,4162950,45
228,4216378,2118739,24
229,1136996,3640654,113
230,4178366,3164163,23
231,986629,3346537,100
232,2303520,663713,1
233,4708115,738568,7
234,3769409,1960538,27
235,2844371,3392930,128
236,1320291,3768226,58
237,1817011,3254390,151
238,3337956,1186643,106
239,414390,2341215,10
240,1185153,4799044,13
241,4182445,4255166,26
242,1429988,4034214,90
243,784476,4743804,12
244,1567741,2167167,11
245,378193,3858906,18
246,3193737,852669,21
247,222154,1096330,114
248,837136,4092142,23
249,3001803,1421121,1
250,4497472,970834,11
251,78652,876913,299
252,1740390,2913793,35
253,4608977,2576561,5
254,2146076,3373346,234
255,4043972,3448830,151
256,2066994,3418202,5
257,559972,3695276,55
258,2427345,214090,42
259,1635607,4683806,43
260,4435111,1900279,31
261,541055,1731912,86
262,1745528,2194526,92
263,754926,762964,67
264,2093716,3996594,173
265,4640383,987793,567
266,4298408,420656,95
267,4725488,1747009,16
268,2264477,2991814,11
269,4421319,4161763,60
270,4007453,1159092,333
271,2690596,3915235,209
272,3602451,2065513,137
273,504324,2747208,133
274,30083,1972008,8
275,1025903,2722816,18
276,2607838,4292513,26
277,132853,1928713,376
278,1841790,1805282,4
279,699145,2039550,208
280,1632938,2917594,41
281,740264,775607,94
282,2326042,3593013,844
283,2597890,4398241,24
284,4347620,3709618,24
285,2956481,3808878,1350
286,2421138,2173151,61
287,3325878,3941234,46
288,3969780,3375372,54
289,641527,2264701,24
290,3750870,214372,47
291,3136757,2292933,19
292,194271,4138613,1
293,4837795,2032867,28
294,4532809,3889649,2
295,2019222,2153519,2
296,1047207,311498,6
297,2970262,1729215,327
298,1221209,2747564,2
299,268995,1173364,23
300,4427946,1339329,56
301,1607490,654860,3
302,1460872,4581556,15
303,2019845,4577899,5
304,1704367,3164073,37
305,2745910,3104940,2
306,2133929,3867352,5
307,3871942,4799962,65
308,3257910,588337,2
309,765302,2762989,247
310,3960835,4669648,84
311,2629112,1529484,136
312,2073048,421699,16
313,4524669,2949748,9
314,144060,3080263,26
315,3764504,3328639,13
316,433097,4052222,17
317,1986630,2951260,49
318,2398278,209191,5
319,1974705,1581879,12
320,1443500,1164411,183
321,3550092,3753484,330
322,3107199,690742,145
323,2019781,636552,2
324,3478606,1281736,2
325,919613,1735123,57
326,1432948,4331707,2
327,4782388,1065417,15
328,596337,409262,2
329,4106517,3002541,358
330,1065985,4673981,4
331,3757808,890719,2
332,4865292,2472812,51
333,1817278,3209863,66
334,2535495,1937230,166
335,1524949,2845319,44
336,2699583,2224526,6
337,3589315,1592667,223
338,1501709,3370956,7
339,2135899,3893892,404
340,3380008,1519730,9
341,3120092,4618432,2
342,1322906,784341,87
343,155804,834066,36
344,56567,3302825,138
345,432620,112551,37
346,1239755,165055,8
347,2314931,2658417,587
348,3043233,857634,6
349,4444751,719172,28
350,3144674,3401173,32
351,2681125,4245138,28
352,4355412,3494128,76
353,4114591,1582028,2
354,4099850,924833,179
355,103916,2808644,48
356,520324,3222831,198
357,3443992,280322,43
358,2008046,4864558,213
359,1981993,463338,1413
360,3004094,819288,31
361,4467857,2374812,87
362,1143671,3610611,70
363,1114213,140603,194
364,2283170,3108276,119
365,3039452,1019859,56
366,298011,2396903,195
367,3491637,3299008,44
368,4345638,1914315,55
369,3193210,370765,4
370,279329,4093834,46
371,1091584,977565,119
372,4310710,290077,213
373,3725239,1818269,95
374,1799182,3537761,318
375,4366747,1672058,80
376,2921853,1063377,56
377,3210136,2558297,12
378,1618265,2401545,11
379,335479,673405,6
380,2393127,315060,49
381,2305619,2629421,56
382,94280,1191204,11
383,3396488,1921136,43
384,1184100,1487302,88
385,3561479,3836738,67
386,2920873,2227745,119
387,3576624,4268303,83
388,527595,1894941,112
389,919165,1264290,4
390,4014552,4632479,83
391,4135084,17392,140
392,245914,1905607,17
393,2618052,4188938,2
394,4836378,4536767,5
395,437876,2566889,40
396,2497998,95673,14
397,1036152,502401,39
398,2585063,3153339,20
399,311952,487639,22
400,4260998,2255438,5
401,795918,448525,109
402,2720299,2127901,38
403,1459605,3749748,6
404,3547614,2860781,41
405,3335130,438964,9
406,1933312,3256959,19
407,3564448,167816,77
408,3432616,2332893,29
409,2633605,1933805,27
410,2832099,593309,9
411,2366431,4838273,157
412,623567,2164839,92
413,3994516,1354897,16
414,2315048,2033602,8
415,1637898,4121411,14
416,892193,4336282,136
417,4578655,3601327,972
418,4152864,1994852,1
419,2533205,2449296,15
420,3035063,3658576,43
421,1063789,1199206,3
422,4717616,489300,48
423,3652352,1702417,50
424,1024682,1315850,3
425,2587055,3472626,23
426,2086863,512769,148
427,1493935,2241589,4
428,941692,3517094,54
429,2912801,871888,4
430,3606548,626239,153
431,2200735,2157328,12
432,3544260,2618757,58
433,1862492,54381,5
434,3445194,2976923,1
435,4114513,3383210,23
436,3744513,1129682,17
437,2055183,1190704,5
438,3592571,377102,5
439,484479,352855,85
440,4518583,1939151,456
441,2741551,3680201,16
442,2589986,4298355,1
443,3446506,3393730,19
444,1080614,1486892,22
445,3819586,3914665,12
446,2232341,2167763,118
447,3663392,2116501,116
448,135756,1415397,10
449,1304570,762511,77
450,3268179,1312177,92
451,1034420,2582486,12
452,1395712,207348,75
453,28366,1841875,20
454,628921,901150,19
455,2156930,302849,4
456,4742865,4011635,115
457,579052,4286269,160
458,3622805,2239775,9
459,1097755,19760,11
460,4681267,4047729,106
461,4214037,1124684,28
462,3328824,4725447,366
463,1632157,3441172,134
464,2733872,2966772,33
465,4402871,3812818,85
466,1807180,817365,143
467,2763391,4023498,21
468,1626617,2819030,91
469,4130943,4188416,29
470,467667,4000293,68
471,585290,2615912,1
472,3437795,2770964,174
473,3206172,4186227,60
474,174802,3795595,112
475,4371955,1776702,22
476,2810159,2277589,3
477,2044305,2746365,566
478,2952533,3517217,32
479,2914124,4682995,1
480,61530,3335540,65
481,4591296,1929062,18
482,4428300,2480985,30
483,46090,1450214,67
484,659769,20462,71
485,636099,1164072,9
486,2407305,95886,71
487,1475238,1917370,118
488,550624,1332575,125
489,3206394,2933565,15
490,3940380,3051327,16
491,273164,1413055,128
492,1957538,4839138,77
493,2749267,3859663,7
494,173719,2037535,134
495,384254,3003794,46
496,410127,290758,34
497,2586954,1166818,75
498,172972,4299050,4
499,2422604,909677,27
500,4326329,732416,15
501,3476921,4329139,269
502,2346396,3113197,10
503,1397316,1548423,1458
504,4590349,4475906,6
505,4462368,1729215,69
506,1327440,2866511,109
507,505918,80983,42
508,1041665,246307,23
509,1619831,4149096,6
510,1602676,4821149,17
511,4498800,2530095,10
512,1220744,2494359,30
513,3216894,2917270,3
514,823636,3470096,80
515,2464404,2214631,199
516,2225928,937883,10
517,3874174,3660958,9
518,4510312,4641648,7
519,1772905,1164032,31
520,497126,1813537,14
521,3956535,1366076,31
522,311395,4517546,35
523,691053,2551093,46
524,1202094,4419310,11
525,2511862,702114,55
526,1537593,3531111,20
527,1809060,2755105,7
528,4561995,4101406,782
529,1183256,851822,54
530,2259583,180886,732
531,617956,2413499,216
532,1294163,515021,16
533,2063062,1342577,141
534,1800416,2888042,1
535,4691181,4610787,5
536,1834142,3836704,25
537,949172,2071647,1
538,2536161,4132261,165
539,625451,3547349,346
540,2290078,107998,30
541,3494888,248970,13
542,268519,2884416,1
543,158115,4633431,84
544,4699529,317786,588
545,3256646,751974,21
546,3725632,731420,6
547,2171358,4477620,52
548,931647,1765411,5
549,2744198,3642845,58
550,1765731,1258166,200
551,2649630,1742482,296
552,1641756,2486979,58
553,4036817,1703634,7
554,3849807,2866908,64
555,1167211,1840412,115
556,4766814,3298954,161
557,947762,3341056,19
558,3136926,4534450,4
559,3730870,3175312,23
560,2690278,3761780,82
561,2058283,8356,12
562,2646810,4575002,7
563,3633833,2573172,20
564,4247331,82320,253
565,3983042,2701676,9
566,2093176,2186222,11
567,1412983,2528294,8
568,3920505,4846084,2
569,3320046,4335591,95
570,1262238,1048746,16
571,3059183,1766159,100
572,1495241,4548619,62
573,3717996,3452178,285
574,908046,458466,248
575,319732,3806748,115
576,748200,1665032,23
577,856916,2741764,554
578,2695621,4579955,656
579,4016649,3678951,16
580,3699726,4642092,18
581,4599604,1537367,112
582,4323755,1211774,712
583,117178,2785207,59
584,2934603,2472584,46
585,1432887,2529373,143
586,4493215,2784278,16
587,4159232,4217711,24
588,3756910,1193087,679
589,1648871,4590454,1
590,4458811,3019604,102
591,3148390,2002788,29
592,769445,2986095,19
593,4542296,4029056,14
594,3097604,4305969,481
595,3135278,1898689,73
596,3490385,2303097,16
597,2880138,1230311,9
598,1799854,1094216,28
599,3441024,3198893,2
600,1712592,256053,289
601,1213060,3485270,99
602,674419,1687481,68
603,2253113,4199739,254
604,1687100,4699308,49
605,1687914,1492115,252
606,4467644,4597686,27
607,1287150,4587728,23
608,885888,2401150,19
609,4059232,1934540,327
610,2167353,2927967,44
611,2431787,2243309,263
612,4066935,3061931,142
613,2912103,2616761,6
614,1451983,4398710,49
615,1760195,3815591,8
616,1268923,4185459,23
617,3584579,4561007,3
618,3210823,4593452,1
619,2679215,4079576,21
620,3308965,1499488,12
621,1308257,1360090,65
622,4556619,524247,28
623,3464435,3158801,164
624,4834181,1615948,8
625,4548696,2910685,79
626,1486569,380005,17
627,1221273,4569835,57
628,1504438,1269021,280
629,273892,4626132,118
630,4312824,3833152,92
631,2240718,1337977,2
632,1187945,4097285,211
633,1628691,4570236,3
634,3764155,1080529,225
635,2259251,4196528,3
636,2299390,1491019,11
637,1049492,398291,447
638,233391,2965375,7
639,717673,3995418,17
640,2941407,2964315,123
641,682761,1558128,5
642,4352101,697201,21
643,4239933,2533625,9
644,1068581,2394046,69
645,1176065,3366522,202
646,2913818,4272458,21
647,4159234,597760,4
648,4818958,708203,7
649,3192626,1092178,65
650,3438286,4629375,25
651,879908,4254453,10
652,1954387,610672,15
653,1452,3373263,141
654,4207021,606980,251
655,1413126,2746611,61
656,3149884,128838,53
657,2598830,299664,10
658,3017206,948009,817
659,970600,2125683,204
660,1211741,4121054,16
661,2835234,570107,555
662,675370,1471569,14
663,4610268,1275066,4
664,1584806,1092555,99
665,2904717,762869,23
666,3892708,1170664,13
667,3976780,1552898,1
668,1808958,3153165,235
669,3293844,282738,5
670,2027803,2619844,74
671,250137,2976917,48
672,4418160,3626136,427
673,3372601,3785031,228
674,3318630,701503,159
675,3961269,303000,33
676,1978642,1969680,54
677,1285540,3833101,2
678,4399173,2631408,33
679,1225417,3677077,7
680,1917370,970119,177
681,716749,4720136,17
682,2164938,2616090,68
683,4021250,1378011,322
684,1898939,2124762,38
685,725231,2353568,57
686,1072647,2289244,25
687,3316884,1440533,138
688,2308616,4597182,16
689,2468610,1173627,48
690,4280660,4011543,12
691,4358480,2619379,1
692,4247587,4266094,132
693,1362833,4644467,26
694,4849080,384166,340
695,2933517,1722935,35
696,251110,4829418,20
697,3046801,4326881,330
698,3300747,409240,14
699,2205989,736972,21
700,4759196,2959134,92
701,352777,1582441,75
702,4732444,4677915,88
703,1450478,3800540,3
704,3345046,4255985,415
705,807609,2070084,103
706,1893341,2401643,167
707,3968198,1413750,67
708,3502346,4395778,224
709,3424526,865480,42
710,3997092,847152,39
711,871619,88771,56
712,3591727,4128045,206
713,812874,2576794,30
714,2967237,819090,24
715,2683846,1765869,74
716,3933860,4187117,5
717,3755255,3173162,129
718,4479676,2054407,23
719,1092129,4740893,185
720,2978353,487236,18
721,2831459,3748022,197
722,1861711,3429791,22
723,128268,3306286,3
724,4447307,3657540,7
725,4583130,4195270,48
726,1903802,3756910,118
727,1226964,4506897,23
728,4122877,478112,34
729,3531100,4818685,12
730,4722544,1565469,10
731,492776,2057832,8
732,202406,1370056,47
733,739365,4478927,8
734,3130360,3381180,29
735,3971343,774221,8
736,1639225,497594,24
737,3080878,3107755,38
738,314720,466302,38
739,4074945,67911,25
740,4627005,3010945,36
741,3763328,2178305,126
742,265346,3088232,489
743,3446384,679574,9
744,887938,3994705,1
745,3223920,2516690,10
746,4858799,4350911,89
747,4510458,1127255,8
748,2270094,2546813,7
749,4060750,2393523,21
750,4282575,3861442,5
751,3251045,3297002,73
752,3031208,664506,25
753,3434262,3173953,77
754,2226291,4082571,8
755,2032980,4096612,24
756,4143745,683678,15
757,2220133,979255,48
758,552690,1513515,61
759,2089216,4666032,8
760,734968,4266986,27
761,748396,3222295,12
762,3473274,4010152,112
763,401726,1700117,101
764,4205304,4326349,53
765,713973,3737538,5
766,268979,3902256,16
767,1774406,2445713,11
768,1566271,3727886,28
769,1747009,542316,18
770,3760607,1428975,19
771,2062066,3937192,83
772,2469227,2769934,5
773,463854,2442529,109
774,3369814,1205255,6
775,268091,1807947,39
776,3561896,257577,226
777,4181239,2507601,27
778,745210,3851609,29
779,4247950,4173475,49
780,4611286,3527826,65
781,3094990,3311965,188
782,4459514,1633484,4
783,2814285,4198583,262
784,2152778,2815618,74
785,9202,1609289,96
786,2858107,3025604,204
787,3881850,3284336,16
788,1200874,703387,27
789,1730864,4776931,34
790,1976020,3906437,91
791,3478937,4411245,27
792,2606468,2151625,38
793,810847,3601552,33
794,2518054,3994251,194
795,4730476,3723065,243
796,2675276,1802531,31
797,274343,996371,300
798,3650803,3477517,499
799,1159131,3007594,22
800,4660393,1063328,60
801,1430292,3755407,21
802,4855215,3292438,30
803,155341,4215650,39
804,4791237,668241,86
805,504848,1473701,223
806,812688,440093,1
807,1218819,4522612,19
808,904699,3825480,32
809,3371729,3273144,18
810,2518902,2524567,89
811,2608048,891969,6
812,133167,3827835,920
813,1735998,2685390,26
814,1851023,2661301,15
815,4223007,4651979,185
816,2978385,4096612,100
817,2982118,2890172,69
818,1985096,3281495,49
819,2872865,772280,248
820,1730546,2700195,29
821,3759171,3267798,5
822,1474194,1736248,34
823,136049,1205898,40
824,779856,2791664,8
825,2976069,2589511,35
826,56121,3118599,6
827,752326,4027234,10
828,1129405,1073098,24
829,4219582,352759,40
830,67800,1774334,173
831,1562061,3275980,1
832,4469172,3056997,48
833,1632644,2747148,28
834,2103452,2394094,5
835,1792282,1275575,19
836,2337068,2777919,137
837,383188,487074,121
838,3624273,1694426,253
839,1927607,3784976,120
840,2564846,3871166,13
841,469289,3658913,621
842,3579512,3070342,6
843,3609789,1916723,35
844,1005255,2558769,37
845,4820881,4005729,526
846,2666350,3968888,50
847,979653,1836007,18
848,3156444,3459373,7
849,3454223,3088232,103
850,1691726,1990675,4
851,1938140,1764317,34
852,2920273,123591,2
853,4778699,1201096,96
854,267534,1380378,24
855,1135603,2685283,20
856,4743153,535280,40
857,4164647,4571277,141
858,3251800,3853574,215
859,142496,2824480,77
860,1353165,2287915,148
861,4721192,3288243,33
862,148935,1140025,39
863,754986,4625985,48
864,3100893,2493630,11
865,1456698,2760565,5
866,3167544,3065172,76
867,1615945,2471103,5
868,923082,3893890,53
869,3615734,3970114,7
870,2299912,1008064,226
871,609330,1397316,45
872,2338838,4834648,31
873,2017826,2903363,15
874,1049150,4124480,342
875,2608376,3824501,35
876,1482666,1660395,260
877,1306100,1678282,19
878,2826278,3611999,155
879,2395078,2721855,13
880,3680790,2927670,90
881,4272458,151153,189
882,3596185,1595754,24
883,370525,4291780,258
884,2226097,1974361,36
885,431391,1102747,81
886,300097,726929,12
887,750926,2586375,145
888,153480,4192365,16
889,3506025,212805,22
890,2452484,2199228,3
891,1233851,3304718,91
892,456126,2103578,13
893,3286368,1614313,37
894,759809,1677060,16
895,3538278,1922398,92
896,783972,4757627,6
897,2085193,3886160,71
898,623444,2262983,27
899,1219418,528928,126
900,1998627,538998,290
901,573693,3400944,10
902,1101947,1959052,4
903,3887171,617576,8
904,4093525,4161490,25
905,1711569,1503250,38
906,1318170,2766614,14
907,2915489,2434223,5
908,4713292,1735687,225
909,4342160,4836932,4
910,563322,1340111,97
911,922949,1049281,107
912,1455727,1967550,141
913,4347727,2401865,296
914,1779478,4553620,9
915,820951,1133567,126
916,1295223,3606238,101
917,234766,1989292,10
918,495684,2052579,74
919,2604474,262528,39
920,4457096,3095483,5
921,3225386,1483950,58
922,3959449,2151517,1
923,2695091,2128045,7
924,2245867,2784159,2
925,1719345,2177982,203
926,3795465,4690299,20
927,2902003,1374445,675
928,1895458,1253026,18
929,888120,888836,242
930,4866498,2486525,235
931,184687,4696690,37
932,2871308,1064883,73
933,552693,4180588,23
934,460696,978745,18
935,3721072,2717219,33
936,242742,637362,63
937,4147170,3324817,24
938,1299015,127123,1196
939,833087,907052,60
940,137437,4005148,26
941,2474997,2999710,12
942,4137763,2898182,9
943,475232,3873884,20
944,2519600,3144985,34
945,851486,1253335,21
946,1484675,2555689,12
947,863325,3528798,43
948,865410,2270767,590
949,1588061,4013191,45
950,2975625,2363738,104
951,919101,1522214,2
952,3893222,4116046,17
953,4759359,824031,279
954,3298060,3649303,31
955,1618544,1613382,4
956,2324352,816913,1418
957,4499487,3804486,5
958,861461,2833178,92
959,2713798,2885043,54
960,2475214,343584,8
961,2815706,716282,74
962,810494,785119,79
963,3743292,29959,3
964,4022436,2309371,51
965,1576600,3241571,15
966,3164595,727760,47
967,2342340,2371785,1
968,3318025,3258850,8
969,854025,2258576,85
970,3446567,621120,29
971,3067879,2330265,15
972,989455,1268920,83
973,3517389,843636,176
974,2506342,1857594,138
975,863783,4395944,46
976,1632116,1528823,5
977,2359631,4515216,749
978,3317934,3629131,620
979,2932339,2350634,15
980,927463,1514817,7
981,3598083,1721413,57
982,2429371,9946,5
983,1039279,3411931,64
984,2895068,3918393,66
985,1854023,1483116,36
986,725415,2082827,20
987,1202857,1678405,36
988,3689215,1218296,31
989,4528705,1142702,81
990,4034438,711824,5
991,3782034,3556169,50
992,1014721,1666556,4
993,3270580,3395510,15
994,2324422,4426524,204
995,1194190,345813,251
996,2625217,1996375,91
997,2824005,2211339,16
998,1576591,4166917,562
999,380525,4664852,6
1000,3993072,2416078,16
1001,1094048,594102,75
1002,4600134,624993,102
1003,2764263,2893207,6
1004,4177865,2882100,47
1005,4623321,4808386,85
1006,3718908,4679904,111
1007,2745387,3910839,49
1008,3195688,112647,3
1009,1813368,1770441,82
1010,2009930,4758377,463
1011,1787403,2443214,146
1012,4726874,1894531,20
1013,127950,3728341,593
1014,3794842,3706176,26
1015,3296250,3535207,150
1016,4811622,757734,302
1017,3683564,2701054,69
1018,1283657,689821,161
1019,3836659,4321162,43
1020,1488401,3872415,711
1021,31098,1030864,13
1022,2451660,1970291,14
1023,718458,3720766,12
1024,2002799,4114575,561
1025,2005497,2338090,2
1026,2118551,3452067,7
1027,3778796,254059,257
1028,4348766,3973930,23
1029,3475909,1973662,36
1030,240027,3855745,386
1031,4263251,2518627,1
1032,942440,2191992,30
1033,850459,456126,904
1034,3716119,3025121,11
1035,988417,1104604,16
1036,5221,2981668,1
1037,2021460,243830,12
1038,4774646,1196225,13
1039,2435515,143446,321
1040,3941703,211323,20
1041,651778,2540894,55
1042,477326,3487516,20
1043,3861672,3647364,18
1044,4749201,2707342,123
1045,1255094,3818809,192
1046,437391,1021368,231
1047,4817391,4563454,19
1048,3910665,3985168,4
1049,1150281,4486106,106
1050,4858996,1582222,38
1051,4204662,2133364,11
1052,3656099,1380448,21
1053,4788248,2048276,14
1054,4716646,448823,24
1055,2844962,2757201,102
1056,2161230,2087517,21
1057,3808182,3103806,158
1058,419149,4406065,4
1059,3847967,357466,126
1060,987441,824382,35
1061,4762542,2767142,30
1062,2914647,4841268,13
1063,1275299,1593758,77
1064,3757241,3248594,275
1065,219686,2015738,58
1066,3249932,1068993,60
1067,2704231,3435043,100
1068,2691310,3640458,118
1069,2581947,3759750,19
1070,1689039,3927655,573
1071,2694816,2207956,29
1072,4405100,2051732,378
1073,3352123,3510148,591
1074,2584682,3162385,21
1075,2680834,4254453,4
1076,3202510,2092295,6
1077,4468086,532755,7
1078,575651,4258315,65
1079,2883988,824046,189
1080,4008358,4483821,33
1081,2939315,3155408,991
1082,4839526,3833152,3
1083,3507863,177506,47
1084,4619061,4289016,5
1085,4380434,3731768,7
1086,3213547,2706025,14
1087,4094697,212805,234
1088,1927960,1579810,79
1089,2640387,100754,57
1090,3852854,3785477,95
1091,1700836,350886,98
1092,871160,3340066,108
1093,2772925,2456239,7
1094,1548013,1078672,96
1095,2242956,3882590,102
1096,3603630,3489034,9
1097,1064556,3912526,2
1098,19760,5113,46
1099,740005,4510860,212
1100,4765846,605639,9
1101,2609436,653633,26
1102,2766747,321857,16
1103,4094066,1628264,23
1104,1246601,1897862,17
1105,4232521,2779791,14
1106,2554658,3240496,110
1107,415254,3129186,4
1108,4400995,1187964,153
1109,2850445,1118530,84
1110,3729828,2294440,45
1111,3370783,4790649,29
1112,3001815,74323,28
1113,3394828,2633571,224
1114,117653,1995601,59
1115,1675257,4723059,2
1116,3897513,733605,30
1117,19484,749672,91
1118,4284282,4516132,368
1119,833524,3841591,3
1120,3879365,4329629,59
1121,4251792,57883,469
1122,2835662,2379122,54
1123,2313654,3448488,44
1124,3800305,4420839,3
1125,399565,2956791,215
1126,579536,3165162,73
1127,225697,982493,8
1128,457555,1106852,1211
1129,4857001,321177,32
1130,4655006,1987945,1
1131,3163774,3004014,11
1132,4498101,2926541,14
1133,2807375,3247071,78
1134,3222303,1081619,51
1135,4736009,1835245,2
1136,401959,2653845,2
1137,813047,3009562,6
1138,2899933,536723,3
1139,4154717,2424452,24
1140,1413512,3299579,32
1141,2940424,1904054,119
1142,602340,107996,41
1143,1011757,3739100,8
1144,940042,4253433,1
1145,3905250,452890,136
1146,3066444,685095,103
1147,1325436,3202770,6
1148,125872,1465269,15
1149,3407905,765543,3
1150,2623580,2337217,72
1151,4211984,2596286,128
1152,2349594,959247,10
1153,2061150,3837284,43
1154,1399058,1796644,51
1155,12547,957725,113
1156,2361673,2593954,19
1157,3305322,3169329,19
1158,702865,166306,62
1159,4311665,2499401,143
1160,4052122,2588244,14
1161,2187451,3356265,38
1162,2544398,4360802,245
1163,1164032,4779044,6
1164,4125905,723257,58
1165,3169284,2502590,13
1166,1360006,475380,16
1167,3158482,4350093,3
1168,3082677,3108490,3
1169,3139086,4343940,157
1170,1044619,1269131,35
1171,2390374,4143831,78
1172,4779046,4399430,6
1173,4420475,2868440,17
1174,815236,2155768,19
1175,1676054,2238637,20
1176,842454,1847353,13
1177,153792,778021,8
1178,336290,87195,16
1179,2410512,3528096,13
1180,3185337,1129762,180
1181,4086406,4539579,141
1182,4174741,1729680,14
1183,1429183,19269,41
1184,1479088,3296983,4
1185,4139326,1040056,79
1186,4311720,3703326,153
1187,322366,3277122,11
1188,2153824,4079268,25
1189,3690840,3870459,80
1190,1351195,899384,335
1191,1434155,4593423,194
1192,4315651,2905649,18
1193,3064744,4544439,3
1194,4034922,2589566,54
1195,2845752,3671414,101
1196,3526944,4061862,36
1197,4376408,732151,14
1198,1949391,2153670,36
1199,654545,2988500,119
1200,4223263,1730211,5
1201,1073493,777566,36
1202,566130,3072002,141
1203,2198631,4151869,53
1204,193805,2692947,141
1205,1076285,3926802,107
1206,3623028,873318,4
1207,1313574,594010,102
1208,4080369,357567,217
1209,3541501,2386108,131
1210,4388455,290600,195
1211,978544,4006430,190
1212,2758155,4793999,109
1213,3148813,4008655,154
1214,886710,2924181,9
1215,4600732,1149539,18
1216,1509450,4095467,6
1217,4572867,1104006,7
1218,4222997,2017471,26
1219,979255,2387274,908
1220,3443847,2887128,36
1221,1514261,2948384,27
1222,4720585,1171375,268
1223,3758681,2083451,77
1224,475690,4597102,9
1225,1333051,3296285,92
1226,4287735,1584619,27
1227,404943,2187723,73
1228,4403473,287108,28
1229,1695500,2846784,121
1230,1164371,237082,2
1231,2560408,4305715,11
1232,185853,1109441,14
1233,4325261,1991267,51
1234,1223102,3696730,37
1235,2819109,242455,134
1236,1535073,4743804,140
1237,762479,2791241,14
1238,4147354,4141931,36
1239,547157,624837,173
1240,4459145,1145009,62
1241,460728,2556091,11
1242,4306404,4760153,807
1243,2739333,4405133,44
1244,3684207,3990211,38
1245,925412,184085,139
1246,3694046,1520254,68
1247,2481712,3463660,40
1248,3089257,428189,8
1249,1896939,1694355,266
1250,2085462,3162560,15
1251,4315155,4288798,29
1252,2939884,2157122,4
1253,2712752,1770518,180
1254,629031,3388216,68
1255,3259802,4582461,38
1256,2870198,4470008,68
1257,2628106,1238203,34
1258,1181282,657511,60
1259,3498717,4516447,5
1260,154714,2622445,249
1261,2261005,4858197,2
1262,3491685,714035,4
1263,1574437,137934,8
1264,2506473,1266825,415
1265,2005701,90125,3
1266,272134,3894567,42
1267,4523563,4529968,10
1268,680757,377629,15
1269,362148,3410967,9
1270,2472584,3513910,1141
1271,127619,4234840,84
1272,1301087,3467005,42
1273,2631035,3967228,1227
1274,2730650,4519597,6
1275,3392535,3653797,6
1276,775328,1776702,30
1277,2319421,2990704,40
1278,4025298,4761250,30
1279,4054509,4314283,57
1280,4425037,2781628,2
1281,2237222,1192436,291
1282,3336834,3106848,2
1283,2494843,2829288,35
1284,3216710,4324862,14
1285,1038362,4322367,44
1286,3939380,151427,20
1287,3474714,837222,59
1288,2690307,848246,19
1289,4258438,1440232,12
1290,1499536,762056,31
1291,1410000,3198135,49
1292,4079269,890960,208
1293,2761066,724868,5
1294,1445324,4820881,93
1295,2402582,2354103,29
1296,4117461,4607502,52
1297,572226,791325,11
1298,273715,476407,18
1299,1747728,3849492,8
1300,3561052,4007276,70
1301,18331,3593013,16
1302,919215,32933,32
1303,1304820,4276097,6
1304,1525671,1400706,36
1305,3494194,3501344,147
1306,4305360,2759898,26
1307,3473703,1105946,2
1308,4793374,2883450,22
1309,4043495,325891,14
1310,2973142,1374657,78
1311,2290322,4486882,100
1312,2653433,90257,9
1313,4454192,4332029,8
1314,3196935,4053811,468
1315,3824752,2725607,41
1316,1745731,2243983,59
1317,3089513,2403010,537
1318,2735303,622071,7
1319,4559986,3378736,15
1320,3600628,2064607,32
1321,3905067,3393225,18
1322,2096490,1246259,115
1323,3029390,379057,1
1324,1832518,4370950,50
1325,188743,2092812,4
1326,2447113,410275,2
1327,2307937,4048147,55
1328,4690365,1339133,37
1329,3200341,3453522,135
1330,2956147,2501960,26
1331,1227156,3239338,20
1332,3440116,1891147,67
1333,739545,2223912,14
1334,3332801,4155389,72
1335,4630411,726638,216
1336,3292676,2597381,4
1337,4361726,534121,32
1338,3768380,1423570,100
1339,176774,1047789,3
1340,2589604,807761,1
1341,2161208,473130,529
1342,760911,2675321,90
1343,1674134,2435135,167
1344,616538,4161676,80
1345,554768,3078648,284
1346,3214317,1735883,15
1347,4398018,3262683,4
1348,1361880,1744811,44
1349,1223354,4208140,347
1350,2377378,2574560,82
1351,1440901,3482871,385
1352,69444,3789363,17
1353,3248527,364458,161
1354,632892,2607954,30
1355,370983,852119,39
1356,3957402,3989690,106
1357,289215,938763,32
1358,1025283,2977357,119
1359,3930883,1625272,82
1360,1926769,4183382,3
1361,4299096,4188270,49
1362,3238785,2616535,4
1363,1325894,2598896,30
1364,67665,382209,34
1365,3658641,1334501,159
1366,559652,20388,150
1367,1236650,3245665,41
1368,444473,3586386,19
1369,3893485,105683,7
1370,1262578,3434396,64
1371,4487749,4513294,147
1372,4175026,165651,143
1373,456895,3833698,288
1374,4794114,577845,7
1375,3207642,4238096,3
1376,2911256,345296,22
1377,1278054,4085567,101
1378,1577581,4420285,8
1379,1979383,4351306,23
1380,1054015,3135338,40
1381,1093575,781031,1
1382,2795094,3649212,20
1383,1233950,3153504,221
1384,3567284,1497894,31
1385,1710577,1310839,649
1386,2686174,10115,7
1387,3730580,3067078,1
1388,4655510,243176,69
1389,4363166,952893,45
1390,4805386,2662315,37
1391,773004,435747,86
1392,2853045,3350833,104
1393,622386,4563330,16
1394,326452,580398,30
1395,1677331,1950471,40
1396,3696903,4627252,68
1397,993398,3117644,19
1398,3946091,261556,8
1399,3197538,1772038,6
1400,4261799,3995236,7
1401,3892940,1131169,6
1402,528340,2537385,1
1403,712547,1102206,129
1404,4819083,3443517,129
1405,2586529,2971250,1
1406,3144269,3965490,31
1407,1453814,4852987,67
1408,395117,3296710,99
1409,4493888,1975369,99
1410,1677157,4671494,7
1411,4655993,3793690,13
1412,3113932,2656185,23
1413,4565735,1072872,183
1414,1050485,3041739,52
1415,700731,3764731,13
1416,1781994,3511998,3
1417,3660326,1588708,4
1418,4505818,2887963,164
1419,1530855,634165,41
1420,2145365,3777242,11
1421,1629000,3863501,63
1422,1139129,294239,40
1423,4139305,1108809,88
1424,4225437,4674411,110
1425,4454647,225124,48
1426,3446942,3258677,229
1427,292084,2102776,11
1428,1427709,4747550,97
1429,697912,4612494,42
1430,3578545,1604914,11
1431,965813,1277950,4
1432,2522287,3273144,76
1433,2200489,4626853,138
1434,551741,4856114,84
1435,211987,2616242,51
1436,2119957,2608710,4
1437,340456,2305549,5
1438,143652,336189,171
1439,656728,4390738,23
1440,2060035,4104762,180
1441,1869476,2462897,210
1442,884526,3327588,28
1443,4798911,2351301,62
1444,3711007,101762,64
1445,3374895,314924,240
1446,4207706,1840022,145
1447,796367,831156,448
1448,3481117,2900535,16
1449,3316377,4094697,22
1450,922843,2710045,25
1451,976193,3888365,9
1452,54323,3358359,149
1453,3093160,866014,9
1454,1924479,3296013,69
1455,3004134,4307753,37
1456,2839397,2652623,16
1457,2730409,45986,89
1458,1695915,4259826,7
1459,4461572,3036365,350
1460,733542,4853330,1
1461,455141,1838184,225
1462,532578,4796771,35
1463,218953,4117610,7
1464,3716915,1548893,16
1465,3053148,2617372,3
1466,2106673,1599860,1
1467,4190805,1636302,5
1468,3961117,714236,43
1469,1377969,4565646,5
1470,1008703,1852018,21
1471,614504,1799445,10
1472,144710,1125599,208
1473,1069609,986979,32
1474,4003133,4204052,381
1475,2073638,1522373,18
1476,779591,1358385,53
1477,1426916,4448254,4
1478,2338507,696808,56
1479,1919947,3056079,60
1480,216300,857288,69
1481,3998824,2428800,56
1482,3504235,1014927,80
1483,2299421,2077429,152
1484,572208,1306207,24
1485,751949,4753457,28
1486,4459325,349769,19
1487,2021996,1096690,32
1488,4582850,4530690,87
1489,1283175,301577,17
1490,425592,804801,43
1491,2044073,3371037,12
1492,569377,4812681,52
1493,2185449,2828364,46
1494,1412406,4302821,3
1495,4243983,1853961,129
1496,317762,801878,36
1497,983607,1480185,233
1498,3236313,2234069,94
1499,3213568,1682097,12
1500,277167,3471248,4
1501,3835319,1977385,123
1502,3451039,36246,38
1503,660986,101003,60
1504,1997835,1654051,5
1505,1620145,1407969,43
1506,4308422,3686117,2
1507,3703565,4115825,337
1508,2313595,3121459,28
1509,3198069,3383073,4
1510,4109862,4482088,39
1511,63419,1701148,171
1512,2739660,3283164,169
1513,2169549,2208689,50
1514,1450320,1541775,53
1515,4278656,4488598,22
1516,1381293,3720786,181
1517,1548572,2946706,7
1518,2641051,1058048,29
1519,309574,1226975,373
1520,3600303,433609,45
1521,1479553,342516,45
1522,3653599,4169815,9
1523,702070,3353876,12
1524,606562,1963907,126
1525,1601288,3038110,22
1526,2612363,1312254,128
1527,4384646,690657,11
1528,4170044,2449547,2
1529,2787002,2382117,51
1530,3656282,183794,54
1531,4757732,4796773,637
1532,4471609,113182,10
1533,158235,2647536,12
1534,3863062,1245989,394
1535,2369634,2796817,39
1536,4779430,2450275,5
1537,841644,378843,7
1538,2069466,4059533,43
1539,4804968,3347711,14
1540,1119602,598319,93
1541,3200364,1635042,955
1542,641893,142116,48
1543,3649600,1586497,231
1544,3705151,1597846,2
1545,2689691,3967571,6
1546,2324971,252017,51
1547,3855867,4500259,8
1548,4392569,1202817,17
1549,4096612,4409813,2022
1550,2157499,3852135,69
1551,2434497,1437980,31
1552,4668030,2634700,1127
1553,2913556,3913470,30
1554,830202,1086605,5
1555,4245940,981592,146
1556,4589413,3364546,148
1557,294574,3088440,118
1558,2814017,4445347,3
1559,3533123,3086451,139
1560,3229914,2949033,38
1561,970731,519315,56
1562,4688520,2795159,7
1563,269252,2041783,6
1564,4604264,2264881,11
1565,2722351,3640207,27
1566,4013082,3639154,90
1567,3291892,4597493,492
1568,1367655,803481,8
1569,3169340,327965,3
1570,339567,3863742,113
1571,1983366,2984603,23
1572,4259589,3414182,214
1573,1108548,2216042,79
1574,1337541,2322497,10
1575,1829249,1776000,10
1576,1150506,1371900,28
1577,3798250,1328064,5
1578,4724359,2245972,7
1579,4802205,4060090,43
1580,4533563,1194784,2
1581,2548298,2894167,21
1582,2976480,2265640,10
1583,1140217,2539248,533
1584,1708548,3128487,36
1585,3394276,1828719,90
1586,1336173,1310817,34
1587,2947741,3844365,45
1588,2945223,149736,42
1589,2767192,4337224,27
1590,3590756,2009973,51
1591,2581909,4597942,378
1592,4786573,2444440,33
1593,3333959,1274808,43
1594,585893,1378923,32
1595,1629739,1821613,18
1596,758145,2677010,65
1597,3468777,1065417,84
1598,4217929,3666587,25
1599,1157430,2300708,35
1600,101964,1699954,88
1601,1436505,3795525,8
1602,2347696,2595595,101
1603,2624184,1348594,101
1604,813202,3472025,50
1605,3720321,1026468,29
1606,285390,4757441,69
1607,2753362,4057988,55
1608,3146672,2707096,6
1609,4358141,958601,9
1610,908090,325697,41
1611,1863670,4355015,17
1612,1550064,3302485,1
1613,652476,3793631,20
1614,3900509,334414,57
1615,1974922,3824251,795
1616,2171894,2312075,21
1617,7648,1105233,83
1618,3283833,1886356,51
1619,998253,796021,90
1620,4588320,3982440,1256
1621,3492319,3917621,19
1622,558571,3113681,2
1623,1813311,1042307,44
1624,4452445,815993,97
1625,259091,4687278,113
1626,2664082,82340,31
1627,1148355,1142141,198
1628,1486685,2635867,411
1629,1086513,1586234,29
1630,4689344,2803220,163
1631,911669,2442177,63
1632,4109446,2322663,7
1633,440942,3263590,7
1634,4031191,2692426,18
1635,3839027,3509400,53
1636,1604735,1817126,64
1637,3269084,137753,4
1638,1624821,4566668,1
1639,1395639,4467748,59
1640,4392240,4085911,30
1641,3035217,2815228,3
1642,621120,4490886,463
1643,979348,3573012,34
1644,4597942,2408952,237
1645,4490242,4346020,46
1646,4857356,838983,15
1647,1433583,146049,18
1648,4121724,1229401,6
1649,3329198,1801676,49
1650,1922454,2405212,21
1651,331205,570353,44
1652,3178553,2635295,14
1653,4373282,2050610,50
1654,206364,678525,71
1655,1309887,3121740,114
1656,2926583,3282169,4
1657,4105847,3050073,102
1658,2028569,3391808,17
1659,381694,299257,9
1660,366904,3540943,16
1661,3341092,838453,43
1662,4768938,213917,21
1663,4392592,2251789,185
1664,4700777,2492280,171
1665,3019958,2913438,86
1666,953115,338263,78
1667,3431400,1069044,92
1668,191334,3397645,148
1669,1854613,3025335,28
1670,2245414,2926500,38
1671,3096596,1595656,108
1672,3647315,2031809,32
1673,4452360,1798255,3
1674,1055988,2289744,34
1675,4695321,502697,9
1676,1729215,1432887,755
1677,756454,1135187,17
1678,4825117,2791656,155
1679,4095564,1735521,11
1680,453052,555666,5
1681,660102,3217561,12
1682,1314264,2037947,239
1683,4283855,3106235,157
1684,829732,3438447,15
1685,1567106,2392359,15
1686,2568622,4345793,8
1687,847174,720538,55
1688,4810264,3403903,51
1689,4544880,3882701,33
1690,466787,2391386,13
1691,2752758,4350947,58
1692,3033736,4180743,19
1693,1534141,2365633,25
1694,845042,4030437,1
1695,3676081,3959120,12
1696,4787400,821686,82
1697,3990283,3661354,152
1698,17605,505563,2
1699,13751,4421587,30
1700,3492398,1981241,3
1701,4148739,4761195,39
1702,125210,570302,55
1703,2891857,2591738,45
1704,2022832,1130429,15
1705,610208,1513384,95
1706,3318070,606201,114
1707,4148694,2251958,421
1708,2231843,178786,3
1709,4739917,4607148,98
1710,3959639,1973051,2
1711,4669595,3942609,86
1712,3385671,4820082,137
1713,2719963,4302399,54
1714,425140,4144645,13
1715,811736,679375,8
1716,224552,1374319,253
1717,3865877,1895005,100
1718,3749748,1864273,75
1719,1932926,4091993,45
1720,2413519,2739191,76
1721,2887639,2351112,468
1722,1881600,1918826,42
1723,1564261,1707715,22
1724,3383620,3114204,4
1725,1989230,3787881,188
1726,1392717,297879,68
1727,3579607,550309,54
1728,4337184,314924,318
1729,1498781,717384,27
1730,4772392,2426217,19
1731,2569366,2811227,59
1732,1815785,2417200,24
1733,471758,4302865,711
1734,2260742,2734382,58
1735,4415061,3416132,35
1736,2655904,649460,32
1737,2175599,2833722,67
1738,3609793,4595137,8
1739,375041,4290690,4
1740,4675165,601790,8
1741,4256381,3173632,96
1742,1890475,4304551,18
1743,3191384,1342069,68
1744,786633,1561146,12
1745,1464372,1513821,79
1746,1411730,4078738,87
1747,1542411,3288760,91
1748,693550,608504,33
1749,597807,2702066,49
1750,2678495,1754969,3
1751,1075781,4861584,6
1752,4679257,676325,72
1753,1479593,4778717,2
1754,715543,1190849,3
1755,1564470,2728864,29
1756,1761110,1372302,32
1757,1749305,532201,227
1758,3473063,453257,1
1759,2238031,2167783,34
1760,420757,1383958,25
1761,39963,4107823,20
1762,317792,3561262,40
1763,1955823,3652986,250
1764,2866126,3512945,242
1765,1981615,3096828,194
1766,1126100,4651509,29
1767,1746838,2163256,46
1768,1589761,1672121,111
1769,3641679,1888220,78
1770,3644646,655904,9
1771,75278,571370,168
1772,1514802,532005,5
1773,606263,4113203,70
1774,3821504,1164968,3
1775,2271643,744460,140
1776,71051,3135365,20
1777,3207225,2264276,162
1778,1382021,4584115,21
1779,2415668,2497732,92
1780,1658177,4244067,20
1781,2525590,2302024,49
1782,4846491,1957800,158
1783,3198433,3823314,46
1784,1220879,3474208,5
1785,2938250,4639113,51
1786,3052079,1956921,18
1787,4732190,4205082,101
1788,2557232,4004905,568
1789,183960,2918923,3
1790,4113405,606898,3
1791,3209795,2480532,136
1792,2651013,3145551,326
1793,2811239,1424079,73
1794,2825828,4177994,14
1795,491128,3927131,204
1796,4674719,3728872,66
1797,552835,4759522,16
1798,643076,101940,41
1799,604305,1032219,1
1800,1958906,3744413,72
1801,3733752,742195,400
1802,1594321,4625087,98
1803,2911862,3784408,8
1804,349869,2627884,22
1805,651837,4058550,24
1806,954573,2008925,3
1807,4565915,2813261,408
1808,1465907,2324744,66
1809,4472299,1521471,81
1810,4581538,1067585,4
1811,3854337,4422019,1
1812,2584054,775014,43
1813,3852631,3314478,177
1814,1630423,2882556,66
1815,1341966,1540392,83
1816,156140,2340324,33
1817,2871053,427804,3
1818,3487420,647017,36
1819,4643656,3344354,5
1820,1396795,1077087,58
1821,4751399,1980682,92
1822,3433219,2606817,81
1823,3698761,3817973,53
1824,651351,965340,3
1825,116792,4746621,6
1826,4851349,3793469,360
1827,3541658,1279255,316
1828,3721646,621120,77
1829,4528745,2248684,41
1830,2112778,316192,60
1831,1326251,2031436,20
1832,2806721,877557,288
1833,3838303,2223881,20
1834,2363814,2659912,228
1835,1300976,1429102,14
1836,911200,4402869,169
1837,577443,3317934,13
1838,4712508,4863728,13
1839,3027281,551353,66
1840,54650,460554,86
1841,194816,4624000,7
1842,4413981,2620518,19
1843,4223704,4132261,188
1844,4475147,3779460,279
1845,2000270,1508782,13
1846,2579609,13060,34
1847,1994441,4322508,37
1848,2402800,2571618,11
1849,1368123,2205635,26
1850,2607301,2616078,140
1851,3981172,319752,18
1852,3337108,966537,15
1853,3925727,49513,15
1854,4355658,4383159,9
1855,1053284,3420607,5
1856,3278182,3593261,223
1857,4562839,3588368,49
1858,11382,4090004,104
1859,873234,478223,31
1860,2665930,3201769,12
1861,1327147,726135,7
1862,4074547,2309358,6
1863,1298087,4530678,93
1864,2506906,4594495,75
1865,2368011,1910808,241
1866,4589904,3332036,36
1867,1327726,1118381,86
1868,3056912,3145991,81
1869,1471887,2903733,76
1870,4338398,13205,47
1871,4492909,4131105,117
1872,2148641,4595137,28
1873,3971074,703386,64
1874,892624,2299269,327
1875,1322684,4403612,52
1876,3370067,615287,155
1877,3458832,4692905,18
1878,1249542,273881,124
1879,1681099,4334809,18
1880,4518416,99929,106
1881,2661137,972491,931
1882,1310018,1561441,114
1883,2895223,1124558,108
1884,2636592,2664795,95
1885,4787702,3377747,48
1886,4494681,2715756,19
1887,619552,865515,58
1888,2172433,1885045,8
1889,995638,2582486,5
1890,4420255,54157,11
1891,4079340,303517,17
1892,2890110,1502867,9
1893,3644551,1776703,56
1894,4809745,1181373,38
1895,4583413,77641,13
1896,4787857,1488238,4
1897,3645574,1560542,12
1898,2058071,4084063,5
1899,2606444,2701313,123
1900,1607095,1480497,37
1901,3231393,4651578,4
1902,3287996,2553811,8
1903,3142808,1776900,178
1904,123691,2655328,12
1905,4750696,361098,19
1906,1551800,1103366,157
1907,1782783,4078473,1071
1908,4333506,4342717,11
1909,2760117,4554989,271
1910,2791981,2833751,154
1911,1587881,6364,21
1912,2932022,2293392,25
1913,2126605,6993,9
1914,2307585,4334486,86
1915,1419142,1312108,92
1916,1481222,368896,99
1917,826234,2402159,258
1918,3792997,3552185,19
1919,1676412,3763328,18
1920,599191,4727735,30
1921,1918795,580211,20
1922,3401659,4743417,64
1923,2585410,1433994,111
1924,2461372,226721,22
1925,500201,323760,1
1926,3042280,3992147,57
1927,812338,2053308,14
1928,4442302,4771880,5
1929,1596155,959021,76
1930,1450153,4522901,10
1931,3083369,4586599,3
1932,4815111,1432601,55
1933,4298943,4586468,71
1934,4135447,4851085,33
1935,3353466,4294640,99
1936,691232,401008,565
1937,2803469,1823430,111
1938,3869568,1608239,62
1939,1395530,4517152,33
1940,4026923,12423,13
1941,3560845,3289985,1
1942,2089379,163021,25
1943,2762481,1995073,277
1944,3079359,4074179,62
1945,261562,3418707,55
1946,2436439,260826,182
1947,2795446,1237846,7
1948,1497370,239765,113
1949,742548,1910658,41
1950,3510459,3199855,2
1951,113182,3410823,278
1952,1771597,3195222,4
1953,4910,2882216,13
1954,3716495,76607,209
1955,3772598,877100,72
1956,878959,367410,7
1957,1848218,1725177,4
1958,1914584,1103581,211
1959,821120,4561588,151
1960,785893,946768,103
1961,4822389,4387818,247
1962,4348238,991193,5
1963,306334,975007,124
1964,434593,64001,9
1965,3275002,1005459,263
1966,701764,3193834,115
1967,3991988,4003532,11
1968,3928545,2277157,46
1969,4066452,2534272,186
1970,1776036,4742630,50
1971,3492763,4771141,84
1972,2018936,163021,7
1973,4747431,3823314,53
1974,2833239,1568315,137
1975,243018,3557617,3
1976,951929,2631245,236
1977,2476925,208465,13
1978,630604,3190741,40
1979,671895,2457054,44
1980,2220766,4084740,77
1981,1270278,2941537,19
1982,3532343,3627773,8
1983,3131854,1027488,79
1984,90690,1457589,1
1985,914875,1990908,20
1986,408123,1696091,105
1987,443904,4737571,87
1988,3080022,947544,9
1989,1423553,1525727,1
1990,3578368,159177,21
1991,424411,3625439,40
1992,729364,1905523,4
1993,1836328,3815840,19
1994,3001970,3578789,238
1995,1909985,1139895,1630
1996,2361218,4135197,172
1997,4418968,4395510,26
1998,3742712,2221607,20
1999,695432,253467,215
2000,987119,567045,1
