0,source,sink,in_out_degree_a
1,2184483,1300190,1.22891564784439
2,3151356,1452193,0.11470588201557094
3,1579396,193159,0.062499999699519235
4,1406432,2481036,0.1904761882086168
5,2389638,593017,0.11235955014097547
6,228206,212805,1.5555553827160686
7,1237964,879115,0.2666666488888901
8,3318124,1840575,0.27956988946699046
9,4522929,1552625,0.10900473907818782
10,3406737,3781412,0.10344827229488716
11,1567983,3008412,0.14942528563878982
12,4370932,2906415,0.1595744663875057
13,286240,474307,0.09765624980926514
14,4796773,3115614,0.1056338020730014
15,2207765,4354226,0.062499999699519235
16,1283384,279636,0.06569343017742021
17,368544,2431466,0.18604651054624122
18,3921857,4512147,21.66665944444685
19,49037,3175009,0.21946169749538127
20,61633,1064392,0.36363635261708027
21,1459453,654182,0.769230749506904
22,447597,2736867,0.09330357138691805
23,2121585,3413796,0.1470588192041524
24,933347,1131654,0.038916146293608816
25,3733033,488937,0.10335917285953702
26,3023014,2817859,0.057971014324721695
27,1404783,410037,0.26178010334146545
28,1886158,3656408,2.6249999453125015
29,3316731,4579088,0.27450980123029606
30,2369031,1860112,0.6590330772034781
31,2850334,755258,0.04057428212198858
32,4606553,2879440,0.8076922766272201
33,3013323,2064734,0.013559322030834051
34,1653770,1190291,4.999998333333888
35,4540325,202508,0.18636363551652893
36,4189431,4404645,0.12532637042995726
37,1590268,3824559,0.8999999100000091
38,2717491,421433,0.57142848979593
39,71500,2156609,0.20930232071389954
40,2422900,325927,0.27380952054988666
41,784291,4194667,0.6413043464319471
42,3836480,4207316,0.03249097461194594
43,2570161,3824301,0.24999998437500096
44,2574465,1663756,0.9999990000010001
45,195757,4324049,0.02677942211882332
46,3501584,624570,0.08450704185677445
47,2342205,3520804,49.59999008000198
48,2067826,727427,0.018861080884335833
49,4787138,2365654,0.4999999935897437
50,2907109,1536763,0.1739130425330813
51,2979388,2811074,0.16859567894730107
52,2773866,3562714,0.1273764256133528
53,3467832,3446682,0.08421052587257619
54,209191,3142365,0.16704689476120485
55,1630356,2157727,0.1266375540321504
56,662368,853327,0.24074073999771375
57,3151576,4278188,0.05902777770945859
58,2671870,4797151,0.03571428539540817
59,3536080,614747,0.06708160437961161
60,2541283,1592987,0.08616504843912008
61,3848381,903626,0.2882882874225577
62,811898,3593324,0.18181817630854014
63,231650,4016607,0.12360939416117504
64,1305368,3362916,0.042553191398823
65,3275981,2183299,0.032407407257373115
66,3863858,4710588,0.059863169863247905
67,938826,4543397,0.0717703347565303
68,4705108,2629120,0.03732809422921789
69,617435,2721940,0.23595505485418508
70,2022904,1202849,1.134020606865767
71,4797294,3735230,0.00449999999775
72,2450052,2549546,0.05681818117252067
73,24523,497993,0.02740496664571205
74,4576342,1043689,0.17421602726753999
75,1875903,2638090,0.16774193440166493
76,930131,1305103,0.13186813041903153
77,3872353,2516690,0.1165172854567751
78,217062,20388,0.2662116031869911
79,1628755,1120745,0.12499999479166687
80,4033899,2555403,0.15304902345434476
81,4600810,4690043,0.10273972532370051
82,2852252,3901568,0.09105960259875297
83,4128817,963520,0.04574468082673155
84,4603833,3538910,0.633962261758633
85,2665129,694605,0.12499999879807694
86,2506289,2034494,0.031111110972839508
87,3755683,4027183,0.37931033174791956
88,281045,1477566,0.5192307592455624
89,525339,4345638,0.09459459331628928
90,2872550,3571822,0.12925170038718437
91,3996001,1317062,0.19702602157239396
92,1630993,2942968,0.09677419042663901
93,3519436,273127,0.03007518774379558
94,1072548,4516657,0.19565217178638944
95,3385377,21536,0.12903225760203493
96,1698628,4155714,0.15384614201183525
97,3421725,3521843,0.43048128227144045
98,2930692,138960,0.12195121802498515
99,3738701,228193,0.3017902805580811
100,1729154,1781627,0.5058139505475934
101,3763685,3856235,0.2280701714373654
102,2141424,1303746,3.241379198573131
103,4842336,3181505,0.340163933032115
104,258948,1471608,0.09729729677136596
105,721572,98932,0.05128205111768573
106,1943690,492035,0.2624999967187501
107,3345713,3762682,10.374998703125163
108,2924614,3377440,2.459459426223521
109,4112224,1051087,0.0311714429204769
110,4110767,2609871,0.06249999951171876
111,3922567,307495,0.23275861868311537
112,558917,3683147,0.024527839091359374
113,678764,1677837,0.5578947309695291
114,4064525,2308522,0.14736841950138507
115,2628408,2510362,1.155339802086279
116,4088436,483355,0.17333333102222226
117,4294640,2123719,0.30197444796518647
118,1062857,1809556,0.350746266039207
119,3287551,3077116,0.6199999938
120,2921487,2416082,0.14798206211667236
121,2206017,4727122,0.763157884695291
122,1601895,4424787,0.02072663077783217
123,4538043,4347620,0.49999999264705897
124,2494024,1709398,0.1428571224489825
125,2380958,648703,0.1707317031528853
126,3786904,871332,0.09090908953168046
127,2705657,852814,0.0397456279177335
128,2867762,2832683,0.22222221399176983
129,4814135,2585300,1.0634920466112374
130,1488632,297642,0.03273657287328052
131,1789514,2955720,0.07317072992266513
132,309474,3636323,0.12087911955077892
133,4115547,879781,0.10129310322997176
134,4771179,77677,0.29752066033740865
135,1541973,2681572,0.11047345759650397
136,660741,517853,0.1470588192041524
137,4483428,1765722,0.08799999929600001
138,2190643,2947163,0.11627906909140076
139,2519581,3743967,0.03773584897749298
140,4202801,710142,0.18518518347050755
141,3417866,1598643,0.33333329629630043
142,697388,943197,0.03602676271949214
143,3899173,1397388,1.199999760000048
144,3150672,3974467,0.16326530279050402
145,4449837,3538291,0.04179680322967143
146,35548,3549289,0.49999999038461557
147,2707088,2136581,0.040983606389411446
148,1586232,3610552,0.3043478216761185
149,1735883,1901143,0.11556518594598586
150,2968005,1495600,0.8096514723601838
151,2873622,3664409,1.5652173232514206
152,3691603,3188162,0.05434782596880908
153,1655116,365416,0.07457627106004022
154,2312268,4219994,0.21428570663265334
155,2349671,204712,0.04444444345679015
156,1026366,792812,0.08123861563525005
157,3417564,2307183,0.31598512893685826
158,3687290,1281414,0.04797047966054383
159,3327760,600051,0.499999750000125
160,1299905,4474903,0.3424657487333459
161,3881924,783583,0.1403508763722171
162,111970,2294803,0.5940170927478268
163,3736271,433745,0.1081081071341612
164,2807537,2703992,0.06666666603174604
165,934509,1653156,0.037867008137028535
166,4662733,4764472,0.16666666414141418
167,1486892,237461,2.160493800487731
168,3026000,4750153,0.1470588192041524
169,2436861,4683579,0.2268518508016118
170,2295601,494551,1.9999980000020001
171,2333576,4066830,0.6385542143029951
172,1599720,3262474,3.170960179927494
173,600846,64799,0.3773584834460664
174,1285894,2023333,0.22397476270039507
175,1590882,971074,0.04687499926757814
176,357381,908061,0.16176470350346026
177,2345122,743875,0.057932263762983716
178,1164538,4273253,0.06342311028373317
179,4624816,1789251,0.10416666612413195
180,470204,3779626,0.1097046408873222
181,2266717,1367613,1.1666664722222546
182,2826267,928903,0.057998129065482636
183,275804,1725270,0.15492957528268203
184,3980329,4675165,0.44444439506173394
185,41540,1437899,0.1323529402032872
186,1810899,2882556,0.47727271642562014
187,1230845,2027917,0.14285713605442207
188,2472742,3567788,0.23809522675737013
189,4174076,5480,0.05296610158269894
190,4819127,543061,0.4699999953000001
191,1512639,1757836,0.17647058796211984
192,594370,207942,0.06779660902039646
193,4066375,4645447,0.3567415720316248
194,1326339,639157,0.05594664688553292
195,1429554,3308151,0.1818181652892577
196,2622002,3723250,1.5499999225000038
197,3341679,524043,0.05761589400157888
198,2241048,4039025,0.23949579731304288
199,2529024,1545613,0.055555552469135974
200,644069,2596251,0.11981566765061905
201,1813318,1054633,0.09999999666666677
202,3655158,37400,0.026704953334285002
203,3418483,362485,0.02439024360499703
204,408243,4594685,0.10480349322095307
205,2105491,3781492,0.5636363585123968
206,738704,4658228,0.044117646410034614
207,2535426,1266511,0.042457805895976315
208,3014450,2569650,0.03504043121962206
209,2635308,3237136,0.2894736829409049
210,2749135,3229933,0.3469387684298211
211,1147295,4463463,0.15384614792899431
212,495613,3009965,0.06403940876184006
213,1376558,291125,0.19354838501560878
214,2021517,4634127,0.2706422014210364
215,4519174,520390,0.49397589766294103
216,604125,4360758,0.040816325697626006
217,3828465,3963629,0.46575341827735045
218,2957639,4578655,0.26573426511483855
219,4325972,1755579,0.06249999804687507
220,1039233,3674322,0.018315018247930335
221,1901862,4840530,0.05074626850523502
222,2408015,1321954,0.14084506943066852
223,4781379,52592,0.15909090788567495
224,4583761,4572486,0.503759394708576
225,1476555,4751012,0.28571427551020445
226,1636856,4208957,0.499999950000005
227,2038215,4162950,0.3146853124847181
228,4216378,2118739,0.17518248047312057
229,1136996,3640654,0.559405937824723
230,4178366,3164163,0.24468084846084204
231,986629,3346537,0.11428571415510204
232,2303520,663713,0.12499998437500197
233,4708115,738568,0.22580644432882438
234,3769409,1960538,0.07397260253706137
235,2844371,3392930,0.680851060208239
236,1320291,3768226,0.15025906696824076
237,1817011,3254390,0.3247311820973523
238,3337956,1186643,0.47533632073840215
239,414390,2341215,0.11363636234504133
240,1185153,4799044,0.044827586052318666
241,4182445,4255166,0.9999999615384629
242,1429988,4034214,0.12311901487945415
243,784476,4743804,0.04545454528236915
244,1567741,2167167,0.4399999824000007
245,378193,3858906,0.4285714183673472
246,3193737,852669,0.3088235248702423
247,222154,1096330,0.6745562090262947
248,837136,4092142,0.6052631419667595
249,3001803,1421121,0.006134969287515526
250,4497472,970834,0.4399999824000007
251,78652,876913,0.08995186519556202
252,1740390,2913793,0.6034482654577885
253,4608977,2576561,0.06172839429964946
254,2146076,3373346,0.8830188645923817
255,4043972,3448830,0.05541284401636226
256,2066994,3418202,0.18518517832647488
257,559972,3695276,0.09666080826597398
258,2427345,214090,0.4038461499630178
259,1635607,4683806,0.09033613426399972
260,4435111,1900279,0.499999991935484
261,541055,1731912,0.03553719006795984
262,1745528,2194526,0.29392971152099134
263,754926,762964,0.04858593179943007
264,2093716,3996594,0.2993079579596748
265,4640383,987793,0.03923875432254403
266,4298408,420656,0.07042253515906409
267,4725488,1747009,0.8888888395061756
268,2264477,2991814,0.03047091404301686
269,4421319,4161763,0.0881057267428697
270,4007453,1159092,3.9642856670918376
271,2690596,3915235,0.14188730472376965
272,3602451,2065513,0.28842105202437673
273,504324,2747208,0.09651669078627235
274,30083,1972008,0.09302325473228774
275,1025903,2722816,0.16822429749323087
276,2607838,4292513,0.17687074709611736
277,132853,1928713,0.1150902968732506
278,1841790,1805282,0.016194331918241572
279,699145,2039550,0.11034482752766853
280,1632938,2917594,0.1314102559890697
281,740264,775607,0.5838509280506153
282,2326042,3593013,0.8282630021312434
283,2597890,4398241,0.0764331207756907
284,4347620,3709618,0.43636362842975224
285,2956481,3808878,0.022047295531388043
286,2421138,2173151,0.6559139714417853
287,3325878,3941234,0.3965517207193817
288,3969780,3375372,0.7105263064404433
289,641527,2264701,0.16107382442232332
290,3750870,214372,0.12668463577713035
291,3136757,2292933,0.1681415914323753
292,194271,4138613,0.03846153698224858
293,4837795,2032867,0.05995717331914952
294,4532809,3889649,0.035087718682671604
295,2019222,2153519,0.99999950000025
296,1047207,311498,0.04651162754642149
297,2970262,1729215,0.1046399999665152
298,1221209,2747564,0.99999950000025
299,268995,1173364,0.20353982120761221
300,4427946,1339329,0.25339366401179336
301,1607490,654860,0.1666666574074079
302,1460872,4581556,1.1538460650887643
303,2019845,4577899,0.13157894390581729
304,1704367,3164073,0.15102040754685547
305,2745910,3104940,0.99999950000025
306,2133929,3867352,0.05952380881519275
307,3871942,4799962,0.1354166663845486
308,3257910,588337,0.08695651795841226
309,765302,2762989,0.2049792529419259
310,3960835,4669648,0.33070866011532024
311,2629112,1529484,0.6903553264448968
312,2073048,421699,0.22535210950208298
313,4524669,2949748,0.2647058745674743
314,144060,3080263,0.5416666553819447
315,3764504,3328639,0.14606741408913018
316,433097,4052222,0.13492063384983624
317,1986630,2951260,0.06234096684180539
318,2398278,209191,0.5555554938271674
319,1974705,1581879,0.22641509006763982
320,1443500,1164411,0.23431498049383484
321,3550092,3753484,1.2643678112476329
322,3107199,690742,0.2319999996288
323,2019781,636552,0.09999999500000024
324,3478606,1281736,1.9999980000020001
325,919613,1735123,0.1548913039269258
326,1432948,4331707,0.09523809070294806
327,4782388,1065417,0.5769230547337286
328,596337,409262,0.030769230295857996
329,4106517,3002541,0.04936569221602789
330,1065985,4673981,0.051948051273401935
331,3757808,890719,0.06451612695109267
332,4865292,2472812,0.41803278345874767
333,1817278,3209863,0.7951807133110758
334,2535495,1937230,11.066665928888938
335,1524949,2845319,0.011201629325050502
336,2699583,2224526,0.08333333217592595
337,3589315,1592667,1.1039603905744535
338,1501709,3370956,0.3043478128544429
339,2135899,3893892,0.12923864359269396
340,3380008,1519730,0.05660377322890709
341,3120092,4618432,0.0126582277679859
342,1322906,784341,1.6730768909023677
343,155804,834066,0.6315789362880888
344,56567,3302825,0.09324324318024105
345,432620,112551,0.08564814794988855
346,1239755,165055,0.4444444197530878
347,2314931,2658417,0.039748104005975886
348,3043233,857634,0.11538461316568052
349,4444751,719172,0.22047243920887843
350,3144674,3401173,0.26890756076548267
351,2681125,4245138,0.08235294093425606
352,4355412,3494128,0.17272727233471075
353,4114591,1582028,0.037037036351165994
354,4099850,924833,0.7584745730573111
355,103916,2808644,0.4799999952000001
356,520324,3222831,0.08357956940330116
357,3443992,280322,0.4134615344859468
358,2008046,4864558,0.32819722599661444
359,1981993,463338,1.2638640418033416
360,3004094,819288,0.360465112087615
361,4467857,2374812,0.15425531887543384
362,1143671,3610611,0.3664921446780516
363,1114213,140603,0.08629893234595244
364,2283170,3108276,0.8814814749519891
365,3039452,1019859,0.0794326240008048
366,298011,2396903,0.12820512812083817
367,3491637,3299008,0.24581005449268126
368,4345638,1914315,0.36184210288261776
369,3193210,370765,0.07999999840000004
370,279329,4093834,0.5897435821827746
371,1091584,977565,0.0897435896759098
372,4310710,290077,6.264705698096892
373,3725239,1818269,0.10995370357644248
374,1799182,3537761,0.37323943618164385
375,4366747,1672058,0.16129032225546305
376,2921853,1063377,0.903225791883455
377,3210136,2558297,0.10909090809917356
378,1618265,2401545,0.16666666414141418
379,335479,673405,0.11320754503381991
380,2393127,315060,1.8846153121301803
381,2305619,2629421,0.352201255646533
382,94280,1191204,0.09243697401313468
383,3396488,1921136,0.07325383292461017
384,1184100,1487302,0.023243528784140644
385,3561479,3836738,0.22945205400872584
386,2920873,2227745,0.06578220007419447
387,3576624,4268303,0.05300127710536316
388,527595,1894941,0.7417218493925706
389,919165,1264290,0.24999998437500096
390,4014552,4632479,82.999917000083
391,4135084,17392,0.07470651009887593
392,245914,1905607,0.11038960967279475
393,2618052,4188938,0.00896860982525287
394,4836378,4536767,0.017605633740825233
395,437876,2566889,0.16597510304574647
396,2497998,95673,0.25925925445816195
397,1036152,502401,0.13175675631163258
398,2585063,3153339,0.7142856887755111
399,311952,487639,0.2268041213731534
400,4260998,2255438,0.12820512491781733
401,795918,448525,0.13341493251724
402,2720299,2127901,0.34862385001262525
403,1459605,3749748,0.02469135792308083
404,3547614,2860781,0.31782945490054687
405,3335130,438964,0.0562499996484375
406,1933312,3256959,0.11377245440854818
407,3564448,167816,0.1684901528041791
408,3432616,2332893,0.19078947242901664
409,2633605,1933805,0.1093117404481306
410,2832099,593309,0.21951218976799539
411,2366431,4838273,0.059673128065498626
412,623567,2164839,0.14175654831778653
413,3994516,1354897,0.2051282024983564
414,2315048,2033602,0.1777777738271606
415,1637898,4121411,0.6999999650000017
416,892193,4336282,0.09847936270928358
417,4578655,3601327,0.3726993863601613
418,4152864,1994852,0.9999990000010001
419,2533205,2449296,0.2586206851961951
420,3035063,3658576,1.2647058451557105
421,1063789,1199206,0.33333329629630043
422,4717616,489300,0.19917012365489575
423,3652352,1702417,2.3809522675737016
424,1024682,1315850,0.044776118734684796
425,2587055,3472626,0.049999999891304346
426,2086863,512769,0.2890624994354248
427,1493935,2241589,0.13793102972651622
428,941692,3517094,0.6279069694429422
429,2912801,871888,0.12903225390218534
430,3606548,626239,0.016710353864492097
431,2200735,2157328,0.3243243155588023
432,3544260,2618757,0.6744185968090861
433,1862492,54381,0.99999980000004
434,3445194,2976923,0.06249999609375024
435,4114513,3383210,0.9583332934027794
436,3744513,1129682,0.3695652093572781
437,2055183,1190704,0.3846153550295881
438,3592571,377102,0.499999950000005
439,484479,352855,0.04719600219478289
440,4518583,1939151,0.16672760505786927
441,2741551,3680201,0.12121212029384758
442,2589986,4298355,0.028571427755102068
443,3446506,3393730,0.12582781373623964
444,1080614,1486892,0.03672787973835079
445,3819586,3914665,0.27272726652892576
446,2232341,2167763,0.47967479479806996
447,3663392,2116501,9.666665861111179
448,135756,1415397,0.3124999902343753
449,1304570,762511,0.17073170693851064
450,3268179,1312177,0.08736942061978212
451,1034420,2582486,0.19354838397502608
452,1395712,207348,0.055473372740034485
453,28366,1841875,0.08658008620528101
454,628921,901150,18.999981000019
455,2156930,302849,1.333332888889037
456,4742865,4011635,14.374998203125227
457,579052,4286269,0.9142857090612245
458,3622805,2239775,0.08823529325259517
459,1097755,19760,0.16666666414141418
460,4681267,4047729,0.057297297266325785
461,4214037,1124684,0.24347825875236298
462,3328824,4725447,0.10611771524902357
463,1632157,3441172,1.252336436894052
464,2733872,2966772,0.0561224488841455
465,4402871,3812818,0.2750809052586379
466,1807180,817365,0.40395480111877174
467,2763391,4023498,0.19626168040876935
468,1626617,2819030,0.13746223544189995
469,4130943,4188416,0.051878354111129954
470,467667,4000293,0.33497536780800313
471,585290,2615912,0.006410256369165024
472,3437795,2770964,0.14833759578146835
473,3206172,4186227,0.6249999934895835
474,174802,3795595,0.026807084723119413
475,4371955,1776702,0.1999999981818182
476,2810159,2277589,0.044117646410034614
477,2044305,2746365,0.06551684221952576
478,2952533,3517217,0.03312629396156699
479,2914124,4682995,0.045454543388429844
480,61530,3335540,0.07946210259234462
481,4591296,1929062,0.07287449363208708
482,4428300,2480985,0.25423728598103995
483,46090,1450214,0.05625524764378232
484,659769,20462,0.43558281941360233
485,636099,1164072,0.06569343017742021
486,2407305,95886,0.4999999964788733
487,1475238,1917370,0.05125977408720253
488,550624,1332575,0.5924170588037106
489,3206394,2933565,0.0862068960562822
490,3940380,3051327,0.0399999999
491,273164,1413055,0.6736842069806095
492,1957538,4839138,10.999998428571653
493,2749267,3859663,6.9999930000070005
494,173719,2037535,0.05509868418787061
495,384254,3003794,0.22439024280785247
496,410127,290758,2.833333097222242
497,2586954,1166818,0.5067567533327246
498,172972,4299050,0.24999998437500096
499,2422604,909677,0.11440677917624247
500,4326329,732416,0.13043478147448018
501,3476921,4329139,4.269841202066013
502,2346396,3113197,0.28571427755102063
503,1397316,1548423,14.87755086859642
504,4590349,4475906,0.11764705651672439
505,4462368,1729215,0.3556701012594325
506,1327440,2866511,0.13341493251724
507,505918,80983,0.05468749992879232
508,1041665,246307,0.27380952054988666
509,1619831,4149096,0.051282050843743154
510,1602676,4821149,0.06071428549744898
511,4498800,2530095,0.15151514921946743
512,1220744,2494359,0.14354066916966188
513,3216894,2917270,0.49999991666668053
514,823636,3470096,0.06364359581253493
515,2464404,2214631,3.6851851169410166
516,2225928,937883,0.12987012818350482
517,3874174,3660958,0.1406249978027344
518,4510312,4641648,0.36842103324099823
519,1772905,1164032,0.19871794744411572
520,497126,1813537,0.05243445673245522
521,3956535,1366076,0.22962962792866942
522,311395,4517546,0.5645161199271593
523,691053,2551093,0.02348136803293447
524,1202094,4419310,0.11224489681382759
525,2511862,702114,0.13317191251047963
526,1537593,3531111,0.8695651795841226
527,1809060,2755105,0.36842103324099823
528,4561995,4101406,2.0417754515880535
529,1183256,851822,0.19081272017380665
530,2259583,180886,0.012320121181312461
531,617956,2413499,0.08985024954665131
532,1294163,515021,0.37209301460248806
533,2063062,1342577,0.4378881973978627
534,1800416,2888042,0.24999993750001562
535,4691181,4610787,0.09615384430473377
536,1834142,3836704,0.11961722430805156
537,949172,2071647,0.16666663888889352
538,2536161,4132261,0.08439897693892635
539,625451,3547349,0.051626380177316265
540,2290078,107998,0.007614213196037002
541,3494888,248970,0.3939393820018369
542,268519,2884416,0.9999990000010001
543,158115,4633431,0.40776698831181074
544,4699529,317786,5.653846099482249
545,3256646,751974,0.12574850224102693
546,3725632,731420,0.06593406520951577
547,2171358,4477620,0.11206896527571343
548,931647,1765411,0.09803921376393698
549,2744198,3642845,0.1602209940325387
550,1765731,1258166,0.2936857558095657
551,2649630,1742482,0.16263736254800143
552,1641756,2486979,0.9508196565439401
553,4036817,1703634,0.036842105069252076
554,3849807,2866908,0.39263803440099365
555,1167211,1840412,4.5999998160000075
556,4766814,3298954,0.3815165867736574
557,947762,3341056,0.7037036776406045
558,3136926,4534450,0.03508771899045861
559,3730870,3175312,0.15972222111304013
560,2690278,3761780,0.5061728363816491
561,2058283,8356,0.07185628699487254
562,2646810,4575002,0.17948717488494426
563,3633833,2573172,1.3333332444444503
564,4247331,82320,0.03810814881185297
565,3983042,2701676,0.18367346563931702
566,2093176,2186222,0.12790697525689565
567,1412983,2528294,0.19999999500000012
568,3920505,4846084,0.11764705190311459
569,3320046,4335591,13.571426632653338
570,1262238,1048746,0.04221635872766132
571,3059183,1766159,0.35335688921075303
572,1495241,4548619,0.1717451518788223
573,3717996,3452178,0.05530758780219142
574,908046,458466,0.42832469701498327
575,319732,3806748,0.16546762566119766
576,748200,1665032,0.0851851848696845
577,856916,2741764,0.09211839040703053
578,2695621,4579955,0.010686127581763762
579,4016649,3678951,0.04776119388728002
580,3699726,4642092,0.1384615373964497
581,4599604,1537367,0.3771043758346654
582,4323755,1211774,0.0507014170725129
583,117178,2785207,0.1249999997351695
584,2934603,2472584,0.2787878770982553
585,1432887,2529373,0.5742971864486057
586,4493215,2784278,0.13008129975543659
587,4159232,4217711,0.012006002995494746
588,3756910,1193087,0.7277599134750697
589,1648871,4590454,0.006535947669699688
590,4458811,3019604,0.32380952278155706
591,3148390,2002788,0.20279720137904056
592,769445,2986095,0.07916666633680555
593,4542296,4029056,0.0689655169016477
594,3097604,4305969,0.010922881278705538
595,3135278,1898689,0.36868686682481383
596,3490385,2303097,0.2666666622222223
597,2880138,1230311,0.04545454522497704
598,1799854,1094216,0.44444443738977085
599,3441024,3198893,0.06666666444444451
600,1712592,256053,0.10664206638131289
601,1213060,3485270,0.0790103750367036
602,674419,1687481,0.3049327340585976
603,2253113,4199739,0.2204861109197169
604,1687100,4699308,0.244999998775
605,1687914,1492115,0.06543754867165995
606,4467644,4597686,0.014285714278155707
607,1287150,4587728,0.12365591331367788
608,885888,2401150,0.12751677766767264
609,4059232,1934540,0.1146965976447925
610,2167353,2927967,0.04305283753125946
611,2431787,2243309,0.15654761895443592
612,4066935,3061931,0.9930069860628882
613,2912103,2616761,0.4999999583333368
614,1451983,4398710,0.5632183843308232
615,1760195,3815591,0.04597701123001718
616,1268923,4185459,0.07986111083381559
617,3584579,4561007,0.028037382915538478
618,3210823,4593452,0.12499998437500197
619,2679215,4079576,0.08366533831209029
620,3308965,1499488,0.09836065493147005
621,1308257,1360090,1.911764649653981
622,4556619,524247,0.49122806155740245
623,3464435,3158801,27.333328777778537
624,4834181,1615948,1.599999680000064
625,4548696,2910685,0.2771929814835334
626,1486569,380005,0.15044247654475684
627,1221273,4569835,0.2663551389422657
628,1504438,1269021,0.21960784296501343
629,273892,4626132,0.2010221461652093
630,4312824,3833152,0.028456541902735374
631,2240718,1337977,0.03846153772189351
632,1187945,4097285,0.10716099537472777
633,1628691,4570236,0.13636363016528952
634,3764155,1080529,0.07345739468708541
635,2259251,4196528,0.11538461094674572
636,2299390,1491019,0.34374998925781286
637,1049492,398291,0.11741528759721165
638,233391,2965375,0.10144927389203952
639,717673,3995418,0.8947367950138528
640,2941407,2964315,0.28018223170801315
641,682761,1558128,0.035460992656305014
642,4352101,697201,0.04585152828416697
643,4239933,2533625,0.14516128798126957
644,1068581,2394046,0.726315781828255
645,1176065,3366522,3.8113206828052704
646,2913818,4272458,0.44680850113173404
647,4159234,597760,0.10256409993425386
648,4818958,708203,0.3043478128544429
649,3192626,1092178,0.09015256575568299
650,3438286,4629375,0.12755101975739275
651,879908,4254453,0.10101009998979697
652,1954387,610672,0.2830188625845498
653,1452,3373263,0.7747252704685424
654,4207021,606980,0.6151960769235391
655,1413126,2746611,0.06269270291604039
656,3149884,128838,0.407692304556213
657,2598830,299664,0.13888888695987658
658,3017206,948009,0.09246265277360087
659,970600,2125683,0.32956381206855606
660,1211741,4121054,0.11510791284095027
661,2835234,570107,34.68749783203138
662,675370,1471569,0.24999999553571436
663,4610268,1275066,0.19047618140589612
664,1584806,1092555,0.10206185556488469
665,2904717,762869,22.999977000023
666,3892708,1170664,0.05531914870076958
667,3976780,1552898,0.04761904535147403
668,1808958,3153165,0.04803761241863499
669,3293844,282738,0.1470588192041524
670,2027803,2619844,0.08034744833838496
671,250137,2976917,0.14999999953125
672,4418160,3626136,0.13738738734318295
673,3372601,3785031,0.27569528382624514
674,3318630,701503,0.7499999964622642
675,3961269,303000,0.2142857128942486
676,1978642,1969680,0.32926829067519336
677,1285540,3833101,0.04651162682531101
678,4399173,2631408,0.24444444263374487
679,1225417,3677077,0.2592592496570648
680,1917370,970119,0.2873376618712051
681,716749,4720136,0.06415094315414739
682,2164938,2616090,0.06159420284275887
683,4021250,1378011,0.0855245683703786
684,1898939,2124762,0.5671641706393408
685,725231,2353568,0.23170731613127107
686,1072647,2289244,0.11574074020490398
687,3316884,1440533,0.25891181940166635
688,2308616,4597182,0.20253164300592857
689,2468610,1173627,1.5999999466666683
690,4280660,4011543,0.173913040957782
691,4358480,2619379,0.027777777006172864
692,4247587,4266094,0.10076335870170736
693,1362833,4644467,0.3466666620444445
694,4849080,384166,0.02706359945657378
695,2933517,1722935,0.08196721292279341
696,251110,4829418,0.07434944210279018
697,3046801,4326881,0.2983725132926107
698,3300747,409240,0.5384615177514801
699,2205989,736972,0.059154929410831184
700,4759196,2959134,0.26210826136151494
701,352777,1582441,1.3636363388429757
702,4732444,4677915,0.09575625669667437
703,1450478,3800540,0.10344827229488716
704,3345046,4255985,0.04087059286577993
705,807609,2070084,0.3479729717973886
706,1893341,2401643,0.35760171229635607
707,3968198,1413750,0.334999998325
708,3502346,4395778,0.7750865025083512
709,3424526,865480,0.16030534289959794
710,3997092,847152,0.16810344755127823
711,871619,88771,0.041728763009143986
712,3591727,4128045,0.08031189080689595
713,812874,2576794,0.36144577877776174
714,2967237,819090,0.43636362842975224
715,2683846,1765869,0.31489361568130375
716,3933860,4187117,0.23809522675737013
717,3755255,3173162,0.2659793808948879
718,4479676,2054407,0.4893616917157087
719,1092129,4740893,0.08584686770958383
720,2978353,487236,0.13043478166351608
721,2831459,3748022,0.043787508325452876
722,1861711,3429791,0.7333333088888897
723,128268,3306286,0.12499999479166687
724,4447307,3657540,0.20588234688581333
725,4583130,4195270,0.17142857081632654
726,1903802,3756910,0.8939393871671258
727,1226964,4506897,0.2129629609910837
728,4122877,478112,0.36170212381167954
729,3531100,4818685,0.01020408162397612
730,4722544,1565469,0.14705882136678206
731,492776,2057832,1.3333331111111482
732,202406,1370056,0.2685714270367347
733,739365,4478927,0.07619047546485262
734,3130360,3381180,0.049657534161545315
735,3971343,774221,0.17391303969754263
736,1639225,497594,0.29999999625000007
737,3080878,3107755,0.15139442170759196
738,314720,466302,0.2794117626513841
739,4074945,67911,0.21186440498419995
740,4627005,3010945,0.11501597407343139
741,3763328,2178305,0.015343399900713175
742,265346,3088232,0.504123710820491
743,3446384,679574,0.08823529325259517
744,887938,3994705,0.07692307100591762
745,3223920,2516690,0.07812499938964844
746,4858799,4350911,0.13525835845705417
747,4510458,1127255,0.06349206298815824
748,2270094,2546813,0.12499999776785718
749,4060750,2393523,0.22340425294250796
750,4282575,3861442,0.035460992656305014
751,3251045,3297002,0.12807017521391198
752,3031208,664506,0.4545454462809919
753,3434262,3173953,0.30677290714433103
754,2226291,4082571,0.399999980000001
755,2032980,4096612,0.18749999853515625
756,4143745,683678,1.8749997656250295
757,2220133,979255,0.08465608450677939
758,552690,1513515,0.07922077911789509
759,2089216,4666032,0.12903225598335072
760,734968,4266986,0.05999999986666667
761,748396,3222295,0.17647058564013846
762,3473274,4010152,0.14249363849555516
763,401726,1700117,0.9099099017125234
764,4205304,4326349,0.2420091313150268
765,713973,3737538,0.3571428316326549
766,268979,3902256,0.10738254961488222
767,1774406,2445713,0.18333333027777785
768,1566271,3727886,0.2393162372708014
769,1747009,542316,0.27272726859504137
770,3760607,1428975,0.32203389284688316
771,2062066,3937192,0.10935441355816283
772,2469227,2769934,0.119047616213152
773,463854,2442529,0.08657664806467302
774,3369814,1205255,0.06451612833853626
775,268091,1807947,0.999999974358975
776,3561896,257577,0.3169705465400133
777,4181239,2507601,0.9310344506539844
778,745210,3851609,0.10431654638735055
779,4247950,4173475,0.2512820499934254
780,4611286,3527826,0.2272727264780674
781,3094990,3311965,0.044287396927140774
782,4459514,1633484,0.0202020200999898
783,2814285,4198583,0.07882069793055936
784,2152778,2815618,0.01903781836402423
785,9202,1609289,0.4067796592933065
786,2858107,3025604,0.13982179565468006
787,3881850,3284336,0.11678832031541372
788,1200874,703387,0.8181817933884306
789,1730864,4776931,0.0641509432751869
790,1976020,3906437,0.04436860066096119
791,3478937,4411245,0.27835051259432464
792,2606468,2151625,0.021739130422346035
793,810847,3601552,0.523809515495087
794,2518054,3994251,0.17077464773699413
795,4730476,3723065,0.2715083795849068
796,2675276,1802531,0.7948717744904674
797,274343,996371,0.9966777375525656
798,3650803,3477517,2.5075376758415193
799,1159131,3007594,0.15942028869985297
800,4660393,1063328,0.13157894707987072
801,1430292,3755407,0.15107913560374722
802,4855215,3292438,0.3333333296296297
803,155341,4215650,0.02164261929986536
804,4791237,668241,0.047910863483058015
805,504848,1473701,0.15358126711185863
806,812688,440093,0.06249999609375024
807,1218819,4522612,1.1176469930795885
808,904699,3825480,0.1316872422564311
809,3371729,3273144,0.01832993888153774
810,2518902,2524567,0.09175257722499734
811,2608048,891969,0.017391304297416508
812,133167,3827835,3.8655462022456044
813,1735998,2685390,0.10655737661246976
814,1851023,2661301,0.06382978696242644
815,4223007,4651979,0.09240759236143477
816,2978385,4096612,0.2538071059548043
817,2982118,2890172,0.038785834716815154
818,1985096,3281495,0.5505617915667215
819,2872865,772280,0.035448827896591074
820,1730546,2700195,0.2543859626808249
821,3759171,3267798,0.01766784446053765
822,1474194,1736248,0.6538461412721897
823,136049,1205898,0.13605442130593734
824,779856,2791664,3.999998000001
825,2976069,2589511,0.28688524355012096
826,56121,3118599,0.24999998958333375
827,752326,4027234,0.099999999
828,1129405,1073098,0.1967213098629401
829,4219582,352759,0.3053435091195152
830,67800,1774334,0.20069605545162872
831,1562061,3275980,0.014285714081632657
832,4469172,3056997,0.08261617885952464
833,1632644,2747148,0.12280701700523239
834,2103452,2394094,0.5555554938271674
835,1792282,1275575,0.07089552212352417
836,2337068,2777919,0.08616352195838771
837,383188,487074,4.481481315500692
838,3624273,1694426,0.27620087306091606
839,1927607,3784976,9.999999166666736
840,2564846,3871166,0.34210525415512494
841,469289,3658913,1.2751540014883902
842,3579512,3070342,0.15789473268698073
843,3609789,1916723,0.8974358744247213
844,1005255,2558769,0.3057851214397924
845,4820881,4005729,0.15557527354168138
846,2666350,3968888,0.06578947359764543
847,979653,1836007,0.047745357963540166
848,3156444,3459373,0.13461538202662726
849,3454223,3088232,0.6959459412436085
850,1691726,1990675,0.3076922840236705
851,1938140,1764317,0.16748768390400157
852,2920273,123591,0.017699114887618453
853,4778699,1201096,0.3503649622249454
854,267534,1380378,0.06266318521497863
855,1135603,2685283,0.6249999804687506
856,4743153,535280,0.2127659563150747
857,4164647,4571277,0.11244019129789458
858,3251800,3853574,0.26060606029017447
859,142496,2824480,0.31174088942615025
860,1353165,2287915,0.45259938699510893
861,4721192,3288243,0.27499999770833333
862,148935,1140025,1.2580644755463073
863,754986,4625985,0.2253521116180652
864,3100893,2493630,0.05882352909720038
865,1456698,2760565,0.1923076849112429
866,3167544,3065172,0.2804428033932
867,1615945,2471103,0.04032258031997919
868,923082,3893890,0.02656641602678375
869,3615734,3970114,0.1372548992695118
870,2299912,1008064,0.08451757663256636
871,609330,1397316,0.15410958851332332
872,2338838,4834648,0.34065933691583145
873,2017826,2903363,0.8333332870370396
874,1049150,4124480,0.11879124691948897
875,2608376,3824501,0.1367187494659424
876,1482666,1660395,0.03803393796986045
877,1306100,1678282,0.4749999881250003
878,2826278,3611999,0.5457746459655822
879,2395078,2721855,0.08387096720083247
880,3680790,2927670,0.6040268415837124
881,4272458,151153,0.17532467516203645
882,3596185,1595754,0.2790697641968632
883,370525,4291780,0.10509164965169383
884,2226097,1974361,0.07171314726750369
885,431391,1102747,0.7297297231555882
886,300097,726929,0.043956043795032804
887,750926,2586375,0.007018732755359953
888,153480,4192365,0.17021276414667272
889,3506025,212805,0.3235294070069205
890,2452484,2199228,0.11111110699588492
891,1233851,3304718,0.4918918892330168
892,456126,2103578,0.17808218934133987
893,3286368,1614313,0.11349693216718733
894,759809,1677060,0.10810810737764792
895,3538278,1922398,91.999908000092
896,783972,4757627,0.044776119068834934
897,2085193,3886160,0.6960784245482508
898,623444,2262983,0.11249999953125
899,1219418,528928,5.2499997812500085
900,1998627,538998,0.7268170407849197
901,573693,3400944,0.09615384522928995
902,1101947,1959052,0.3076922840236705
903,3887171,617576,0.34782607183364905
904,4093525,4161490,0.21739130245746693
905,1711569,1503250,0.11728395025529645
906,1318170,2766614,0.15217391138941402
907,2915489,2434223,0.13157894390581729
908,4713292,1735687,10.227272262396715
909,4342160,4836932,0.04494381971973237
910,563322,1340111,0.14434523788043863
911,922949,1049281,0.09385964904047399
912,1455727,1967550,1.4999999840425533
913,4347727,2401865,5.3818180839669445
914,1779478,4553620,0.35999998560000057
915,820951,1133567,0.02274778840535335
916,1295223,3606238,0.6273291886501293
917,234766,1989292,0.11494252741445371
918,495684,2052579,0.23642172448427565
919,2604474,262528,0.09749999975625
920,4457096,3095483,0.16666666111111128
921,3225386,1483950,0.426470585099481
922,3959449,2151517,0.33333322222225925
923,2695091,2128045,0.10144927389203952
924,2245867,2784159,0.11764705190311459
925,1719345,2177982,0.020799180325737788
926,3795465,4690299,1.0526315235457093
927,2902003,1374445,0.10194834615587549
928,1895458,1253026,0.09890109835768628
929,888120,888836,0.13311331125791345
930,4866498,2486525,0.1394658752881508
931,184687,4696690,0.02434210524714335
932,2871308,1064883,0.2109826583497611
933,552693,4180588,0.22772277002254684
934,460696,978745,0.1730769214127219
935,3721072,2717219,0.24087591065054081
936,242742,637362,0.7499999910714287
937,4147170,3324817,0.08053691248141975
938,1299015,127123,2.4864864813170757
939,833087,907052,0.6060605999387818
940,137437,4005148,0.399999993846154
941,2474997,2999710,0.08888888823045268
942,4137763,2898182,0.0899999991
943,475232,3873884,0.35087718682671604
944,2519600,3144985,0.18579234871151723
945,851486,1253335,0.056910568951461876
946,1484675,2555689,0.09836065493147005
947,863325,3528798,0.05341614900196752
948,865410,2270767,4.275362287859694
949,1588061,4013191,0.351562497253418
950,2975625,2363738,0.45021644826746127
951,919101,1522214,0.048780486615110086
952,3893222,4116046,0.06563706538364067
953,4759359,824031,0.32593457905848766
954,3298060,3649303,0.08587257593941115
955,1618544,1613382,0.2222222098765439
956,2324352,816913,1.141706923396371
957,4499487,3804486,0.19999999200000032
958,861461,2833178,0.42790697475392103
959,2713798,2885043,0.12676056308272168
960,2475214,343584,0.4444444197530878
961,2815706,716282,0.11161387615141195
962,810494,785119,0.27526132308271317
963,3743292,29959,0.23076921301775286
964,4022436,2309371,0.10944205985098271
965,1576600,3241571,0.25423728382648675
966,3164595,727760,2.1363635392562026
967,2342340,2371785,0.033333332222222255
968,3318025,3258850,0.333333319444445
969,854025,2258576,0.7327586143727706
970,3446567,621120,0.097643097314333
971,3067879,2330265,0.09933774768650498
972,989455,1268920,0.07566089327651696
973,3517389,843636,0.10986267159184601
974,2506342,1857594,0.01219404435696792
975,863783,4395944,0.3538461511242604
976,1632116,1528823,0.04201680636960667
977,2359631,4515216,0.39235201655717544
978,3317934,3629131,3.4636871314877813
979,2932339,2350634,0.06024096361349011
980,927463,1514817,0.058333332847222225
981,3598083,1721413,0.04215976328242621
982,2429371,9946,0.499999950000005
983,1039279,3411931,0.11873840423239629
984,2895068,3918393,1.8857142318367364
985,1854023,1483116,0.2236024830832144
986,725415,2082827,0.22222221975308645
987,1202857,1678405,0.2022471898750158
988,3689215,1218296,0.10402684528850052
989,4528705,1142702,0.11911764688365052
990,4034438,711824,0.06849314974666919
991,3782034,3556169,0.21645021551320254
992,1014721,1666556,0.07692307544378701
993,3270580,3395510,0.7142856802721105
994,2324422,4426524,0.22998872578355273
995,1194190,345813,0.9028776945939652
996,2625217,1996375,0.6842105211713495
997,2824005,2211339,0.13008129975543659
998,1576591,4166917,0.033965913209599546
999,380525,4664852,0.06896551644867223
1000,3993072,2416078,0.2539682499370119
1001,1094048,594102,0.0730282375140913
1002,4600134,624993,0.4573991010878964
1003,2764263,2893207,0.29999998500000075
1004,4177865,2882100,0.13314447554350006
1005,4623321,4808386,0.09071504792879931
1006,3718908,4679904,0.09973045813141916
1007,2745387,3910839,1.1395348572201196
1008,3195688,112647,0.036585365407495546
1009,1813368,1770441,0.386792451005696
1010,2009930,4758377,0.04347417839967378
1011,1787403,2443214,0.5104895087045821
1012,4726874,1894531,0.6451612695109268
1013,127950,3728341,0.08460550719295112
1014,3794842,3706176,0.49999999038461557
1015,3296250,3535207,1.2396694112424016
1016,4811622,757734,0.03237217279104168
1017,3683564,2701054,0.3854748581817047
1018,1283657,689821,0.12280701745018534
1019,3836659,4321162,1.1315789175900286
1020,1488401,3872415,0.020471624772667885
1021,31098,1030864,0.09848484773875116
1022,2451660,1970291,0.9999999285714337
1023,718458,3720766,0.07947019814920399
1024,2002799,4114575,13.357142539115655
1025,2005497,2338090,0.008130081267763897
1026,2118551,3452067,0.06730769166050296
1027,3778796,254059,0.038827617459007764
1028,4348766,3973930,0.08070175410280087
1029,3475909,1973662,0.7659574305115441
1030,240027,3855745,0.08191850592488996
1031,4263251,2518627,0.01052631567867036
1032,942440,2191992,0.08875739618710829
1033,850459,456126,0.23739495792085216
1034,3716119,3025121,0.14285714100185531
1035,988417,1104604,0.05633802797064075
1036,5221,2981668,0.0023148148094564473
1037,2021460,243830,0.022181145984877734
1038,4774646,1196225,0.16666666452991455
1039,2435515,143446,0.13630573242619715
1040,3941703,211323,0.37037036351166
1041,651778,2540894,0.20992366332090204
1042,477326,3487516,0.2127659551833409
1043,3861672,3647364,0.4186046414277991
1044,4749201,2707342,0.17178770925727974
1045,1255094,3818809,0.21476510043091152
1046,437391,1021368,2.8874999639062504
1047,4817391,4563454,0.23456789833866792
1048,3910665,3985168,0.3636363305785154
1049,1150281,4486106,0.14520547925314317
1050,4858996,1582222,0.07770961129302738
1051,4204662,2133364,1.8333330277778286
1052,3656099,1380448,0.1088082895916669
1053,4788248,2048276,0.15730336901906328
1054,4716646,448823,0.15686274407279252
1055,2844962,2757201,1.5454545220385678
1056,2161230,2087517,0.32812499487304697
1057,3808182,3103806,0.3073929955109086
1058,419149,4406065,0.11111110802469146
1059,3847967,357466,0.19999999968253968
1060,987441,824382,0.07829977611118619
1061,4762542,2767142,0.4838709599375652
1062,2914647,4841268,0.05726872221467523
1063,1275299,1593758,0.16739130398393195
1064,3757241,3248594,0.20754716965468137
1065,219686,2015738,0.10526315770369662
1066,3249932,1068993,0.4054054026661797
1067,2704231,3435043,0.32786885138403654
1068,2691310,3640458,0.04727564100670047
1069,2581947,3759750,0.11949685459435941
1070,1689039,3927655,44.076919686390795
1071,2694816,2207956,0.13942307625277367
1072,4405100,2051732,0.14455066916078368
1073,3352123,3510148,0.07656432179342346
1074,2584682,3162385,0.16279069641247523
1075,2680834,4254453,0.12903225390218534
1076,3202510,2092295,0.07594936612722322
1077,4468086,532755,0.057851239191312076
1078,575651,4258315,1.2999999740000006
1079,2883988,824046,0.28124999958147323
1080,4008358,4483821,0.24626865487859212
1081,2939315,3155408,0.014385669492300756
1082,4839526,3833152,0.023076922899408287
1083,3507863,177506,0.03585049577738329
1084,4619061,4289016,0.025773195743437137
1085,4380434,3731768,0.2333333255555558
1086,3213547,2706025,0.09589041030212048
1087,4094697,212805,0.1719324025187859
1088,1927960,1579810,0.0539249146389591
1089,2640387,100754,0.21673003719874512
1090,3852854,3785477,0.3015873006298816
1091,1700836,350886,0.07550077035785764
1092,871160,3340066,0.5966850795763255
1093,2772925,2456239,0.46666663555555765
1094,1548013,1078672,0.793388423195137
1095,2242956,3882590,0.012262563114659465
1096,3603630,3489034,0.35999998560000057
1097,1064556,3912526,0.09523809070294806
1098,19760,5113,0.5348837147106545
1099,740005,4510860,0.15099715088960317
1100,4765846,605639,0.1578947340720222
1101,2609436,653633,0.5306122340691382
1102,2766747,321857,0.0038360105481093235
1103,4094066,1628264,0.11734693817680134
1104,1246601,1897862,0.8499999575000021
1105,4232521,2779791,0.14583333181423613
1106,2554658,3240496,1.1956521609168245
1107,415254,3129186,0.39999996000000404
1108,4400995,1187964,0.283333332808642
1109,2850445,1118530,0.4374999977213542
1110,3729828,2294440,0.11194029822900424
1111,3370783,4790649,0.08192090372338728
1112,3001815,74323,0.048027444171479514
1113,3394828,2633571,0.8358208924036534
1114,117653,1995601,0.7468354335843617
1115,1675257,4723059,0.09090908677685969
1116,3897513,733605,0.19230769107495072
1117,19484,749672,0.028706624596622515
1118,4284282,4516132,0.23574631631278262
1119,833524,3841591,0.049180327062617595
1120,3879365,4329629,0.1771771766451136
1121,4251792,57883,0.5637019223993968
1122,2835662,2379122,0.30508474403906927
1123,2313654,3448488,0.042226487483467856
1124,3800305,4420839,0.06818181663223144
1125,399565,2956791,0.9033613407421792
1126,579536,3165162,0.14570858254349583
1127,225697,982493,0.06249999951171876
1128,457555,1106852,0.023675927192639622
1129,4857001,321177,0.09169054414988383
1130,4655006,1987945,0.05263157617728546
1131,3163774,3004014,0.017713365510928558
1132,4498101,2926541,0.17499999781250003
1133,2807375,3247071,0.3577981634963387
1134,3222303,1081619,0.12718204457061835
1135,4736009,1835245,0.057142855510204135
1136,401959,2653845,0.06451612695109267
1137,813047,3009562,0.008982035914697551
1138,2899933,536723,0.15789472853185638
1139,4154717,2424452,0.06779660997797568
1140,1413512,3299579,0.39999999500000005
1141,2940424,1904054,0.09210526308660583
1142,602340,107996,0.14487632457640875
1143,1011757,3739100,1.599999680000064
1144,940042,4253433,0.199999960000008
1145,3905250,452890,0.5055762062989733
1146,3066444,685095,0.3626760550609998
1147,1325436,3202770,0.086956520478891
1148,125872,1465269,0.15624999837239587
1149,3407905,765543,0.09090908815427007
1150,2623580,2337217,0.32579185372944863
1151,4211984,2596286,0.028457092034580456
1152,2349594,959247,0.8333332638888947
1153,2061150,3837284,0.544303790578433
1154,1399058,1796644,0.12142857113945578
1155,12547,957725,0.08376575234709728
1156,2361673,2593954,0.35849055927376305
1157,3305322,3169329,0.19999999789473688
1158,702865,166306,1.2916666397569452
1159,4311665,2499401,0.19944211966605005
1160,4052122,2588244,0.17948717718606183
1161,2187451,3356265,1.117647025951558
1162,2544398,4360802,30.62499617187548
1163,1164032,4779044,0.6666665925926009
1164,4125905,723257,0.734177205896491
1165,3169284,2502590,0.19402984785030078
1166,1360006,475380,0.12598425097650195
1167,3158482,4350093,0.9999996666667778
1168,3082677,3108490,0.0937499970703126
1169,3139086,4343940,0.03476527900027341
1170,1044619,1269131,0.17857142766034986
1171,2390374,4143831,0.49681528345977527
1172,4779046,4399430,0.42857139795918586
1173,4420475,2868440,0.29310344322235443
1174,815236,2155768,0.05507246360848561
1175,1676054,2238637,0.9999999500000024
1176,842454,1847353,0.2653061170345691
1177,153792,778021,0.068965516646849
1178,336290,87195,0.16161615998367515
1179,2410512,3528096,0.2549019557862362
1180,3185337,1129762,0.6691449789251116
1181,4086406,4539579,0.05471478461206256
1182,4174741,1729680,0.0377358489548899
1183,1429183,19269,0.6119402893740256
1184,1479088,3296983,0.03478260839319471
1185,4139326,1040056,0.3480176196122572
1186,4311720,3703326,0.3883248721108506
1187,322366,3277122,0.0866141725463451
1188,2153824,4079268,0.4999999900000002
1189,3690840,3870459,0.3902439005353956
1190,1351195,899384,0.030529481451696937
1191,1434155,4593423,5.542856984489801
1192,4315651,2905649,0.2535211231898433
1193,3064744,4544439,0.0348837205246079
1194,4034922,2589566,53.999946000054
1195,2845752,3671414,0.11147902857452646
1196,3526944,4061862,0.04621309365056086
1197,4376408,732151,0.0790960447508698
1198,1949391,2153670,0.1545064371051226
1199,654545,2988500,0.04140570631823044
1200,4223263,1730211,0.07812499877929689
1201,1073493,777566,17.9999910000045
1202,566130,3072002,0.1702898548667997
1203,2198631,4151869,0.022582019589867056
1204,193805,2692947,0.19747899132005745
1205,1076285,3926802,0.9145299067134196
1206,3623028,873318,0.04210526271468144
1207,1313574,594010,0.0711297070633684
1208,4080369,357567,1.232954538449122
1209,3541501,2386108,0.2543689315449147
1210,4388455,290600,0.01695357329012749
1211,978544,4006430,0.48969072038739503
1212,2758155,4793999,0.1703124997338867
1213,3148813,4008655,0.15843621382876932
1214,886710,2924181,0.20454544989669432
1215,4600732,1149539,1.0588234671280312
1216,1509450,4095467,0.028037383046554284
1217,4572867,1104006,0.04861111077353395
1218,4222997,2017471,0.3466666620444445
1219,979255,2387274,3.219858144610432
1220,3443847,2887128,0.46153845562130186
1221,1514261,2948384,0.32530120089998554
1222,4720585,1171375,0.2922573606409407
1223,3758681,2083451,0.13391304324536862
1224,475690,4597102,0.16666666358024698
1225,1333051,3296285,0.9787233938433682
1226,4287735,1584619,0.2934782576795842
1227,404943,2187723,0.04548286601527547
1228,4403473,287108,0.06779661000533509
1229,1695500,2846784,0.13749999984375
1230,1164371,237082,0.1818181652892577
1231,2560408,4305715,0.09322033819304798
1232,185853,1109441,0.14141413998571575
1233,4325261,1991267,0.2931034465913595
1234,1223102,3696730,0.11821086224213782
1235,2819109,242455,0.4855072446177274
1236,1535073,4743804,0.14329580333337175
1237,762479,2791241,0.06796116471863513
1238,4147354,4141931,0.10778443081501668
1239,547157,624837,3.089285659119899
1240,4459145,1145009,0.1476190472675737
1241,460728,2556091,0.19642856792091845
1242,4306404,4760153,0.009481178626703779
1243,2739333,4405133,2.933333137777791
1244,3684207,3990211,0.29007633366353947
1245,925412,184085,0.11111111102229326
1246,3694046,1520254,0.539682535399345
1247,2481712,3463660,0.24539877150062103
1248,3089257,428189,0.333333319444445
1249,1896939,1694355,0.36338797764564484
1250,2085462,3162560,0.17857142644557827
1251,4315155,4288798,0.14572864248377568
1252,2939884,2157122,0.0512820506245891
1253,2712752,1770518,0.11015911865963333
1254,629031,3388216,67.999932000068
1255,3259802,4582461,0.08016877620217558
1256,2870198,4470008,0.019052956004748402
1257,2628106,1238203,0.32380952072562363
1258,1181282,657511,0.017543859643993024
1259,3498717,4516447,0.7142856122449125
1260,154714,2622445,0.6240601488118793
1261,2261005,4858197,0.22222219753086697
1262,3491685,714035,0.3333333055555579
1263,1574437,137934,0.0754716974012104
1264,2506473,1266825,0.062321669911049454
1265,2005701,90125,0.05357142761479594
1266,272134,3894567,0.18502202561664305
1267,4523563,4529968,0.06993006944104847
1268,680757,377629,0.022970903487027714
1269,362148,3410967,0.24324323666910172
1270,2472584,3513910,5.33177567601974
1271,127619,4234840,1.1830985748859355
1272,1301087,3467005,0.025594149892995643
1273,2631035,3967228,0.8427197796409891
1274,2730650,4519597,0.9999998333333611
1275,3392535,3653797,0.0697674410492158
1276,775328,1776702,0.4285714224489797
1277,2319421,2990704,0.19704433400470772
1278,4025298,4761250,0.18404907862546577
1279,4054509,4314283,0.32022471730210833
1280,4425037,2781628,0.0476190464852608
1281,2237222,1192436,12.124999494791687
1282,3336834,3106848,0.06666666444444451
1283,2494843,2829288,0.16055045797912634
1284,3216710,4324862,0.3181818109504134
1285,1038362,4322367,0.3464566901853804
1286,3939380,151427,0.2531645537574107
1287,3474714,837222,0.07632600248858215
1288,2690307,848246,0.20879120649679994
1289,4258438,1440232,0.13636363481404962
1290,1499536,762056,0.2214285698469388
1291,1410000,3198135,0.3043478241965974
1292,4079269,890960,2.9714285289795925
1293,2761066,724868,0.04132231370808005
1294,1445324,4820881,0.09126594691730526
1295,2402582,2354103,0.32954545080061987
1296,4117461,4607502,0.10196078411380238
1297,572226,791325,0.03767123274770126
1298,273715,476407,0.23999999680000006
1299,1747728,3849492,0.0727272720661157
1300,3561052,4007276,0.6249999944196429
1301,18331,3593013,0.23188405461037603
1302,919215,32933,0.07158836673022737
1303,1304820,4276097,0.028301886658953366
1304,1525671,1400706,0.2117647046366782
1305,3494194,3501344,0.8352272679816632
1306,4305360,2759898,0.061611374261584424
1307,3473703,1105946,1.9999980000020001
1308,4793374,2883450,1.4666665688888956
1309,4043495,325891,0.17499999781250003
1310,2973142,1374657,0.08342245980382625
1311,2290322,4486882,99.99990000010001
1312,2653433,90257,0.19148935762788602
1313,4454192,4332029,0.333333319444445
1314,3196935,4053811,0.07334273623674302
1315,3824752,2725607,0.11452513934490184
1316,1745731,2243983,0.13288288258359712
1317,3089513,2403010,0.31403508753565196
1318,2735303,622071,0.27999998880000043
1319,4559986,3378736,0.06097560950822923
1320,3600628,2064607,0.13278008243659717
1321,3905067,3393225,0.7199999712000011
1322,2096490,1246259,0.9504132152858412
1323,3029390,379057,0.9999990000010001
1324,1832518,4370950,0.10799136045790203
1325,188743,2092812,0.08510638116794934
1326,2447113,410275,0.057142855510204135
1327,2307937,4048147,1.8333332722222242
1328,4690365,1339133,0.31623931353641616
1329,3200341,3453522,0.9060402623755687
1330,2956147,2501960,0.21311475235151842
1331,1227156,3239338,0.4166666579861113
1332,3440116,1891147,0.36413043280363894
1333,739545,2223912,0.14285714139941694
1334,3332801,4155389,0.14371257456344796
1335,4630411,726638,0.04981549814349273
1336,3292676,2597381,0.06060605968778698
1337,4361726,534121,0.39506172351775654
1338,3768380,1423570,0.08833922253680279
1339,176774,1047789,0.05769230658284026
1340,2589604,807761,0.027777777006172864
1341,2161208,473130,4.231999966144
1342,760911,2675321,0.3913043461247637
1343,1674134,2435135,0.08434343430083664
1344,616538,4161676,0.028060329699031803
1345,554768,3078648,1.4416243581643433
1346,3214317,1735883,0.0663716811222492
1347,4398018,3262683,1.333332888889037
1348,1361880,1744811,0.08413001895959843
1349,1223354,4208140,0.09612188362988314
1350,2377378,2574560,0.5466666630222222
1351,1440901,3482871,0.24382520567205496
1352,69444,3789363,0.4358974247205789
1353,3248527,364458,0.08214285710094751
1354,632892,2607954,0.01499250374063343
1355,370983,852119,0.09374999977463942
1356,3957402,3989690,0.7969924752105829
1357,289215,938763,0.06324110659438517
1358,1025283,2977357,1.1333333225396827
1359,3930883,1625272,0.5540540503104456
1360,1926769,4183382,0.03571428528911565
1361,4299096,4188270,0.20762711776429188
1362,3238785,2616535,0.0392156858900423
1363,1325894,2598896,0.2970297000294089
1364,67665,382209,0.18478260769139887
1365,3658641,1334501,0.371495326234824
1366,559652,20388,1.0791366828839088
1367,1236650,3245665,0.4456521690689982
1368,444473,3586386,0.22093022998918338
1369,3893485,105683,0.19444443904321004
1370,1262578,3434396,0.20645161223725286
1371,4487749,4513294,0.6176470562283737
1372,4175026,165651,0.21666666633838383
1373,456895,3833698,0.5017421594046304
1374,4794114,577845,0.17948717488494426
1375,3207642,4238096,0.036585365407495546
1376,2911256,345296,0.27848100913315177
1377,1278054,4085567,0.10699152531039033
1378,1577581,4420285,0.10666666524444447
1379,1979383,4351306,0.6571428383673475
1380,1054015,3135338,0.08583690968704526
1381,1093575,781031,0.06249999609375024
1382,2795094,3649212,0.34482758026159344
1383,1233950,3153504,0.16382505547529647
1384,3567284,1497894,0.15270935885364847
1385,1710577,1310839,0.031340544715504126
1386,2686174,10115,0.014553014522758806
1387,3730580,3067078,0.9999990000010001
1388,4655510,243176,0.33990147615812083
1389,4363166,952893,0.1419558355143349
1390,4805386,2662315,0.0663082436087666
1391,773004,435747,0.21446383986417994
1392,2853045,3350833,0.5073170706960143
1393,622386,4563330,0.21333333048888894
1394,326452,580398,0.025641025619110233
1395,1677331,1950471,0.24844720342579377
1396,3696903,4627252,0.0835380834354569
1397,993398,3117644,0.7916666336805569
1398,3946091,261556,0.1777777738271606
1399,3197538,1772038,0.03225806434269858
1400,4261799,3995236,0.05223880558030742
1401,3892940,1131169,0.07499999906250002
1402,528340,2537385,0.16666663888889352
1403,712547,1102206,14.333331740740919
1404,4819083,3443517,0.1275964390429313
1405,2586529,2971250,0.06666666222222252
1406,3144269,3965490,0.5535714186862247
1407,1453814,4852987,0.11166666648055555
1408,395117,3296710,0.024855636448693038
1409,4493888,1975369,0.19839679318958559
1410,1677157,4671494,0.10144927389203952
1411,4655993,3793690,0.0833333327991453
1412,3113932,2656185,0.04339622633321467
1413,4565735,1072872,0.14296874988830566
1414,1050485,3041739,0.045936395719137456
1415,700731,3764731,0.21666666305555562
1416,1781994,3511998,0.05882352825836219
1417,3660326,1588708,3.9999960000040002
1418,4505818,2887963,0.05714285712294674
1419,1530855,634165,0.34745762417408793
1420,2145365,3777242,0.061452513623170314
1421,1629000,3863501,0.0969230767739645
1422,1139129,294239,1.9999999000000048
1423,4139305,1108809,0.36065573622682073
1424,4225437,4674411,0.10156971366429389
1425,4454647,225124,0.20689655083234246
1426,3446942,3258677,2.6941176153633224
1427,292084,2102776,0.13924050456657588
1428,1427709,4747550,0.11714975831262106
1429,697912,4612494,0.20689655070494312
1430,3578545,1604914,0.16176470350346026
1431,965813,1277950,0.14285713775510223
1432,2522287,3273144,0.8444444350617285
1433,2200489,4626853,0.3309352510049514
1434,551741,4856114,0.209999999475
1435,211987,2616242,0.3642857116836735
1436,2119957,2608710,0.23529410380622917
1437,340456,2305549,0.27777776234567986
1438,143652,336189,0.15433212982460998
1439,656728,4390738,0.1004366807841193
1440,2060035,4104762,2.647058784602077
1441,1869476,2462897,0.16693163738717676
1442,884526,3327588,0.08722741405848157
1443,4798911,2351301,0.12525252499948986
1444,3711007,101762,0.08010012505619508
1445,3374895,314924,1.2371133956849825
1446,4207706,1840022,0.31385281317347874
1447,796367,831156,0.03387267503146282
1448,3481117,2900535,0.11678832031541372
1449,3316377,4094697,0.31884057508926705
1450,922843,2710045,0.06925207737049287
1451,976193,3888365,0.09473684110803325
1452,54323,3358359,21.285711244898394
1453,3093160,866014,0.09090908999081727
1454,1924479,3296013,0.3165137600159919
1455,3004134,4307753,0.15416666602430557
1456,2839397,2652623,0.12213740364780608
1457,2730409,45986,0.32014388374048963
1458,1695915,4259826,0.12499999776785718
1459,4461572,3036365,2.147239250630434
1460,733542,4853330,0.33333322222225925
1461,455141,1838184,0.3947368414127424
1462,532578,4796771,0.426829263087448
1463,218953,4117610,0.14893616704391135
1464,3716915,1548893,0.12403100679045731
1465,3053148,2617372,0.08108107888970058
1466,2106673,1599860,0.008474576199367999
1467,4190805,1636302,0.2499999875000006
1468,3961117,714236,0.15034964982395227
1469,1377969,4565646,0.08196721177102932
1470,1008703,1852018,1.2352940449827032
1471,614504,1799445,0.07692307633136096
1472,144710,1125599,0.003913526124594752
1473,1069609,986979,0.35555555160493835
1474,4003133,4204052,0.5226337441390484
1475,2073638,1522373,0.32142856568877565
1476,779591,1358385,0.1536231879605125
1477,1426916,4448254,0.03636363603305785
1478,2338507,696808,0.15642458056864642
1479,1919947,3056079,0.1421800944498102
1480,216300,857288,0.00945853324064996
1481,3998824,2428800,0.17834394847661164
1482,3504235,1014927,0.2605863183694257
1483,2299421,2077429,0.07924921789403064
1484,572208,1306207,0.47999999040000024
1485,751949,4753457,0.11475409789035206
1486,4459325,349769,0.18095237922902496
1487,2021996,1096690,0.09439527995753605
1488,4582850,4530690,0.31868131751398787
1489,1283175,301577,0.20987654061880814
1490,425592,804801,0.0666666665633075
1491,2044073,3371037,0.2608695595463139
1492,569377,4812681,0.1962264143538626
1493,2185449,2828364,0.09181636708220287
1494,1412406,4302821,0.17647057785467188
1495,4243983,1853961,9.923076159763372
1496,317762,801878,0.056872037824846705
1497,983607,1480185,0.09346169270218144
1498,3236313,2234069,0.15745393608466676
1499,3213568,1682097,0.04669260682220776
1500,277167,3471248,0.06060605968778698
1501,3835319,1977385,0.6243654790641346
1502,3451039,36246,0.08597285048422432
1503,660986,101003,0.14018691556031096
1504,1997835,1654051,0.119047616213152
1505,1620145,1407969,0.17269076235867165
1506,4308422,3686117,0.14285713265306196
1507,3703565,4115825,0.06539879680469653
1508,2313595,3121459,0.06746987935549427
1509,3198069,3383073,0.09999999750000006
1510,4109862,4482088,0.5909090819559231
1511,63419,1701148,1.2666666572839507
1512,2739660,3283164,0.32068311134595234
1513,2169549,2208689,0.11312217168976885
1514,1450320,1541775,1.0816326309870892
1515,4278656,4488598,0.24175823910155783
1516,1381293,3720786,0.44254278620405185
1517,1548572,2946706,0.04402515695581662
1518,2641051,1058048,0.15025906657896856
1519,309574,1226975,1.366300361295603
1520,3600303,433609,0.3488372065981612
1521,1479553,342516,0.05747126429441729
1522,3653599,4169815,0.2812499912109378
1523,702070,3353876,0.5217391077504736
1524,606562,1963907,0.16300129345019237
1525,1601288,3038110,0.0964912276469683
1526,2612363,1312254,0.3914373076714455
1527,4384646,690657,0.05022831027293009
1528,4170044,2449547,0.14285713265306196
1529,2787002,2382117,0.09788867543591426
1530,3656282,183794,0.08794788259291876
1531,4757732,4796773,1.2490196053940792
1532,4471609,113182,0.042016806546147874
1533,158235,2647536,0.07185628699487254
1534,3863062,1245989,0.15432824122431327
1535,2369634,2796817,0.34821428260522963
1536,4779430,2450275,1.6666661111112961
1537,841644,378843,0.07777777691358026
1538,2069466,4059533,0.15925925866941015
1539,4804968,3347711,0.07291666628689236
1540,1119602,598319,0.08208296550566374
1541,3200364,1635042,0.07510813998622821
1542,641893,142116,0.33802816663360447
1543,3649600,1586497,0.6470588217169221
1544,3705151,1597846,0.07692307396449716
1545,2689691,3967571,0.9999998333333611
1546,2324971,252017,0.9107142694515309
1547,3855867,4500259,1.599999680000064
1548,4392569,1202817,0.3695652093572781
1549,4096612,4409813,0.0054515454133537205
1550,2157499,3852135,0.16046511590589507
1551,2434497,1437980,0.38749999515625005
1552,4668030,2634700,0.017894853839884806
1553,2913556,3913470,2.7272724793388656
1554,830202,1086605,0.053191488795835226
1555,4245940,981592,0.07815845820227063
1556,4589413,3364546,0.09302325575548506
1557,294574,3088440,0.2157221202637621
1558,2814017,4445347,0.599999880000024
1559,3533123,3086451,0.06953476734890707
1560,3229914,2949033,0.040339702717261464
1561,970731,519315,0.3835616412084819
1562,4688520,2795159,0.03553299474348734
1563,269252,2041783,0.1499999962500001
1564,4604264,2264881,0.34374998925781286
1565,2722351,3640207,0.02918918915763331
1566,4013082,3639154,0.28481012568098063
1567,3291892,4597493,0.16717635060578445
1568,1367655,803481,0.043956043714527236
1569,3169340,327965,0.19999998666666757
1570,339567,3863742,0.8560605995752985
1571,1983366,2984603,0.1004366807841193
1572,4259589,3414182,0.03068100357983068
1573,1108548,2216042,0.13908450679738643
1574,1337541,2322497,0.07936507873519778
1575,1829249,1776000,0.22222221728395075
1576,1150506,1371900,0.09722222188464506
1577,3798250,1328064,0.0510204076426489
1578,4724359,2245972,0.21874999316406274
1579,4802205,4060090,0.07992565040906013
1580,4533563,1194784,0.03846153772189351
1581,2548298,2894167,0.1532846704139805
1582,2976480,2265640,0.8333332638888947
1583,1140217,2539248,0.05843657493055185
1584,1708548,3128487,1.6363635619834744
1585,3394276,1828719,0.27607361878505027
1586,1336173,1310817,0.2207792193455895
1587,2947741,3844365,0.23076922958579882
1588,2945223,149736,0.3589743559062021
1589,2767192,4337224,0.6428571275510208
1590,3590756,2009973,0.22466960253449514
1591,2581909,4597942,0.17721518979033513
1592,4786573,2444440,0.08108108088186466
1593,3333959,1274808,0.1134564640805898
1594,585893,1378923,0.0893854746106551
1595,1629739,1821613,0.1077844304923088
1596,758145,2677010,1.8571428040816342
1597,3468777,1065417,3.359999865600005
1598,4217929,3666587,0.1562499990234375
1599,1157430,2300708,0.3431372515378701
1600,101964,1699954,0.09954751119960689
1601,1436505,3795525,0.027027026935719504
1602,2347696,2595595,0.3992094845881048
1603,2624184,1348594,0.7372262719910492
1604,813202,3472025,0.6849314974666918
1605,3720321,1026468,0.5576922969674558
1606,285390,4757441,0.057499999952083325
1607,2753362,4057988,0.32544378505654564
1608,3146672,2707096,0.04838709638397503
1609,4358141,958601,0.10714285586734695
1610,908090,325697,0.072695035332101
1611,1863670,4355015,0.5862068763376939
1612,1550064,3302485,0.16666663888889352
1613,652476,3793631,0.12903225723204995
1614,3900509,334414,0.3081081064426589
1615,1974922,3824251,397.4998012500993
1616,2171894,2312075,0.17355371757393623
1617,7648,1105233,0.3007246365915774
1618,3283833,1886356,0.03146206043709928
1619,998253,796021,0.671641786032524
1620,4588320,3982440,0.042498477362032265
1621,3492319,3917621,0.09405940547495344
1622,558571,3113681,0.025316455375741072
1623,1813311,1042307,0.10972568551190602
1624,4452445,815993,0.11452184165936029
1625,259091,4687278,0.06662735845128104
1626,2664082,82340,0.08310991934823078
1627,1148355,1142141,0.10190427169227778
1628,1486685,2635867,0.37845303832554966
1629,1086513,1586234,0.2357723558067288
1630,4689344,2803220,0.08182730919586982
1631,911669,2442177,0.08289473673303324
1632,4109446,2322663,0.07291666590711807
1633,440942,3263590,0.20588234688581333
1634,4031191,2692426,0.14399999884800002
1635,3839027,3509400,0.41085270999338985
1636,1604735,1817126,0.09984399360398753
1637,3269084,137753,0.10526315512465383
1638,1624821,4566668,0.037037035665294975
1639,1395639,4467748,0.3470588214878893
1640,4392240,4085911,0.44776118734684794
1641,3035217,2815228,0.05882352825836219
1642,621120,4490886,0.6900149021013191
1643,979348,3573012,0.14655172350624257
1644,4597942,2408952,0.7873754126665269
1645,4490242,4346020,0.4466019374116317
1646,4857356,838983,0.041095890298367424
1647,1433583,146049,0.8181817809917372
1648,4121724,1229401,0.05357142809311225
1649,3329198,1801676,0.2799999984
1650,1922454,2405212,0.036713286649102644
1651,331205,570353,0.11027568894667747
1652,3178553,2635295,0.42424241138659363
1653,4373282,2050610,0.07288629726984505
1654,206364,678525,0.4999999964788733
1655,1309887,3121740,0.09238249587327188
1656,2926583,3282169,4000000.0
1657,4105847,3050073,0.08319738981794665
1658,2028569,3391808,0.18681318476029468
1659,381694,299257,0.07377049119860253
1660,366904,3540943,0.1632653044564765
1661,3341092,838453,0.07095709559248004
1662,4768938,213917,0.2019230749815089
1663,4392592,2251789,0.6514084484105337
1664,4700777,2492280,0.03653065583496461
1665,3019958,2913438,2.6060605270890753
1666,953115,338263,0.3023255802235443
1667,3431400,1069044,0.07082371049205256
1668,191334,3397645,0.16192560157338556
1669,1854613,3025335,0.3218390767604704
1670,2245414,2926500,0.42696628733745745
1671,3096596,1595656,0.19251336864079613
1672,3647315,2031809,0.24615384426035505
1673,4452360,1798255,0.06521738988657848
1674,1055988,2289744,0.1888888878395062
1675,4695321,502697,0.2571428497959186
1676,1729215,1432887,2.267267260458657
1677,756454,1135187,0.31481480898491093
1678,4825117,2791656,0.05254237286354496
1679,4095564,1735521,0.04954954932635338
1680,453052,555666,0.12195121653777521
1681,660102,3217561,0.35294116608996573
1682,1314264,2037947,0.15281329913502986
1683,4283855,3106235,0.48012232269075744
1684,829732,3438447,0.21428571122448986
1685,1567106,2392359,0.09433962204817847
1686,2568622,4345793,0.2424242350780535
1687,847174,720538,0.19999999927272727
1688,4810264,3403903,0.15937499950195314
1689,4544880,3882701,0.21153846018244576
1690,466787,2391386,0.07514450823615891
1691,2752758,4350947,0.36942674923932006
1692,3033736,4180743,0.03339191558279101
1693,1534141,2365633,0.07961783414134448
1694,845042,4030437,0.027777777006172864
1695,3676081,3959120,0.10619468932571072
1696,4787400,821686,0.38317756830290856
1697,3990283,3661354,0.03013481363399389
1698,17605,505563,0.99999950000025
1699,13751,4421587,0.1442307685373521
1700,3492398,1981241,0.021739130277252678
1701,4148739,4761195,0.5492957669113272
1702,125210,570302,1.0784313514033068
1703,2891857,2591738,0.11749347227808493
1704,2022832,1130429,0.0892857137542517
1705,610208,1513384,0.06889050031262473
1706,3318070,606201,1.7538461268639058
1707,4148694,2251958,0.0521104096977212
1708,2231843,178786,2.9999970000030003
1709,4739917,4607148,0.5568181786544422
1710,3959639,1973051,0.03448275802615935
1711,4669595,3942609,0.10153482868768025
1712,3385671,4820082,0.32235294041799306
1713,2719963,4302399,0.6923076834319528
1714,425140,4144645,0.10317460235575712
1715,811736,679375,0.47058820761245834
1716,224552,1374319,0.21171548099438034
1717,3865877,1895005,0.03866976023253296
1718,3749748,1864273,2.205882288062286
1719,1932926,4091993,0.5555555486968451
1720,2413519,2739191,0.7599999924
1721,2887639,2351112,0.025673377583758112
1722,1881600,1918826,0.4242424199571473
1723,1564261,1707715,0.0672782872560297
1724,3383620,3114204,0.033898304797471995
1725,1989230,3787881,0.012941419425005754
1726,1392717,297879,1.1147540800859987
1727,3579607,550309,0.09090909075604531
1728,4337184,314924,2.5039369881579767
1729,1498781,717384,0.25961538211908286
1730,4772392,2426217,0.12258064437044745
1731,2569366,2811227,0.08137931023258026
1732,1815785,2417200,0.17647058693771628
1733,471758,4302865,0.25221709817232457
1734,2260742,2734382,0.13679245250756497
1735,4415061,3416132,0.1682692299602441
1736,2655904,649460,0.27118643837977596
1737,2175599,2833722,0.25572518986364434
1738,3609793,4595137,0.03539822993186624
1739,375041,4290690,0.17391303591682453
1740,4675165,601790,0.34782607183364905
1741,4256381,3173632,0.026808154139400124
1742,1890475,4304551,0.11612903150884496
1743,3191384,1342069,0.10828025460464928
1744,786633,1561146,0.05769230741494083
1745,1464372,1513821,0.23939393866850323
1746,1411730,4078738,0.06382978718721219
1747,1542411,3288760,2.1162790205516506
1748,693550,608504,0.11913357357713511
1749,597807,2702066,0.5212765901991853
1750,2678495,1754969,0.08108107888970058
1751,1075781,4861584,0.08219177969600303
1752,4679257,676325,0.1395348834505138
1753,1479593,4778717,0.03636363570247935
1754,715543,1190849,0.3749999531250059
1755,1564470,2728864,0.1726190465915533
1756,1761110,1372302,0.7272727107438021
1757,1749305,532201,0.029028132988615327
1758,3473063,453257,0.1428571224489825
1759,2238031,2167783,0.04899135439626606
1760,420757,1383958,0.04612546116951022
1761,39963,4107823,0.14598540039426716
1762,317792,3561262,0.6557376941682346
1763,1955823,3652986,0.024126616480976006
1764,2866126,3512945,0.26218851542558125
1765,1981615,3096828,10.210525778393379
1766,1126100,4651509,0.02902902899997094
1767,1746838,2163256,0.3999999965217392
1768,1589761,1672121,0.08072727266856197
1769,3641679,1888220,0.15116279040472327
1770,3644646,655904,0.08737863992836273
1771,75278,571370,0.29999999946428574
1772,1514802,532005,0.06410256328073637
1773,606263,4113203,0.1265822782521116
1774,3821504,1164968,1.499999250000375
1775,2271643,744460,0.07124681930216446
1776,71051,3135365,0.16949152398735998
1777,3207225,2264276,0.07486136780274429
1778,1382021,4584115,0.19090908917355373
1779,2415668,2497732,0.18930041113312673
1780,1658177,4244067,0.5882352768166096
1781,2525590,2302024,0.40163934097016935
1782,4846491,1957800,0.18308227093501475
1783,3198433,3823314,0.38983050517092793
1784,1220879,3474208,0.12499999687500009
1785,2938250,4639113,0.31677018436788706
1786,3052079,1956921,0.0703124997253418
1787,4732190,4205082,0.5838150255270808
1788,2557232,4004905,0.04398668008642556
1789,183960,2918923,0.299999970000003
1790,4113405,606898,0.06818181663223144
1791,3209795,2480532,0.5913043452551985
1792,2651013,3145551,0.004876954147582064
1793,2811239,1424079,0.13224637657201743
1794,2825828,4177994,0.15730336901906328
1795,491128,3927131,0.15178571417277847
1796,4674719,3728872,0.08333333322811448
1797,552835,4759522,0.3018867867568531
1798,643076,101940,1.3666666211111125
1799,604305,1032219,0.09090908264462885
1800,1958906,3744413,3.130434646502841
1801,3733752,742195,2.2727272598140495
1802,1594321,4625087,1.3999999800000003
1803,2911862,3784408,0.04761904733560091
1804,349869,2627884,0.3437499946289064
1805,651837,4058550,0.3287671187840121
1806,954573,2008925,1.499999250000375
1807,4565915,2813261,0.10589151307918726
1808,1465907,2324744,0.07630057794647332
1809,4472299,1521471,0.338912132473171
1810,4581538,1067585,0.799999840000032
1811,3854337,4422019,0.04761904535147403
1812,2584054,775014,0.22164948339355936
1813,3852631,3314478,1.8247422492294614
1814,1630423,2882556,0.2122186488353098
1815,1341966,1540392,0.06283118844600212
1816,156140,2340324,0.08188585587621376
1817,2871053,427804,0.49999991666668053
1818,3487420,647017,0.5806451519250783
1819,4643656,3344354,0.1351351314828343
1820,1396795,1077087,0.07064555411614427
1821,4751399,1980682,0.49999999728260874
1822,3433219,2606817,0.11312849146211104
1823,3698761,3817973,0.5578947309695291
1824,651351,965340,0.7499998125000469
1825,116792,4746621,0.052173912589792065
1826,4851349,3793469,0.20089285703075174
1827,3541658,1279255,1.4629629561899864
1828,3721646,621120,0.40526315576177285
1829,4528745,2248684,0.47126436239926023
1830,2112778,316192,0.1886792446896879
1831,1326251,2031436,0.0754716978284087
1832,2806721,877557,0.19999999986111108
1833,3838303,2223881,0.3846153772189351
1834,2363814,2659912,0.901185767188989
1835,1300976,1429102,0.029723991444322737
1836,911200,4402869,0.2321428568239796
1837,577443,3317934,0.05829596386414366
1838,4712508,4863728,6.499996750001625
1839,3027281,551353,0.47482014046891985
1840,54650,460554,0.6370370323182443
1841,194816,4624000,0.11475409647944104
1842,4413981,2620518,0.14843749884033205
1843,4223704,4132261,1.6068375931039522
1844,4475147,3779460,0.6241610724291698
1845,2000270,1508782,0.12745097914263745
1846,2579609,13060,0.17616580219603212
1847,1994441,4322508,0.1651785706911671
1848,2402800,2571618,0.05583756316833725
1849,1368123,2205635,0.06933333314844445
1850,2607301,2616078,0.06395614432893736
1851,3981172,319752,0.09045226085199869
1852,3337108,966537,0.06756756726320916
1853,3925727,49513,0.03597122293532081
1854,4355658,4383159,0.37499998437500065
1855,1053284,3420607,0.09999999800000005
1856,3278182,3593261,0.1536871122304017
1857,4562839,3588368,0.05854241331117991
1858,11382,4090004,0.8387096706555672
1859,873234,478223,0.24218749810791018
1860,2665930,3201769,0.41379308917954866
1861,1327147,726135,0.10769230603550299
1862,4074547,2309358,0.23076922189349144
1863,1298087,4530678,0.0848540145211186
1864,2506906,4594495,0.022495500893072735
1865,2368011,1910808,0.16552197790829534
1866,4589904,3332036,0.18848167440585512
1867,1327726,1118381,0.27922077831421827
1868,3056912,3145991,0.21832884038186295
1869,1471887,2903733,0.5547445214982152
1870,4338398,13205,0.5874999926562501
1871,4492909,4131105,0.025286362648522506
1872,2148641,4595137,0.13333333269841272
1873,3971074,703386,0.5565217342911154
1874,892624,2299269,0.2766497459588411
1875,1322684,4403612,0.11453744468163558
1876,3370067,615287,0.20287958088628327
1877,3458832,4692905,0.9473683711911383
1878,1249542,273881,0.02704471100827814
1879,1681099,4334809,0.0779220775847529
1880,4518416,99929,0.0857605177299672
1881,2661137,972491,0.03206143673696324
1882,1310018,1561441,0.38513513383400294
1883,2895223,1124558,1.8620689334126046
1884,2636592,2664795,1.3571428377551025
1885,4787702,3377747,0.3966942115975685
1886,4494681,2715756,0.03275862063317479
1887,619552,865515,0.30051813315793713
1888,2172433,1885045,0.11764705709342564
1889,995638,2582486,0.05882352871972319
1890,4420255,54157,0.14285714100185531
1891,4079340,303517,0.4358974247205789
1892,2890110,1502867,0.11392404919083482
1893,3644551,1776703,0.22134387264290958
1894,4809745,1181373,1.1874999628906262
1895,4583413,77641,0.09999999923076924
1896,4787857,1488238,0.11111110802469146
1897,3645574,1560542,0.27906976095186603
1898,2058071,4084063,1.249999687500078
1899,2606444,2701313,0.5124999978645833
1900,1607095,1480497,0.28682170320293254
1901,3231393,4651578,0.0952380929705216
1902,3287996,2553811,0.03940886680094154
1903,3142808,1776900,0.0464994775218131
1904,123691,2655328,0.2499999947916668
1905,4750696,361098,0.7037036776406045
1906,1551800,1103366,0.2665534800228294
1907,1782783,4078473,0.2902439023603675
1908,4333506,4342717,0.06547619008645125
1909,2760117,4554989,0.07540345017378869
1910,2791981,2833751,0.26689774650451
1911,1587881,6364,0.1891891874847821
1912,2932022,2293392,0.046296296210562415
1913,2126605,6993,0.16981131755072987
1914,2307585,4334486,0.17479674761220174
1915,1419142,1312108,30.66665644444785
1916,1481222,368896,0.05540011188841627
1917,826234,2402159,0.020379146917821552
1918,3792997,3552185,0.08796296255572703
1919,1676412,3763328,0.33962263510145974
1920,599191,4727735,0.16216216128560995
1921,1918795,580211,0.3846153772189351
1922,3401659,4743417,0.05432937177051835
1923,2585410,1433994,0.5441176443915802
1924,2461372,226721,0.10576923026072485
1925,500201,323760,0.041666664930555625
1926,3042280,3992147,2.478260761814749
1927,812338,2053308,0.15555555382716052
1928,4442302,4771880,0.074626864557808
1929,1596155,959021,0.28464419369047117
1930,1450153,4522901,0.13333333155555557
1931,3083369,4586599,0.7499998125000469
1932,4815111,1432601,0.18272425188463703
1933,4298943,4586468,0.06042553186346763
1934,4135447,4851085,0.42857142300556594
1935,3353466,4294640,2.302325527852895
1936,691232,401008,0.021744987106117653
1937,2803469,1823430,0.2611764699737024
1938,3869568,1608239,0.9841269685059212
1939,1395530,4517152,0.2972972946189433
1940,4026923,12423,0.18309858897044243
1941,3560845,3289985,0.06666666222222252
1942,2089379,163021,0.25252524997449244
1943,2762481,1995073,0.0794151375919108
1944,3079359,4074179,0.07175925917620456
1945,261562,3418707,0.14666666627555555
1946,2436439,260826,0.13009292342380777
1947,2795446,1237846,0.3043478128544429
1948,1497370,239765,0.186161449446192
1949,742548,1910658,0.14186851161983213
1950,3510459,3199855,0.399999920000016
1951,113182,3410823,2.2601625832507106
1952,1771597,3195222,0.10256409993425386
1953,4910,2882216,0.19696969398530767
1954,3716495,76607,0.025324124557697305
1955,3772598,877100,0.08716707011238853
1956,878959,367410,0.08974358859303092
1957,1848218,1725177,0.2857142653061239
1958,1914584,1103581,0.028253883231353256
1959,821120,4561588,0.09514807807489094
1960,785893,946768,0.09027169141956906
1961,4822389,4387818,2.3523809299773246
1962,4348238,991193,0.27777776234567986
1963,306334,975007,2.479999950400001
1964,434593,64001,0.4499999775000011
1965,3275002,1005459,9.740740379972578
1966,701764,3193834,1.6911764457179934
1967,3991988,4003532,0.11111110998877667
1968,3928545,2277157,0.21395348737696052
1969,4066452,2534272,0.2523744908380265
1970,1776036,4742630,0.12594458406563078
1971,3492763,4771141,0.2781456944432262
1972,2018936,163021,0.27999998880000043
1973,4747431,3823314,2.4090907995867816
1974,2833239,1568315,0.9647887256000794
1975,243018,3557617,0.4285713673469475
1976,951929,2631245,1.7611940167075073
1977,2476925,208465,2.1666663055556157
1978,630604,3190741,0.2941176448961938
1979,671895,2457054,0.39639639282525774
1980,2220766,4084740,0.11175616819774141
1981,1270278,2941537,0.18446601762654352
1982,3532343,3627773,0.13333333111111115
1983,3131854,1027488,0.5129870096559285
1984,90690,1457589,0.025641024983563465
1985,914875,1990908,0.1724137916171225
1986,408123,1696091,1.105263146260388
1987,443904,4737571,0.04347826084783695
1988,3080022,947544,0.19148935762788602
1989,1423553,1525727,0.013157894563711914
1990,3578368,159177,0.06194690247213303
1991,424411,3625439,0.06379585316778971
1992,729364,1905523,0.0727272714049587
1993,1836328,3815840,0.18269230593565092
1994,3001970,3578789,0.11911911905949993
1995,1909985,1139895,0.01822043371318779
1996,2361218,4135197,0.3263757109556438
1997,4418968,4395510,0.29885057127757964
1998,3742712,2221607,0.14492753518168452
1999,695432,253467,0.1084215834047294
2000,987119,567045,0.027027026296566857
