0,source,sink,jaccard_coefficient
1,2184483,1300190,0.0
2,3151356,1452193,0.006259780907668232
3,1579396,193159,0.0
4,1406432,2481036,0.0625
5,2389638,593017,0.012072434607645875
6,228206,212805,0.013474494706448507
7,1237964,879115,0.002012072434607646
8,3318124,1840575,0.0078125
9,4522929,1552625,0.003976143141153081
10,3406737,3781412,0.0
11,1567983,3008412,0.017341040462427744
12,4370932,2906415,0.009433962264150943
13,286240,474307,0.0
14,4796773,3115614,0.006535947712418301
15,2207765,4354226,0.0039946737683089215
16,1283384,279636,0.0
17,368544,2431466,0.0017338534893801473
18,3921857,4512147,0.0
19,49037,3175009,0.0009852216748768472
20,61633,1064392,0.0851063829787234
21,1459453,654182,0.0
22,447597,2736867,0.0
23,2121585,3413796,0.0
24,933347,1131654,0.001990049751243781
25,3733033,488937,0.0
26,3023014,2817859,0.005555555555555556
27,1404783,410037,0.0
28,1886158,3656408,0.025404157043879907
29,3316731,4579088,0.00825082508250825
30,2369031,1860112,0.0103397341211226
31,2850334,755258,0.0
32,4606553,2879440,0.0
33,3013323,2064734,0.0008669267446900737
34,1653770,1190291,0.631578947368421
35,4540325,202508,0.0
36,4189431,4404645,0.00477326968973747
37,1590268,3824559,0.0
38,2717491,421433,0.0
39,71500,2156609,0.0
40,2422900,325927,0.0
41,784291,4194667,0.0013280212483399733
42,3836480,4207316,0.00974025974025974
43,2570161,3824301,0.0
44,2574465,1663756,0.0
45,195757,4324049,0.0069180214458664825
46,3501584,624570,0.00423728813559322
47,2342205,3520804,0.0
48,2067826,727427,0.00010874687352738609
49,4787138,2365654,0.1875
50,2907109,1536763,0.004484304932735426
51,2979388,2811074,0.020810907786149982
52,2773866,3562714,0.0185546875
53,3467832,3446682,0.003676470588235294
54,209191,3142365,0.005597468970552446
55,1630356,2157727,0.0
56,662368,853327,0.010309278350515464
57,3151576,4278188,0.0011086474501108647
58,2671870,4797151,0.0
59,3536080,614747,0.014964216005204945
60,2541283,1592987,0.004835589941972921
61,3848381,903626,0.027548209366391185
62,811898,3593324,0.0
63,231650,4016607,0.01768346595932803
64,1305368,3362916,0.0
65,3275981,2183299,0.0
66,3863858,4710588,0.0005530973451327434
67,938826,4543397,0.012084592145015106
68,4705108,2629120,0.0
69,617435,2721940,0.005753739930955121
70,2022904,1202849,0.01485148514851485
71,4797294,3735230,0.0
72,2450052,2549546,0.0078125
73,24523,497993,0.0
74,4576342,1043689,0.007263922518159807
75,1875903,2638090,0.00017126709102845887
76,930131,1305103,0.005952380952380952
77,3872353,2516690,0.003012653143201446
78,217062,20388,0.00010224198317988298
79,1628755,1120745,0.024691358024691357
80,4033899,2555403,0.01777434312210201
81,4600810,4690043,0.006289308176100629
82,2852252,3901568,0.024928092042186004
83,4128817,963520,0.0010136847440446021
84,4603833,3538910,0.0
85,2665129,694605,0.0
86,2506289,2034494,0.0
87,3755683,4027183,0.0
88,281045,1477566,0.08921933085501858
89,525339,4345638,0.058333333333333334
90,2872550,3571822,0.0
91,3996001,1317062,0.0
92,1630993,2942968,0.0
93,3519436,273127,0.0
94,1072548,4516657,0.017948717948717947
95,3385377,21536,0.012629161882893225
96,1698628,4155714,0.0
97,3421725,3521843,0.006696428571428571
98,2930692,138960,0.0
99,3738701,228193,0.0
100,1729154,1781627,0.0
101,3763685,3856235,0.0
102,2141424,1303746,0.0
103,4842336,3181505,0.0034965034965034965
104,258948,1471608,0.0
105,721572,98932,0.002890173410404624
106,1943690,492035,0.004784688995215311
107,3345713,3762682,0.0
108,2924614,3377440,0.0011487650775416428
109,4112224,1051087,0.0
110,4110767,2609871,0.0
111,3922567,307495,0.0
112,558917,3683147,0.00215311004784689
113,678764,1677837,0.006060606060606061
114,4064525,2308522,0.0
115,2628408,2510362,0.0096051227321238
116,4088436,483355,0.0
117,4294640,2123719,0.015045135406218655
118,1062857,1809556,0.0
119,3287551,3077116,0.0
120,2921487,2416082,0.0
121,2206017,4727122,0.01948051948051948
122,1601895,4424787,0.0013476210141934923
123,4538043,4347620,0.17699115044247787
124,2494024,1709398,0.03508771929824561
125,2380958,648703,0.075
126,3786904,871332,0.0
127,2705657,852814,0.0013869625520110957
128,2867762,2832683,0.0
129,4814135,2585300,0.0
130,1488632,297642,0.004048582995951417
131,1789514,2955720,0.0
132,309474,3636323,0.01020408163265306
133,4115547,879781,0.002012072434607646
134,4771179,77677,0.0
135,1541973,2681572,0.0
136,660741,517853,0.01818181818181818
137,4483428,1765722,0.0
138,2190643,2947163,0.005376344086021506
139,2519581,3743967,0.003937007874015748
140,4202801,710142,0.0
141,3417866,1598643,0.0
142,697388,943197,0.0005120327700972862
143,3899173,1397388,0.0
144,3150672,3974467,0.0
145,4449837,3538291,0.00018091361374943465
146,35548,3549289,0.013157894736842105
147,2707088,2136581,0.0
148,1586232,3610552,0.0025046382189239332
149,1735883,1901143,0.004313443565780014
150,2968005,1495600,0.001483679525222552
151,2873622,3664409,0.0
152,3691603,3188162,0.0040650406504065045
153,1655116,365416,0.009900990099009901
154,2312268,4219994,0.010775862068965518
155,2349671,204712,0.0
156,1026366,792812,0.0007178750897343862
157,3417564,2307183,0.015730337078651686
158,3687290,1281414,0.0
159,3327760,600051,0.0
160,1299905,4474903,0.0
161,3881924,783583,0.005319148936170213
162,111970,2294803,0.05571847507331378
163,3736271,433745,0.0
164,2807537,2703992,0.0
165,934509,1653156,0.0
166,4662733,4764472,0.017699115044247787
167,1486892,237461,0.0
168,3026000,4750153,0.02702702702702703
169,2436861,4683579,0.014652014652014652
170,2295601,494551,0.0
171,2333576,4066830,0.02412280701754386
172,1599720,3262474,0.047058823529411764
173,600846,64799,0.014598540145985401
174,1285894,2023333,0.02680965147453083
175,1590882,971074,0.006006006006006006
176,357381,908061,0.0
177,2345122,743875,0.002654867256637168
178,1164538,4273253,0.00933786078098472
179,4624816,1789251,0.0
180,470204,3779626,0.0033783783783783786
181,2266717,1367613,0.0
182,2826267,928903,0.004158964879852125
183,275804,1725270,0.0049504950495049506
184,3980329,4675165,0.1935483870967742
185,41540,1437899,0.010416666666666666
186,1810899,2882556,0.00526742301458671
187,1230845,2027917,0.0
188,2472742,3567788,0.0
189,4174076,5480,0.004862236628849271
190,4819127,543061,0.003787878787878788
191,1512639,1757836,0.014965986394557823
192,594370,207942,0.0
193,4066375,4645447,0.002320185614849188
194,1326339,639157,0.0007296607077708865
195,1429554,3308151,0.0
196,2622002,3723250,0.0
197,3341679,524043,0.0006600660066006601
198,2241048,4039025,0.043731778425655975
199,2529024,1545613,0.0
200,644069,2596251,0.003355704697986577
201,1813318,1054633,0.0010825439783491205
202,3655158,37400,0.001274065685164213
203,3418483,362485,0.0
204,408243,4594685,0.0029069767441860465
205,2105491,3781492,0.0
206,738704,4658228,0.014285714285714285
207,2535426,1266511,0.010082730093071354
208,3014450,2569650,0.004672897196261682
209,2635308,3237136,0.0
210,2749135,3229933,0.047058823529411764
211,1147295,4463463,0.0
212,495613,3009965,0.0
213,1376558,291125,0.0
214,2021517,4634127,0.0013679890560875513
215,4519174,520390,0.005253940455341506
216,604125,4360758,0.01818181818181818
217,3828465,3963629,0.0
218,2957639,4578655,0.007090402633578121
219,4325972,1755579,0.029411764705882353
220,1039233,3674322,0.0
221,1901862,4840530,0.008356545961002786
222,2408015,1321954,0.0076045627376425855
223,4781379,52592,0.014814814814814815
224,4583761,4572486,0.003073967339097022
225,1476555,4751012,0.004889975550122249
226,1636856,4208957,0.0005915759583530525
227,2038215,4162950,0.11589403973509933
228,4216378,2118739,0.055900621118012424
229,1136996,3640654,0.0031545741324921135
230,4178366,3164163,0.0
231,986629,3346537,0.008908685968819599
232,2303520,663713,0.001594896331738437
233,4708115,738568,0.0
234,3769409,1960538,0.028694404591104734
235,2844371,3392930,0.003401360544217687
236,1320291,3768226,0.0
237,1817011,3254390,0.0
238,3337956,1186643,0.06233062330623306
239,414390,2341215,0.0
240,1185153,4799044,0.0
241,4182445,4255166,0.0
242,1429988,4034214,0.0
243,784476,4743804,0.004918536735321242
244,1567741,2167167,0.0
245,378193,3858906,0.08695652173913043
246,3193737,852669,0.013333333333333334
247,222154,1096330,0.031067086897793788
248,837136,4092142,0.0851063829787234
249,3001803,1421121,0.0
250,4497472,970834,0.0
251,78652,876913,0.0008820935019112026
252,1740390,2913793,0.01694915254237288
253,4608977,2576561,0.0
254,2146076,3373346,0.0
255,4043972,3448830,0.0014561339643247178
256,2066994,3418202,0.0013504388926401081
257,559972,3695276,0.0
258,2427345,214090,0.0
259,1635607,4683806,0.0
260,4435111,1900279,0.0
261,541055,1731912,0.003601440576230492
262,1745528,2194526,0.1040339702760085
263,754926,762964,0.0007142857142857143
264,2093716,3996594,0.02109704641350211
265,4640383,987793,0.0034366623135610695
266,4298408,420656,0.0007209805335255948
267,4725488,1747009,0.041666666666666664
268,2264477,2991814,7.010164738871364e-05
269,4421319,4161763,0.004341534008683068
270,4007453,1159092,0.0
271,2690596,3915235,0.011370436864153202
272,3602451,2065513,0.005208333333333333
273,504324,2747208,0.013024602026049204
274,30083,1972008,0.0
275,1025903,2722816,0.01818181818181818
276,2607838,4292513,0.001210287443267776
277,132853,1928713,0.03602345713487853
278,1841790,1805282,0.0
279,699145,2039550,0.0005260389268805891
280,1632938,2917594,0.0
281,740264,775607,0.004081632653061225
282,2326042,3593013,0.003775959723096287
283,2597890,4398241,0.0
284,4347620,3709618,0.0
285,2956481,3808878,0.0003739290185176153
286,2421138,2173151,0.3509933774834437
287,3325878,3941234,0.0072992700729927005
288,3969780,3375372,0.0
289,641527,2264701,0.0024330900243309003
290,3750870,214372,0.0
291,3136757,2292933,0.0
292,194271,4138613,0.0
293,4837795,2032867,0.005199306759098787
294,4532809,3889649,0.0
295,2019222,2153519,0.0
296,1047207,311498,0.005235602094240838
297,2970262,1729215,0.03743176501169743
298,1221209,2747564,0.0
299,268995,1173364,0.0
300,4427946,1339329,0.01951219512195122
301,1607490,654860,0.030303030303030304
302,1460872,4581556,0.07627118644067797
303,2019845,4577899,0.0
304,1704367,3164073,0.0036231884057971015
305,2745910,3104940,0.0
306,2133929,3867352,0.0
307,3871942,4799962,0.0029806259314456036
308,3257910,588337,0.001006036217303823
309,765302,2762989,0.0008045052292839903
310,3960835,4669648,0.0029940119760479044
311,2629112,1529484,0.05525606469002695
312,2073048,421699,0.0
313,4524669,2949748,0.0009242144177449168
314,144060,3080263,0.0078125
315,3764504,3328639,0.0034129692832764505
316,433097,4052222,0.007462686567164179
317,1986630,2951260,0.0
318,2398278,209191,0.001503006012024048
319,1974705,1581879,0.0
320,1443500,1164411,0.01038961038961039
321,3550092,3753484,0.0
322,3107199,690742,0.015312131919905771
323,2019781,636552,0.0
324,3478606,1281736,0.0
325,919613,1735123,0.010309278350515464
326,1432948,4331707,0.002070393374741201
327,4782388,1065417,0.059782608695652176
328,596337,409262,0.0
329,4106517,3002541,0.0012168739859383451
330,1065985,4673981,0.0
331,3757808,890719,0.0
332,4865292,2472812,0.0
333,1817278,3209863,0.0
334,2535495,1937230,0.01675977653631285
335,1524949,2845319,0.000254323499491353
336,2699583,2224526,0.0
337,3589315,1592667,0.0
338,1501709,3370956,0.0
339,2135899,3893892,0.005876894525208784
340,3380008,1519730,0.0
341,3120092,4618432,0.0
342,1322906,784341,0.0
343,155804,834066,0.0
344,56567,3302825,0.004034969737726967
345,432620,112551,0.002173913043478261
346,1239755,165055,0.0
347,2314931,2658417,0.0014169084407259969
348,3043233,857634,0.0
349,4444751,719172,0.0
350,3144674,3401173,0.012953367875647668
351,2681125,4245138,0.0
352,4355412,3494128,0.0
353,4114591,1582028,0.0016181229773462784
354,4099850,924833,0.002403846153846154
355,103916,2808644,0.005747126436781609
356,520324,3222831,0.005838198498748957
357,3443992,280322,0.00804289544235925
358,2008046,4864558,0.0
359,1981993,463338,0.003451251078515962
360,3004094,819288,0.06593406593406594
361,4467857,2374812,0.0
362,1143671,3610611,0.004366812227074236
363,1114213,140603,0.0
364,2283170,3108276,0.0
365,3039452,1019859,0.010666666666666666
366,298011,2396903,0.025136154168412233
367,3491637,3299008,0.0055248618784530384
368,4345638,1914315,0.0
369,3193210,370765,0.0
370,279329,4093834,0.0
371,1091584,977565,0.0
372,4310710,290077,0.01937046004842615
373,3725239,1818269,0.0009025270758122744
374,1799182,3537761,0.0009328358208955224
375,4366747,1672058,0.009157509157509158
376,2921853,1063377,0.046153846153846156
377,3210136,2558297,0.008547008547008548
378,1618265,2401545,0.014705882352941176
379,335479,673405,0.0
380,2393127,315060,0.0
381,2305619,2629421,0.0
382,94280,1191204,0.00423728813559322
383,3396488,1921136,0.0
384,1184100,1487302,0.0014285714285714286
385,3561479,3836738,0.003076923076923077
386,2920873,2227745,0.02546916890080429
387,3576624,4268303,0.0
388,527595,1894941,0.011128775834658187
389,919165,1264290,0.0
390,4014552,4632479,0.008130081300813009
391,4135084,17392,0.004145077720207254
392,245914,1905607,0.0034129692832764505
393,2618052,4188938,0.0
394,4836378,4536767,0.006802721088435374
395,437876,2566889,0.11556603773584906
396,2497998,95673,0.0
397,1036152,502401,0.08011869436201781
398,2585063,3153339,0.0
399,311952,487639,0.0041841004184100415
400,4260998,2255438,0.056338028169014086
401,795918,448525,0.0
402,2720299,2127901,0.006134969325153374
403,1459605,3749748,0.008645533141210375
404,3547614,2860781,0.0
405,3335130,438964,0.0
406,1933312,3256959,0.011764705882352941
407,3564448,167816,0.01016260162601626
408,3432616,2332893,0.005801526717557252
409,2633605,1933805,0.003048780487804878
410,2832099,593309,0.003048780487804878
411,2366431,4838273,0.003772161448509996
412,623567,2164839,0.0
413,3994516,1354897,0.0
414,2315048,2033602,0.0
415,1637898,4121411,7.756748371082842e-05
416,892193,4336282,0.0
417,4578655,3601327,0.006393180607352157
418,4152864,1994852,0.0
419,2533205,2449296,0.0
420,3035063,3658576,0.0
421,1063789,1199206,0.08333333333333333
422,4717616,489300,0.0
423,3652352,1702417,0.09695290858725762
424,1024682,1315850,0.0
425,2587055,3472626,0.0033613445378151263
426,2086863,512769,0.06691176470588235
427,1493935,2241589,0.15151515151515152
428,941692,3517094,0.007936507936507936
429,2912801,871888,0.018867924528301886
430,3606548,626239,0.00032740368874822657
431,2200735,2157328,0.0
432,3544260,2618757,0.0
433,1862492,54381,0.0
434,3445194,2976923,0.0
435,4114513,3383210,0.0
436,3744513,1129682,0.0
437,2055183,1190704,0.0
438,3592571,377102,0.000693000693000693
439,484479,352855,0.009086050240513094
440,4518583,1939151,0.010438413361169102
441,2741551,3680201,0.049315068493150684
442,2589986,4298355,0.0
443,3446506,3393730,0.0
444,1080614,1486892,0.08236808236808237
445,3819586,3914665,0.0
446,2232341,2167763,0.002785515320334262
447,3663392,2116501,0.0
448,135756,1415397,0.11267605633802817
449,1304570,762511,0.0
450,3268179,1312177,0.0
451,1034420,2582486,0.03234042553191489
452,1395712,207348,0.012987012987012988
453,28366,1841875,0.07150964812712826
454,628921,901150,0.0
455,2156930,302849,0.01990049751243781
456,4742865,4011635,0.004415011037527594
457,579052,4286269,0.025454545454545455
458,3622805,2239775,0.0
459,1097755,19760,0.016216216216216217
460,4681267,4047729,0.010638297872340425
461,4214037,1124684,0.0
462,3328824,4725447,0.0031491554537646724
463,1632157,3441172,0.004329004329004329
464,2733872,2966772,0.001282051282051282
465,4402871,3812818,0.07932960893854749
466,1807180,817365,0.004784688995215311
467,2763391,4023498,0.00819672131147541
468,1626617,2819030,0.0
469,4130943,4188416,0.0
470,467667,4000293,0.043478260869565216
471,585290,2615912,0.0
472,3437795,2770964,0.005263157894736842
473,3206172,4186227,0.0
474,174802,3795595,0.0
475,4371955,1776702,0.09913793103448276
476,2810159,2277589,0.0
477,2044305,2746365,0.014631966938456384
478,2952533,3517217,0.0010277492291880781
479,2914124,4682995,0.045454545454545456
480,61530,3335540,0.006696428571428571
481,4591296,1929062,0.007142857142857143
482,4428300,2480985,0.009689922480620155
483,46090,1450214,0.0056
484,659769,20462,0.0
485,636099,1164072,0.006993006993006993
486,2407305,95886,0.010752688172043012
487,1475238,1917370,0.007796610169491526
488,550624,1332575,0.06683804627249357
489,3206394,2933565,0.010380622837370242
490,3940380,3051327,0.0015827338129496403
491,273164,1413055,0.01065891472868217
492,1957538,4839138,0.0
493,2749267,3859663,0.01904761904761905
494,173719,2037535,0.0
495,384254,3003794,0.059850374064837904
496,410127,290758,0.0
497,2586954,1166818,0.0
498,172972,4299050,0.0
499,2422604,909677,0.0
500,4326329,732416,0.0
501,3476921,4329139,0.1536231884057971
502,2346396,3113197,0.0
503,1397316,1548423,0.0
504,4590349,4475906,0.0062402496099844
505,4462368,1729215,0.055226824457593686
506,1327440,2866511,0.0
507,505918,80983,0.0012755102040816326
508,1041665,246307,0.008264462809917356
509,1619831,4149096,0.0
510,1602676,4821149,0.0
511,4498800,2530095,0.0
512,1220744,2494359,0.02168021680216802
513,3216894,2917270,0.0
514,823636,3470096,0.0007716049382716049
515,2464404,2214631,0.011029411764705883
516,2225928,937883,0.0
517,3874174,3660958,0.0
518,4510312,4641648,0.13636363636363635
519,1772905,1164032,0.005494505494505495
520,497126,1813537,0.0
521,3956535,1366076,0.0
522,311395,4517546,0.012048192771084338
523,691053,2551093,0.0005094243504839531
524,1202094,4419310,0.009174311926605505
525,2511862,702114,0.004405286343612335
526,1537593,3531111,0.42857142857142855
527,1809060,2755105,0.0
528,4561995,4101406,0.01085972850678733
529,1183256,851822,0.06540880503144654
530,2259583,180886,1.6821706730364864e-05
531,617956,2413499,0.00645682001614205
532,1294163,515021,0.019230769230769232
533,2063062,1342577,0.01152073732718894
534,1800416,2888042,0.0
535,4691181,4610787,0.0
536,1834142,3836704,0.008787346221441126
537,949172,2071647,0.0048543689320388345
538,2536161,4132261,0.02882332994235334
539,625451,3547349,0.012726244343891403
540,2290078,107998,0.0
541,3494888,248970,0.0
542,268519,2884416,0.0
543,158115,4633431,0.14583333333333334
544,4699529,317786,0.04676753782668501
545,3256646,751974,0.004901960784313725
546,3725632,731420,0.0
547,2171358,4477620,0.002053388090349076
548,931647,1765411,0.012269938650306749
549,2744198,3642845,0.0023752969121140144
550,1765731,1258166,0.0012135922330097086
551,2649630,1742482,0.008311688311688312
552,1641756,2486979,0.03155339805825243
553,4036817,1703634,0.0
554,3849807,2866908,0.0
555,1167211,1840412,0.07246376811594203
556,4766814,3298954,0.018148820326678767
557,947762,3341056,0.0
558,3136926,4534450,0.0
559,3730870,3175312,0.010582010582010581
560,2690278,3761780,0.019115890083632018
561,2058283,8356,0.0
562,2646810,4575002,0.0
563,3633833,2573172,0.016042780748663103
564,4247331,82320,0.0021046301864101023
565,3983042,2701676,0.0166270783847981
566,2093176,2186222,0.0
567,1412983,2528294,0.0975609756097561
568,3920505,4846084,0.008215962441314555
569,3320046,4335591,0.0
570,1262238,1048746,0.0
571,3059183,1766159,0.06746987951807229
572,1495241,4548619,0.009389671361502348
573,3717996,3452178,0.0019391118867558659
574,908046,458466,0.002628120893561104
575,319732,3806748,0.001349527665317139
576,748200,1665032,0.0
577,856916,2741764,0.014731785428342675
578,2695621,4579955,0.0013511753597707885
579,4016649,3678951,0.009698275862068966
580,3699726,4642092,0.0
581,4599604,1537367,0.045454545454545456
582,4323755,1211774,0.00014087483271113616
583,117178,2785207,0.01263537906137184
584,2934603,2472584,0.022649279341111873
585,1432887,2529373,0.0029850746268656717
586,4493215,2784278,0.0
587,4159232,4217711,0.005336179295624333
588,3756910,1193087,0.03142677561282212
589,1648871,4590454,0.0
590,4458811,3019604,0.010376519418914912
591,3148390,2002788,0.0
592,769445,2986095,0.0
593,4542296,4029056,0.019736842105263157
594,3097604,4305969,0.0009755654876693059
595,3135278,1898689,0.050595238095238096
596,3490385,2303097,0.0
597,2880138,1230311,0.006191950464396285
598,1799854,1094216,0.0
599,3441024,3198893,0.0
600,1712592,256053,0.015368120085775554
601,1213060,3485270,0.0
602,674419,1687481,0.0
603,2253113,4199739,0.008396305625524769
604,1687100,4699308,0.07835820895522388
605,1687914,1492115,0.0
606,4467644,4597686,0.0024975024975024975
607,1287150,4587728,0.0049261083743842365
608,885888,2401150,0.0
609,4059232,1934540,0.013027295285359801
610,2167353,2927967,0.0009699321047526673
611,2431787,2243309,0.013910355486862442
612,4066935,3061931,0.0480225988700565
613,2912103,2616761,0.0
614,1451983,4398710,0.0
615,1760195,3815591,0.0
616,1268923,4185459,0.006535947712418301
617,3584579,4561007,0.0
618,3210823,4593452,0.0
619,2679215,4079576,0.0
620,3308965,1499488,0.023622047244094488
621,1308257,1360090,0.0
622,4556619,524247,0.006134969325153374
623,3464435,3158801,0.010050251256281407
624,4834181,1615948,0.0
625,4548696,2910685,0.011204481792717087
626,1486569,380005,0.016666666666666666
627,1221273,4569835,0.0
628,1504438,1269021,0.004487658937920718
629,273892,4626132,0.001644736842105263
630,4312824,3833152,0.0006082725060827251
631,2240718,1337977,0.0
632,1187945,4097285,0.005342399222923749
633,1628691,4570236,0.08695652173913043
634,3764155,1080529,0.0003238341968911917
635,2259251,4196528,0.013888888888888888
636,2299390,1491019,0.0
637,1049492,398291,0.006224066390041493
638,233391,2965375,0.0
639,717673,3995418,0.048295454545454544
640,2941407,2964315,0.005825242718446602
641,682761,1558128,0.006622516556291391
642,4352101,697201,0.004016064257028112
643,4239933,2533625,0.0
644,1068581,2394046,0.041666666666666664
645,1176065,3366522,0.004132231404958678
646,2913818,4272458,0.009760425909494233
647,4159234,597760,0.0
648,4818958,708203,0.0
649,3192626,1092178,0.001358695652173913
650,3438286,4629375,0.004966887417218543
651,879908,4254453,0.0
652,1954387,610672,0.0
653,1452,3373263,0.0
654,4207021,606980,0.0
655,1413126,2746611,0.0
656,3149884,128838,0.0
657,2598830,299664,0.0
658,3017206,948009,0.0009019165727170237
659,970600,2125683,0.004484304932735426
660,1211741,4121054,0.0
661,2835234,570107,0.028268551236749116
662,675370,1471569,0.013888888888888888
663,4610268,1275066,0.0
664,1584806,1092555,0.0
665,2904717,762869,0.0
666,3892708,1170664,0.04985337243401759
667,3976780,1552898,0.015151515151515152
668,1808958,3153165,0.0028363047001620746
669,3293844,282738,0.0
670,2027803,2619844,0.0010775862068965517
671,250137,2976917,0.0
672,4418160,3626136,0.02040212891780012
673,3372601,3785031,0.0
674,3318630,701503,0.13268156424581007
675,3961269,303000,0.005813953488372093
676,1978642,1969680,0.03636363636363636
677,1285540,3833101,0.0
678,4399173,2631408,0.003484320557491289
679,1225417,3677077,0.0
680,1917370,970119,0.0
681,716749,4720136,0.0
682,2164938,2616090,0.0
683,4021250,1378011,0.016355737285969844
684,1898939,2124762,0.0
685,725231,2353568,0.0
686,1072647,2289244,0.0
687,3316884,1440533,0.0
688,2308616,4597182,0.007352941176470588
689,2468610,1173627,0.0
690,4280660,4011543,0.0
691,4358480,2619379,3.4904826173965656e-05
692,4247587,4266094,0.008875739644970414
693,1362833,4644467,0.036458333333333336
694,4849080,384166,0.0
695,2933517,1722935,0.005319148936170213
696,251110,4829418,0.0
697,3046801,4326881,0.0
698,3300747,409240,0.0
699,2205989,736972,0.01088646967340591
700,4759196,2959134,0.0
701,352777,1582441,0.030821917808219176
702,4732444,4677915,0.0010695187165775401
703,1450478,3800540,0.0
704,3345046,4255985,0.0
705,807609,2070084,0.12761506276150628
706,1893341,2401643,0.002421307506053269
707,3968198,1413750,0.029914529914529916
708,3502346,4395778,0.026124818577648767
709,3424526,865480,0.011799410029498525
710,3997092,847152,0.0
711,871619,88771,0.0007374631268436578
712,3591727,4128045,0.0003763643206624012
713,812874,2576794,0.0
714,2967237,819090,0.002621231979030144
715,2683846,1765869,0.0
716,3933860,4187117,0.0
717,3755255,3173162,0.013937282229965157
718,4479676,2054407,0.0
719,1092129,4740893,0.01747311827956989
720,2978353,487236,0.0
721,2831459,3748022,0.00022114108801415304
722,1861711,3429791,0.2982456140350877
723,128268,3306286,0.0
724,4447307,3657540,0.0018018018018018018
725,4583130,4195270,0.025477707006369428
726,1903802,3756910,0.047378395451674035
727,1226964,4506897,0.007228915662650603
728,4122877,478112,0.009569377990430622
729,3531100,4818685,0.000847457627118644
730,4722544,1565469,0.0028735632183908046
731,492776,2057832,0.024691358024691357
732,202406,1370056,0.0
733,739365,4478927,0.0
734,3130360,3381180,0.0
735,3971343,774221,0.0
736,1639225,497594,0.06666666666666667
737,3080878,3107755,0.0
738,314720,466302,0.010752688172043012
739,4074945,67911,0.0
740,4627005,3010945,0.010230179028132993
741,3763328,2178305,0.0011753643629525152
742,265346,3088232,0.1008318628686665
743,3446384,679574,0.0718232044198895
744,887938,3994705,0.0
745,3223920,2516690,0.00023526643924244207
746,4858799,4350911,0.0014124293785310734
747,4510458,1127255,0.034220532319391636
748,2270094,2546813,0.0
749,4060750,2393523,0.018726591760299626
750,4282575,3861442,0.0
751,3251045,3297002,0.018612521150592216
752,3031208,664506,0.19101123595505617
753,3434262,3173953,0.0
754,2226291,4082571,0.0
755,2032980,4096612,3.496606946413154e-05
756,4143745,683678,0.0
757,2220133,979255,0.013221153846153846
758,552690,1513515,0.007547169811320755
759,2089216,4666032,0.0
760,734968,4266986,0.0
761,748396,3222295,0.0
762,3473274,4010152,0.011310084825636193
763,401726,1700117,0.15333333333333332
764,4205304,4326349,0.00149812734082397
765,713973,3737538,0.0
766,268979,3902256,0.0
767,1774406,2445713,0.0040650406504065045
768,1566271,3727886,0.0
769,1747009,542316,0.02857142857142857
770,3760607,1428975,0.0
771,2062066,3937192,0.0011737089201877935
772,2469227,2769934,0.0
773,463854,2442529,0.023952095808383235
774,3369814,1205255,0.0
775,268091,1807947,0.0
776,3561896,257577,0.013259668508287293
777,4181239,2507601,0.0
778,745210,3851609,0.0035335689045936395
779,4247950,4173475,0.003787878787878788
780,4611286,3527826,0.0
781,3094990,3311965,0.0002352387673488591
782,4459514,1633484,0.0
783,2814285,4198583,0.005927682276229994
784,2152778,2815618,0.0024752475247524753
785,9202,1609289,0.019672131147540985
786,2858107,3025604,0.004987531172069825
787,3881850,3284336,0.0
788,1200874,703387,0.0
789,1730864,4776931,0.014705882352941176
790,1976020,3906437,0.001454192922927775
791,3478937,4411245,0.012605042016806723
792,2606468,2151625,0.0
793,810847,3601552,0.0
794,2518054,3994251,0.008333333333333333
795,4730476,3723065,0.023391812865497075
796,2675276,1802531,0.007874015748031496
797,274343,996371,0.0011074197120708748
798,3650803,3477517,0.0037359900373599006
799,1159131,3007594,0.02214022140221402
800,4660393,1063328,0.0021321961620469083
801,1430292,3755407,0.0
802,4855215,3292438,0.0006640106241699867
803,155341,4215650,0.0005518763796909492
804,4791237,668241,0.0038503850385038503
805,504848,1473701,0.003419972640218878
806,812688,440093,0.043478260869565216
807,1218819,4522612,0.0
808,904699,3825480,0.007462686567164179
809,3371729,3273144,0.0022363026462914647
810,2518902,2524567,0.0029354207436399216
811,2608048,891969,0.0
812,133167,3827835,0.0009009009009009009
813,1735998,2685390,0.0038461538461538464
814,1851023,2661301,0.0010649627263045794
815,4223007,4651979,0.01949317738791423
816,2978385,4096612,8.869274950211116e-05
817,2982118,2890172,0.01835372636262514
818,1985096,3281495,0.0
819,2872865,772280,0.0
820,1730546,2700195,0.0
821,3759171,3267798,0.0
822,1474194,1736248,0.029914529914529916
823,136049,1205898,0.0
824,779856,2791664,0.0
825,2976069,2589511,0.013435700575815739
826,56121,3118599,0.0
827,752326,4027234,0.006097560975609756
828,1129405,1073098,0.0
829,4219582,352759,0.006993006993006993
830,67800,1774334,0.019801980198019802
831,1562061,3275980,0.0
832,4469172,3056997,0.010624169986719787
833,1632644,2747148,0.010526315789473684
834,2103452,2394094,0.0
835,1792282,1275575,0.0
836,2337068,2777919,0.017543859649122806
837,383188,487074,0.0
838,3624273,1694426,0.002136752136752137
839,1927607,3784976,0.0036496350364963502
840,2564846,3871166,0.0
841,469289,3658913,0.004296455424274973
842,3579512,3070342,0.0
843,3609789,1916723,0.10795454545454546
844,1005255,2558769,0.003355704697986577
845,4820881,4005729,0.0
846,2666350,3968888,0.017015706806282723
847,979653,1836007,0.0018188432157148053
848,3156444,3459373,0.005847953216374269
849,3454223,3088232,0.00392156862745098
850,1691726,1990675,0.0
851,1938140,1764317,0.0
852,2920273,123591,0.0
853,4778699,1201096,0.0
854,267534,1380378,0.0
855,1135603,2685283,0.0023943902856165553
856,4743153,535280,0.0036101083032490976
857,4164647,4571277,0.010502625656414103
858,3251800,3853574,0.009752438109527382
859,142496,2824480,0.0
860,1353165,2287915,0.008888888888888889
861,4721192,3288243,0.11518324607329843
862,148935,1140025,0.16541353383458646
863,754986,4625985,0.0004201680672268908
864,3100893,2493630,0.0
865,1456698,2760565,0.0
866,3167544,3065172,0.015416238437821172
867,1615945,2471103,0.0
868,923082,3893890,0.0
869,3615734,3970114,0.0
870,2299912,1008064,0.008778346744696415
871,609330,1397316,0.005431830526887561
872,2338838,4834648,0.011560693641618497
873,2017826,2903363,0.025830258302583026
874,1049150,4124480,0.0070987654320987656
875,2608376,3824501,0.007067137809187279
876,1482666,1660395,0.008542058780946866
877,1306100,1678282,0.0
878,2826278,3611999,0.0024096385542168677
879,2395078,2721855,0.006134969325153374
880,3680790,2927670,0.06637168141592921
881,4272458,151153,0.0009132420091324201
882,3596185,1595754,0.0425531914893617
883,370525,4291780,0.006361829025844931
884,2226097,1974361,0.0
885,431391,1102747,0.0
886,300097,726929,0.0035714285714285713
887,750926,2586375,0.0008674280757553853
888,153480,4192365,0.009523809523809525
889,3506025,212805,0.011861313868613138
890,2452484,2199228,0.018518518518518517
891,1233851,3304718,0.015105740181268883
892,456126,2103578,0.024096385542168676
893,3286368,1614313,0.0
894,759809,1677060,0.0
895,3538278,1922398,0.0
896,783972,4757627,0.0
897,2085193,3886160,0.0
898,623444,2262983,0.0019880715705765406
899,1219418,528928,0.013574660633484163
900,1998627,538998,0.0
901,573693,3400944,0.0001799208348326736
902,1101947,1959052,0.041666666666666664
903,3887171,617576,0.02734375
904,4093525,4161490,0.0
905,1711569,1503250,0.0
906,1318170,2766614,0.01282051282051282
907,2915489,2434223,0.005917159763313609
908,4713292,1735687,0.0
909,4342160,4836932,0.0
910,563322,1340111,0.02465331278890601
911,922949,1049281,0.0
912,1455727,1967550,0.0041841004184100415
913,4347727,2401865,0.019230769230769232
914,1779478,4553620,0.0
915,820951,1133567,0.010789426362165079
916,1295223,3606238,0.0
917,234766,1989292,0.04296875
918,495684,2052579,0.0028169014084507044
919,2604474,262528,0.018506700701978303
920,4457096,3095483,0.0
921,3225386,1483950,0.09022556390977443
922,3959449,2151517,0.0
923,2695091,2128045,0.0
924,2245867,2784159,0.0
925,1719345,2177982,0.05869764186497254
926,3795465,4690299,0.0
927,2902003,1374445,0.0
928,1895458,1253026,0.0007150518412584912
929,888120,888836,0.006903353057199211
930,4866498,2486525,0.002900232018561485
931,184687,4696690,0.0024460751612185904
932,2871308,1064883,0.0
933,552693,4180588,0.018292682926829267
934,460696,978745,0.0
935,3721072,2717219,0.011299435028248588
936,242742,637362,0.06875
937,4147170,3324817,0.0215633423180593
938,1299015,127123,0.02720677146311971
939,833087,907052,0.3167701863354037
940,137437,4005148,0.0
941,2474997,2999710,0.0
942,4137763,2898182,0.0
943,475232,3873884,0.0
944,2519600,3144985,0.002785515320334262
945,851486,1253335,0.0
946,1484675,2555689,0.031055900621118012
947,863325,3528798,0.0012315270935960591
948,865410,2270767,0.05994550408719346
949,1588061,4013191,0.09558823529411764
950,2975625,2363738,0.003125
951,919101,1522214,0.0
952,3893222,4116046,0.0
953,4759359,824031,0.0
954,3298060,3649303,0.0
955,1618544,1613382,0.0
956,2324352,816913,0.033409263477600606
957,4499487,3804486,0.0
958,861461,2833178,0.0030864197530864196
959,2713798,2885043,0.0019569471624266144
960,2475214,343584,0.034482758620689655
961,2815706,716282,0.01655379984951091
962,810494,785119,0.0
963,3743292,29959,0.13043478260869565
964,4022436,2309371,0.004132231404958678
965,1576600,3241571,0.047619047619047616
966,3164595,727760,0.0
967,2342340,2371785,0.0
968,3318025,3258850,0.1
969,854025,2258576,0.0
970,3446567,621120,0.01661631419939577
971,3067879,2330265,0.0010187449062754685
972,989455,1268920,0.0
973,3517389,843636,0.006335797254487857
974,2506342,1857594,8.823010411152286e-05
975,863783,4395944,0.05521472392638037
976,1632116,1528823,0.0
977,2359631,4515216,0.005631733594515181
978,3317934,3629131,0.03586206896551724
979,2932339,2350634,0.0
980,927463,1514817,0.0
981,3598083,1721413,0.004198473282442748
982,2429371,9946,0.0
983,1039279,3411931,0.0
984,2895068,3918393,0.0
985,1854023,1483116,0.005291005291005291
986,725415,2082827,0.01098901098901099
987,1202857,1678405,0.001736111111111111
988,3689215,1218296,0.006514657980456026
989,4528705,1142702,0.016150740242261104
990,4034438,711824,0.0
991,3782034,3556169,0.00390625
992,1014721,1666556,0.0
993,3270580,3395510,0.0
994,2324422,4426524,0.0009267840593141798
995,1194190,345813,0.001893939393939394
996,2625217,1996375,0.0
997,2824005,2211339,0.0
998,1576591,4166917,0.00012046015780280672
999,380525,4664852,0.0
1000,3993072,2416078,0.047058823529411764
1001,1094048,594102,0.006554307116104869
1002,4600134,624993,0.0
1003,2764263,2893207,0.0
1004,4177865,2882100,0.007537688442211055
1005,4623321,4808386,0.04789135096497498
1006,3718908,4679904,0.03383128295254833
1007,2745387,3910839,0.0
1008,3195688,112647,0.015748031496062992
1009,1813368,1770441,0.20533333333333334
1010,2009930,4758377,0.0010286141761735553
1011,1787403,2443214,0.0
1012,4726874,1894531,0.0
1013,127950,3728341,0.000950957750305665
1014,3794842,3706176,0.12837837837837837
1015,3296250,3535207,0.2832980972515856
1016,4811622,757734,0.0027615507169410514
1017,3683564,2701054,0.017167381974248927
1018,1283657,689821,0.010011778563015312
1019,3836659,4321162,0.0028730305838739574
1020,1488401,3872415,0.002444636180615473
1021,31098,1030864,0.029239766081871343
1022,2451660,1970291,0.02459016393442623
1023,718458,3720766,0.0
1024,2002799,4114575,0.023890784982935155
1025,2005497,2338090,0.0
1026,2118551,3452067,0.0
1027,3778796,254059,0.0007480550568521843
1028,4348766,3973930,0.0
1029,3475909,1973662,0.0
1030,240027,3855745,0.01078614395353661
1031,4263251,2518627,0.009523809523809525
1032,942440,2191992,0.002824858757062147
1033,850459,456126,0.00024746349913387774
1034,3716119,3025121,0.006802721088435374
1035,988417,1104604,0.003401360544217687
1036,5221,2981668,0.005988023952095809
1037,2021460,243830,0.0
1038,4774646,1196225,0.0026833631484794273
1039,2435515,143446,0.005206247496996396
1040,3941703,211323,0.015384615384615385
1041,651778,2540894,0.02147239263803681
1042,477326,3487516,0.0
1043,3861672,3647364,0.0
1044,4749201,2707342,0.002621231979030144
1045,1255094,3818809,0.004081632653061225
1046,437391,1021368,0.0
1047,4817391,4563454,0.0
1048,3910665,3985168,0.0032679738562091504
1049,1150281,4486106,0.0
1050,4858996,1582222,0.001893939393939394
1051,4204662,2133364,0.0
1052,3656099,1380448,0.0
1053,4788248,2048276,0.0
1054,4716646,448823,0.0005485817548162251
1055,2844962,2757201,0.010447761194029851
1056,2161230,2087517,0.004366812227074236
1057,3808182,3103806,0.0
1058,419149,4406065,0.0
1059,3847967,357466,0.0014771048744460858
1060,987441,824382,0.008403361344537815
1061,4762542,2767142,0.06486486486486487
1062,2914647,4841268,0.0
1063,1275299,1593758,0.03162055335968379
1064,3757241,3248594,0.02841429880843263
1065,219686,2015738,0.0055248618784530384
1066,3249932,1068993,0.0
1067,2704231,3435043,0.0
1068,2691310,3640458,0.0011867088607594937
1069,2581947,3759750,0.0
1070,1689039,3927655,0.0
1071,2694816,2207956,0.0228310502283105
1072,4405100,2051732,0.008630393996247656
1073,3352123,3510148,0.0
1074,2584682,3162385,0.0
1075,2680834,4254453,0.0025031289111389237
1076,3202510,2092295,0.0
1077,4468086,532755,0.005988023952095809
1078,575651,4258315,0.0
1079,2883988,824046,0.045246568378240974
1080,4008358,4483821,0.0
1081,2939315,3155408,5.805936570142971e-05
1082,4839526,3833152,0.0
1083,3507863,177506,0.0022658610271903325
1084,4619061,4289016,0.005025125628140704
1085,4380434,3731768,0.0
1086,3213547,2706025,0.0
1087,4094697,212805,0.03492884864165589
1088,1927960,1579810,0.008111239860950173
1089,2640387,100754,0.004962779156327543
1090,3852854,3785477,0.002680965147453083
1091,1700836,350886,0.0
1092,871160,3340066,0.0
1093,2772925,2456239,0.0
1094,1548013,1078672,0.015384615384615385
1095,2242956,3882590,0.004390649104070251
1096,3603630,3489034,0.0
1097,1064556,3912526,0.0
1098,19760,5113,0.0
1099,740005,4510860,0.013083048919226393
1100,4765846,605639,0.046153846153846156
1101,2609436,653633,0.03116883116883117
1102,2766747,321857,0.0
1103,4094066,1628264,0.0
1104,1246601,1897862,0.0
1105,4232521,2779791,0.023121387283236993
1106,2554658,3240496,0.0021604938271604936
1107,415254,3129186,0.006607929515418502
1108,4400995,1187964,0.02564102564102564
1109,2850445,1118530,0.0
1110,3729828,2294440,0.0062827225130890054
1111,3370783,4790649,0.0010443616339512473
1112,3001815,74323,0.0
1113,3394828,2633571,0.057960893854748605
1114,117653,1995601,0.0
1115,1675257,4723059,0.0
1116,3897513,733605,0.0
1117,19484,749672,0.008531921153280376
1118,4284282,4516132,0.00978698906160046
1119,833524,3841591,0.0
1120,3879365,4329629,0.008021390374331552
1121,4251792,57883,0.007556675062972292
1122,2835662,2379122,0.0
1123,2313654,3448488,0.004721435316336166
1124,3800305,4420839,0.016
1125,399565,2956791,0.006369426751592357
1126,579536,3165162,0.0
1127,225697,982493,0.008310249307479225
1128,457555,1106852,0.0
1129,4857001,321177,0.004784688995215311
1130,4655006,1987945,0.037037037037037035
1131,3163774,3004014,0.0
1132,4498101,2926541,0.002123489055864097
1133,2807375,3247071,0.00975609756097561
1134,3222303,1081619,0.009685230024213076
1135,4736009,1835245,0.0
1136,401959,2653845,0.0
1137,813047,3009562,0.0014641288433382138
1138,2899933,536723,0.0
1139,4154717,2424452,0.01886317907444668
1140,1413512,3299579,0.0
1141,2940424,1904054,0.0007729681978798586
1142,602340,107996,0.003134796238244514
1143,1011757,3739100,0.5833333333333334
1144,940042,4253433,0.0
1145,3905250,452890,0.0
1146,3066444,685095,0.0
1147,1325436,3202770,0.0024154589371980675
1148,125872,1465269,0.01
1149,3407905,765543,0.0
1150,2623580,2337217,0.028125
1151,4211984,2596286,0.016079965232507605
1152,2349594,959247,0.07142857142857142
1153,2061150,3837284,0.00554016620498615
1154,1399058,1796644,0.0016422490168114439
1155,12547,957725,0.0014204545454545455
1156,2361673,2593954,0.0
1157,3305322,3169329,0.0017953321364452424
1158,702865,166306,0.04377104377104377
1159,4311665,2499401,0.0
1160,4052122,2588244,0.0
1161,2187451,3356265,0.0
1162,2544398,4360802,0.013245033112582781
1163,1164032,4779044,0.008064516129032258
1164,4125905,723257,0.30434782608695654
1165,3169284,2502590,0.0
1166,1360006,475380,0.0
1167,3158482,4350093,0.004424778761061947
1168,3082677,3108490,0.0033003300330033004
1169,3139086,4343940,0.0061416977407326165
1170,1044619,1269131,0.0
1171,2390374,4143831,0.0
1172,4779046,4399430,0.0
1173,4420475,2868440,0.020366598778004074
1174,815236,2155768,0.0
1175,1676054,2238637,0.23076923076923078
1176,842454,1847353,0.0
1177,153792,778021,0.0
1178,336290,87195,0.027700831024930747
1179,2410512,3528096,0.0006472491909385113
1180,3185337,1129762,0.009478672985781991
1181,4086406,4539579,0.006456513482719331
1182,4174741,1729680,0.0
1183,1429183,19269,0.0
1184,1479088,3296983,0.0
1185,4139326,1040056,0.08213820078226858
1186,4311720,3703326,0.0
1187,322366,3277122,0.0
1188,2153824,4079268,0.02666666666666667
1189,3690840,3870459,0.011152416356877323
1190,1351195,899384,0.00018102824040550325
1191,1434155,4593423,0.20193861066235863
1192,4315651,2905649,0.0
1193,3064744,4544439,0.0
1194,4034922,2589566,0.0
1195,2845752,3671414,0.017467248908296942
1196,3526944,4061862,0.0036540803897685747
1197,4376408,732151,0.0
1198,1949391,2153670,0.020242914979757085
1199,654545,2988500,0.0010309278350515464
1200,4223263,1730211,0.0
1201,1073493,777566,0.0
1202,566130,3072002,0.008781558726673985
1203,2198631,4151869,0.0004257130693912303
1204,193805,2692947,0.0024390243902439024
1205,1076285,3926802,7.25222325969305e-05
1206,3623028,873318,0.0
1207,1313574,594010,0.013333333333333334
1208,4080369,357567,0.009749303621169917
1209,3541501,2386108,0.011326860841423949
1210,4388455,290600,0.00017319016279875303
1211,978544,4006430,0.0
1212,2758155,4793999,0.0
1213,3148813,4008655,0.010287852021199211
1214,886710,2924181,0.0
1215,4600732,1149539,0.015853658536585366
1216,1509450,4095467,0.0
1217,4572867,1104006,0.0
1218,4222997,2017471,0.0015408320493066256
1219,979255,2387274,0.0
1220,3443847,2887128,0.008620689655172414
1221,1514261,2948384,0.08035714285714286
1222,4720585,1171375,0.0
1223,3758681,2083451,0.032059186189889025
1224,475690,4597102,0.07017543859649122
1225,1333051,3296285,0.016091954022988506
1226,4287735,1584619,0.0
1227,404943,2187723,0.005047672462142457
1228,4403473,287108,0.003629764065335753
1229,1695500,2846784,0.007268951194184839
1230,1164371,237082,0.03571428571428571
1231,2560408,4305715,0.0
1232,185853,1109441,0.0707070707070707
1233,4325261,1991267,0.0047169811320754715
1234,1223102,3696730,0.006060606060606061
1235,2819109,242455,0.0
1236,1535073,4743804,0.028622540250447227
1237,762479,2791241,0.004830917874396135
1238,4147354,4141931,0.004975124378109453
1239,547157,624837,0.05555555555555555
1240,4459145,1145009,0.015815634884771803
1241,460728,2556091,0.0
1242,4306404,4760153,0.0002700132658691492
1243,2739333,4405133,0.010416666666666666
1244,3684207,3990211,0.015463917525773196
1245,925412,184085,0.0109204368174727
1246,3694046,1520254,0.12207792207792208
1247,2481712,3463660,0.0
1248,3089257,428189,0.0
1249,1896939,1694355,0.001053740779768177
1250,2085462,3162560,0.027373325567850902
1251,4315155,4288798,0.0
1252,2939884,2157122,0.0
1253,2712752,1770518,0.0029568302779420462
1254,629031,3388216,0.12385321100917432
1255,3259802,4582461,0.0056925996204933585
1256,2870198,4470008,0.0029905682079595123
1257,2628106,1238203,0.0
1258,1181282,657511,0.0008715862870424172
1259,3498717,4516447,0.0
1260,154714,2622445,0.001430615164520744
1261,2261005,4858197,0.0
1262,3491685,714035,5.8835065699156695e-05
1263,1574437,137934,0.0
1264,2506473,1266825,0.00014938751120406333
1265,2005701,90125,0.0
1266,272134,3894567,0.042483660130718956
1267,4523563,4529968,0.004810583283223091
1268,680757,377629,0.0015151515151515152
1269,362148,3410967,0.0
1270,2472584,3513910,0.0425531914893617
1271,127619,4234840,0.014492753623188406
1272,1301087,3467005,0.0011737089201877935
1273,2631035,3967228,0.0012647554806070826
1274,2730650,4519597,0.0
1275,3392535,3653797,0.005649717514124294
1276,775328,1776702,0.12121212121212122
1277,2319421,2990704,0.0914179104477612
1278,4025298,4761250,0.004405286343612335
1279,4054509,4314283,0.0018570102135561746
1280,4425037,2781628,0.0
1281,2237222,1192436,0.03208556149732621
1282,3336834,3106848,0.006756756756756757
1283,2494843,2829288,0.00228310502283105
1284,3216710,4324862,0.0
1285,1038362,4322367,0.0
1286,3939380,151427,0.015873015873015872
1287,3474714,837222,0.009732360097323601
1288,2690307,848246,0.0
1289,4258438,1440232,0.0
1290,1499536,762056,0.0
1291,1410000,3198135,0.00906183368869936
1292,4079269,890960,0.0
1293,2761066,724868,0.007220216606498195
1294,1445324,4820881,0.003892644949805368
1295,2402582,2354103,0.0
1296,4117461,4607502,0.008156606851549755
1297,572226,791325,0.019736842105263157
1298,273715,476407,0.05263157894736842
1299,1747728,3849492,0.0
1300,3561052,4007276,0.020766201217329038
1301,18331,3593013,0.0
1302,919215,32933,0.0
1303,1304820,4276097,0.0038910505836575876
1304,1525671,1400706,0.0374331550802139
1305,3494194,3501344,0.0
1306,4305360,2759898,0.002331002331002331
1307,3473703,1105946,0.0
1308,4793374,2883450,0.10752688172043011
1309,4043495,325891,0.0
1310,2973142,1374657,0.007568590350047304
1311,2290322,4486882,0.047337278106508875
1312,2653433,90257,0.0
1313,4454192,4332029,0.0
1314,3196935,4053811,0.0009144947416552355
1315,3824752,2725607,0.0
1316,1745731,2243983,0.03300970873786408
1317,3089513,2403010,0.004362578768783325
1318,2735303,622071,0.0
1319,4559986,3378736,0.0026666666666666666
1320,3600628,2064607,0.028070175438596492
1321,3905067,3393225,0.0
1322,2096490,1246259,0.2425249169435216
1323,3029390,379057,0.0
1324,1832518,4370950,0.0
1325,188743,2092812,0.0
1326,2447113,410275,0.04878048780487805
1327,2307937,4048147,0.07575757575757576
1328,4690365,1339133,0.0
1329,3200341,3453522,0.0008748906386701663
1330,2956147,2501960,0.006307904592943032
1331,1227156,3239338,0.0
1332,3440116,1891147,0.0
1333,739545,2223912,0.0
1334,3332801,4155389,0.01174496644295302
1335,4630411,726638,0.0039026629935720843
1336,3292676,2597381,0.0
1337,4361726,534121,0.045174537987679675
1338,3768380,1423570,0.0016891891891891893
1339,176774,1047789,0.0
1340,2589604,807761,0.0035587188612099642
1341,2161208,473130,0.10056657223796034
1342,760911,2675321,0.0425531914893617
1343,1674134,2435135,0.002004008016032064
1344,616538,4161676,0.00034818941504178273
1345,554768,3078648,0.04463208685162847
1346,3214317,1735883,0.0036752422318743734
1347,4398018,3262683,0.0
1348,1361880,1744811,0.00909090909090909
1349,1223354,4208140,0.00026246719160104987
1350,2377378,2574560,0.07887323943661972
1351,1440901,3482871,0.01873661670235546
1352,69444,3789363,0.0
1353,3248527,364458,0.01646264246517518
1354,632892,2607954,0.0
1355,370983,852119,0.0
1356,3957402,3989690,0.10849056603773585
1357,289215,938763,0.003669724770642202
1358,1025283,2977357,0.2052401746724891
1359,3930883,1625272,0.016129032258064516
1360,1926769,4183382,0.007575757575757576
1361,4299096,4188270,0.05912596401028278
1362,3238785,2616535,0.0
1363,1325894,2598896,0.009009009009009009
1364,67665,382209,0.004329004329004329
1365,3658641,1334501,0.07156673114119923
1366,559652,20388,0.0001638699528054536
1367,1236650,3245665,0.009259259259259259
1368,444473,3586386,0.013227513227513227
1369,3893485,105683,0.0
1370,1262578,3434396,0.0
1371,4487749,4513294,0.0
1372,4175026,165651,0.005319148936170213
1373,456895,3833698,0.0
1374,4794114,577845,0.0
1375,3207642,4238096,0.0
1376,2911256,345296,0.0
1377,1278054,4085567,0.0029850746268656717
1378,1577581,4420285,0.0
1379,1979383,4351306,0.11392405063291139
1380,1054015,3135338,0.01282051282051282
1381,1093575,781031,0.0
1382,2795094,3649212,0.0
1383,1233950,3153504,0.026710499280871172
1384,3567284,1497894,0.04450261780104712
1385,1710577,1310839,0.0
1386,2686174,10115,0.0
1387,3730580,3067078,0.0
1388,4655510,243176,0.00816326530612245
1389,4363166,952893,0.0
1390,4805386,2662315,0.005208333333333333
1391,773004,435747,0.0019157088122605363
1392,2853045,3350833,0.040892193308550186
1393,622386,4563330,0.0005232862375719519
1394,326452,580398,0.0
1395,1677331,1950471,0.010309278350515464
1396,3696903,4627252,0.05199025182778229
1397,993398,3117644,0.015398550724637682
1398,3946091,261556,0.005681818181818182
1399,3197538,1772038,0.0
1400,4261799,3995236,0.0
1401,3892940,1131169,0.009900990099009901
1402,528340,2537385,0.0
1403,712547,1102206,0.00684931506849315
1404,4819083,3443517,0.005703422053231939
1405,2586529,2971250,0.0
1406,3144269,3965490,0.1440677966101695
1407,1453814,4852987,0.006377551020408163
1408,395117,3296710,0.0
1409,4493888,1975369,0.0019230769230769232
1410,1677157,4671494,0.0
1411,4655993,3793690,0.00046533271288971617
1412,3113932,2656185,0.0
1413,4565735,1072872,0.012518409425625921
1414,1050485,3041739,0.006437768240343348
1415,700731,3764731,9.256687957048968e-05
1416,1781994,3511998,0.0
1417,3660326,1588708,0.0
1418,4505818,2887963,0.0009126863401277761
1419,1530855,634165,0.0
1420,2145365,3777242,0.017738359201773836
1421,1629000,3863501,0.02980392156862745
1422,1139129,294239,0.19047619047619047
1423,4139305,1108809,0.0
1424,4225437,4674411,0.0
1425,4454647,225124,0.0
1426,3446942,3258677,0.0
1427,292084,2102776,0.045454545454545456
1428,1427709,4747550,0.015037593984962405
1429,697912,4612494,0.03779527559055118
1430,3578545,1604914,0.0
1431,965813,1277950,0.0
1432,2522287,3273144,0.002196595277320154
1433,2200489,4626853,0.014314928425357873
1434,551741,4856114,0.004601226993865031
1435,211987,2616242,0.015625
1436,2119957,2608710,0.0
1437,340456,2305549,0.0
1438,143652,336189,0.0016286644951140066
1439,656728,4390738,0.0
1440,2060035,4104762,0.0311284046692607
1441,1869476,2462897,0.006583760058522311
1442,884526,3327588,0.0
1443,4798911,2351301,0.0
1444,3711007,101762,0.00851581508515815
1445,3374895,314924,0.13061650992685475
1446,4207706,1840022,0.005415162454873646
1447,796367,831156,0.0
1448,3481117,2900535,0.011741682974559686
1449,3316377,4094697,0.0
1450,922843,2710045,0.0
1451,976193,3888365,0.0
1452,54323,3358359,0.058981233243967826
1453,3093160,866014,0.0
1454,1924479,3296013,0.04523312456506611
1455,3004134,4307753,0.008695652173913044
1456,2839397,2652623,0.043478260869565216
1457,2730409,45986,0.007220216606498195
1458,1695915,4259826,0.0
1459,4461572,3036365,0.0019342359767891683
1460,733542,4853330,0.0
1461,455141,1838184,0.0
1462,532578,4796771,0.0
1463,218953,4117610,0.002932551319648094
1464,3716915,1548893,0.0
1465,3053148,2617372,0.02631578947368421
1466,2106673,1599860,0.0033003300330033004
1467,4190805,1636302,0.0
1468,3961117,714236,0.003115264797507788
1469,1377969,4565646,0.0
1470,1008703,1852018,0.16279069767441862
1471,614504,1799445,0.0
1472,144710,1125599,0.0
1473,1069609,986979,0.0
1474,4003133,4204052,0.00021202612161818336
1475,2073638,1522373,0.029411764705882353
1476,779591,1358385,0.00963855421686747
1477,1426916,4448254,0.029411764705882353
1478,2338507,696808,0.0
1479,1919947,3056079,0.009363295880149813
1480,216300,857288,0.0
1481,3998824,2428800,0.0026246719160104987
1482,3504235,1014927,0.0056179775280898875
1483,2299421,2077429,0.05430646835005189
1484,572208,1306207,0.0
1485,751949,4753457,0.0055248618784530384
1486,4459325,349769,0.0019342359767891683
1487,2021996,1096690,0.011111111111111112
1488,4582850,4530690,0.002976190476190476
1489,1283175,301577,0.006172839506172839
1490,425592,804801,0.008032128514056224
1491,2044073,3371037,0.0
1492,569377,4812681,0.0030120481927710845
1493,2185449,2828364,0.019855595667870037
1494,1412406,4302821,0.1111111111111111
1495,4243983,1853961,0.006896551724137931
1496,317762,801878,0.0
1497,983607,1480185,0.021727322107550243
1498,3236313,2234069,0.001564945226917058
1499,3213568,1682097,0.0
1500,277167,3471248,0.0
1501,3835319,1977385,0.0
1502,3451039,36246,0.004415011037527594
1503,660986,101003,0.008658008658008658
1504,1997835,1654051,0.0
1505,1620145,1407969,0.00398406374501992
1506,4308422,3686117,0.0
1507,3703565,4115825,0.0013453776667307323
1508,2313595,3121459,0.002188183807439825
1509,3198069,3383073,0.0
1510,4109862,4482088,0.0034482758620689655
1511,63419,1701148,0.0
1512,2739660,3283164,0.012032085561497326
1513,2169549,2208689,0.004319654427645789
1514,1450320,1541775,0.011904761904761904
1515,4278656,4488598,0.009523809523809525
1516,1381293,3720786,0.0
1517,1548572,2946706,0.0
1518,2641051,1058048,0.0
1519,309574,1226975,0.023333333333333334
1520,3600303,433609,0.0
1521,1479553,342516,0.0
1522,3653599,4169815,0.0
1523,702070,3353876,0.022590361445783132
1524,606562,1963907,0.0024813895781637717
1525,1601288,3038110,0.0037593984962406013
1526,2612363,1312254,0.0025188916876574307
1527,4384646,690657,0.01293103448275862
1528,4170044,2449547,0.06666666666666667
1529,2787002,2382117,0.026455026455026454
1530,3656282,183794,0.0015698587127158557
1531,4757732,4796773,0.015693112467306015
1532,4471609,113182,0.031135531135531136
1533,158235,2647536,0.003432494279176201
1534,3863062,1245989,0.053401046475838716
1535,2369634,2796817,0.012746234067207415
1536,4779430,2450275,0.0
1537,841644,378843,0.0
1538,2069466,4059533,0.0029850746268656717
1539,4804968,3347711,0.0
1540,1119602,598319,0.009458297506448839
1541,3200364,1635042,0.0017919750681729646
1542,641893,142116,0.011494252873563218
1543,3649600,1586497,0.0
1544,3705151,1597846,0.0
1545,2689691,3967571,0.0
1546,2324971,252017,0.18857142857142858
1547,3855867,4500259,0.0
1548,4392569,1202817,0.0
1549,4096612,4409813,5.381059745906359e-06
1550,2157499,3852135,0.005168453292496171
1551,2434497,1437980,0.0
1552,4668030,2634700,0.0004126591118306193
1553,2913556,3913470,0.0
1554,830202,1086605,0.0026575550493545936
1555,4245940,981592,0.003992015968063872
1556,4589413,3364546,0.010638297872340425
1557,294574,3088440,0.0028208744710860366
1558,2814017,4445347,0.0021152829190904283
1559,3533123,3086451,0.0019656019656019656
1560,3229914,2949033,0.0
1561,970731,519315,0.0
1562,4688520,2795159,0.05223880597014925
1563,269252,2041783,0.02768166089965398
1564,4604264,2264881,0.0
1565,2722351,3640207,0.0010615711252653928
1566,4013082,3639154,0.013556258472661545
1567,3291892,4597493,0.003985386914646297
1568,1367655,803481,0.0
1569,3169340,327965,0.0
1570,339567,3863742,0.0815450643776824
1571,1983366,2984603,0.0006790082706979639
1572,4259589,3414182,0.0002858776443682104
1573,1108548,2216042,0.008915304606240713
1574,1337541,2322497,0.0
1575,1829249,1776000,0.00837598883201489
1576,1150506,1371900,0.003048780487804878
1577,3798250,1328064,0.0021231422505307855
1578,4724359,2245972,0.0
1579,4802205,4060090,0.0015503875968992248
1580,4533563,1194784,0.0
1581,2548298,2894167,0.0
1582,2976480,2265640,0.0
1583,1140217,2539248,0.0007611177557899315
1584,1708548,3128487,0.0
1585,3394276,1828719,0.0
1586,1336173,1310817,0.005628517823639775
1587,2947741,3844365,0.07371794871794872
1588,2945223,149736,0.011470281543274244
1589,2767192,4337224,0.0425531914893617
1590,3590756,2009973,0.0015552099533437014
1591,2581909,4597942,0.028525512253917237
1592,4786573,2444440,0.009324009324009324
1593,3333959,1274808,0.0
1594,585893,1378923,0.0
1595,1629739,1821613,0.010869565217391304
1596,758145,2677010,0.0
1597,3468777,1065417,0.06451612903225806
1598,4217929,3666587,0.004807692307692308
1599,1157430,2300708,0.0045385779122541605
1600,101964,1699954,0.0
1601,1436505,3795525,0.011747430249632892
1602,2347696,2595595,0.09022556390977443
1603,2624184,1348594,0.0037174721189591076
1604,813202,3472025,0.004103616311874839
1605,3720321,1026468,0.0
1606,285390,4757441,0.0
1607,2753362,4057988,0.007894736842105263
1608,3146672,2707096,0.0
1609,4358141,958601,0.009675190048375951
1610,908090,325697,0.0073964497041420114
1611,1863670,4355015,0.2898550724637681
1612,1550064,3302485,0.0
1613,652476,3793631,0.016286644951140065
1614,3900509,334414,0.005025125628140704
1615,1974922,3824251,0.019721577726218097
1616,2171894,2312075,0.0
1617,7648,1105233,0.005154639175257732
1618,3283833,1886356,0.006626506024096385
1619,998253,796021,0.0
1620,4588320,3982440,0.00016656117792065027
1621,3492319,3917621,0.01951219512195122
1622,558571,3113681,0.0
1623,1813311,1042307,0.0
1624,4452445,815993,0.007945516458569807
1625,259091,4687278,0.003401360544217687
1626,2664082,82340,0.0026595744680851063
1627,1148355,1142141,0.006967022758941012
1628,1486685,2635867,0.03714981729598051
1629,1086513,1586234,0.06578947368421052
1630,4689344,2803220,0.0
1631,911669,2442177,0.0
1632,4109446,2322663,0.001984126984126984
1633,440942,3263590,0.027777777777777776
1634,4031191,2692426,0.11557788944723618
1635,3839027,3509400,0.03409090909090909
1636,1604735,1817126,0.0029411764705882353
1637,3269084,137753,0.0
1638,1624821,4566668,0.0
1639,1395639,4467748,0.021377672209026127
1640,4392240,4085911,0.0
1641,3035217,2815228,0.019230769230769232
1642,621120,4490886,0.0
1643,979348,3573012,0.007547169811320755
1644,4597942,2408952,0.005154639175257732
1645,4490242,4346020,0.125
1646,4857356,838983,0.00044322031215373415
1647,1433583,146049,0.04736842105263158
1648,4121724,1229401,0.0
1649,3329198,1801676,0.007211538461538462
1650,1922454,2405212,0.004039238315060588
1651,331205,570353,0.03349282296650718
1652,3178553,2635295,0.0
1653,4373282,2050610,0.002663115845539281
1654,206364,678525,0.0
1655,1309887,3121740,0.028051554207733132
1656,2926583,3282169,0.0
1657,4105847,3050073,0.007217321571772253
1658,2028569,3391808,0.06862745098039216
1659,381694,299257,0.0
1660,366904,3540943,0.008695652173913044
1661,3341092,838453,0.005856515373352855
1662,4768938,213917,0.007874015748031496
1663,4392592,2251789,0.05142857142857143
1664,4700777,2492280,0.0008492569002123143
1665,3019958,2913438,0.03076923076923077
1666,953115,338263,0.04794520547945205
1667,3431400,1069044,0.02011095700416089
1668,191334,3397645,0.06004228329809725
1669,1854613,3025335,0.013422818791946308
1670,2245414,2926500,0.04770017035775128
1671,3096596,1595656,0.03230769230769231
1672,3647315,2031809,0.0
1673,4452360,1798255,0.0
1674,1055988,2289744,0.0
1675,4695321,502697,0.0
1676,1729215,1432887,0.05750224618149147
1677,756454,1135187,0.0
1678,4825117,2791656,0.0038529934795494963
1679,4095564,1735521,0.0
1680,453052,555666,0.0
1681,660102,3217561,0.034375
1682,1314264,2037947,0.0
1683,4283855,3106235,0.0
1684,829732,3438447,0.05136986301369863
1685,1567106,2392359,0.015748031496062992
1686,2568622,4345793,0.0
1687,847174,720538,0.019886363636363636
1688,4810264,3403903,0.0
1689,4544880,3882701,0.009216589861751152
1690,466787,2391386,0.018518518518518517
1691,2752758,4350947,0.011363636363636364
1692,3033736,4180743,0.010273972602739725
1693,1534141,2365633,0.0
1694,845042,4030437,0.0
1695,3676081,3959120,0.0
1696,4787400,821686,0.005934718100890208
1697,3990283,3661354,0.0
1698,17605,505563,0.0
1699,13751,4421587,0.0038022813688212928
1700,3492398,1981241,0.0
1701,4148739,4761195,0.01891891891891892
1702,125210,570302,0.027624309392265192
1703,2891857,2591738,0.0
1704,2022832,1130429,0.025717111770524232
1705,610208,1513384,0.0034916201117318434
1706,3318070,606201,0.006211180124223602
1707,4148694,2251958,0.0034063260340632603
1708,2231843,178786,0.0
1709,4739917,4607148,0.0
1710,3959639,1973051,0.0
1711,4669595,3942609,0.024493243243243243
1712,3385671,4820082,0.0
1713,2719963,4302399,0.0
1714,425140,4144645,0.00510204081632653
1715,811736,679375,0.0
1716,224552,1374319,0.03291925465838509
1717,3865877,1895005,0.013897662665824383
1718,3749748,1864273,0.015267175572519083
1719,1932926,4091993,0.13114754098360656
1720,2413519,2739191,0.0328580285182889
1721,2887639,2351112,5.471956224350205e-05
1722,1881600,1918826,0.0136986301369863
1723,1564261,1707715,0.003043478260869565
1724,3383620,3114204,0.0625
1725,1989230,3787881,0.001099278598419787
1726,1392717,297879,0.0
1727,3579607,550309,0.04342273307790549
1728,4337184,314924,0.17025862068965517
1729,1498781,717384,0.024844720496894408
1730,4772392,2426217,0.03333333333333333
1731,2569366,2811227,0.01229023871425195
1732,1815785,2417200,0.028985507246376812
1733,471758,4302865,0.0009845749917952085
1734,2260742,2734382,0.02051983584131327
1735,4415061,3416132,0.01366120218579235
1736,2655904,649460,0.0
1737,2175599,2833722,0.0
1738,3609793,4595137,0.0
1739,375041,4290690,0.01818181818181818
1740,4675165,601790,0.0
1741,4256381,3173632,0.0016384489350081922
1742,1890475,4304551,0.008733624454148471
1743,3191384,1342069,0.004500926661371459
1744,786633,1561146,0.004739336492890996
1745,1464372,1513821,0.0
1746,1411730,4078738,0.0
1747,1542411,3288760,0.03125
1748,693550,608504,0.0
1749,597807,2702066,0.007352941176470588
1750,2678495,1754969,0.0
1751,1075781,4861584,0.01282051282051282
1752,4679257,676325,0.019867549668874173
1753,1479593,4778717,0.0
1754,715543,1190849,0.0
1755,1564470,2728864,0.003289473684210526
1756,1761110,1372302,0.03614457831325301
1757,1749305,532201,0.0002553626149131767
1758,3473063,453257,0.0
1759,2238031,2167783,0.0
1760,420757,1383958,0.003527336860670194
1761,39963,4107823,0.008130081300813009
1762,317792,3561262,0.01532567049808429
1763,1955823,3652986,0.0008673862760215882
1764,2866126,3512945,0.0009380863039399625
1765,1981615,3096828,0.1443661971830986
1766,1126100,4651509,0.006616257088846881
1767,1746838,2163256,0.06451612903225806
1768,1589761,1672121,0.013194444444444444
1769,3641679,1888220,0.005607476635514018
1770,3644646,655904,0.0
1771,75278,571370,0.010802469135802469
1772,1514802,532005,0.0
1773,606263,4113203,0.006756756756756757
1774,3821504,1164968,0.0
1775,2271643,744460,0.004451038575667656
1776,71051,3135365,0.017921146953405017
1777,3207225,2264276,0.0027522935779816515
1778,1382021,4584115,0.0
1779,2415668,2497732,0.0020161290322580645
1780,1658177,4244067,0.04399524375743163
1781,2525590,2302024,0.01937984496124031
1782,4846491,1957800,0.037037037037037035
1783,3198433,3823314,0.15416666666666667
1784,1220879,3474208,0.008156606851549755
1785,2938250,4639113,0.03388189738625363
1786,3052079,1956921,0.013289036544850499
1787,4732190,4205082,0.0
1788,2557232,4004905,7.739938080495357e-05
1789,183960,2918923,0.0
1790,4113405,606898,0.0
1791,3209795,2480532,0.05714285714285714
1792,2651013,3145551,0.0
1793,2811239,1424079,0.006711409395973154
1794,2825828,4177994,0.01098901098901099
1795,491128,3927131,0.05080027835768963
1796,4674719,3728872,0.026277372262773723
1797,552835,4759522,0.0
1798,643076,101940,0.006896551724137931
1799,604305,1032219,0.0
1800,1958906,3744413,0.0
1801,3733752,742195,0.02240325865580448
1802,1594321,4625087,0.0
1803,2911862,3784408,0.013333333333333334
1804,349869,2627884,0.01282051282051282
1805,651837,4058550,0.0012112647622892904
1806,954573,2008925,0.0
1807,4565915,2813261,0.01381281257442248
1808,1465907,2324744,0.0
1809,4472299,1521471,0.0
1810,4581538,1067585,0.0
1811,3854337,4422019,0.0
1812,2584054,775014,0.04030226700251889
1813,3852631,3314478,0.012009456264775413
1814,1630423,2882556,0.026217228464419477
1815,1341966,1540392,0.0099361249112846
1816,156140,2340324,0.002398081534772182
1817,2871053,427804,0.13333333333333333
1818,3487420,647017,0.058823529411764705
1819,4643656,3344354,0.00425531914893617
1820,1396795,1077087,0.0
1821,4751399,1980682,0.0
1822,3433219,2606817,0.01807909604519774
1823,3698761,3817973,0.00819672131147541
1824,651351,965340,0.0
1825,116792,4746621,0.0
1826,4851349,3793469,0.007594936708860759
1827,3541658,1279255,0.0021551724137931034
1828,3721646,621120,0.022556390977443608
1829,4528745,2248684,0.0
1830,2112778,316192,0.008035714285714285
1831,1326251,2031436,0.05275779376498801
1832,2806721,877557,0.003026634382566586
1833,3838303,2223881,0.00847457627118644
1834,2363814,2659912,0.015748031496062992
1835,1300976,1429102,0.008347245409015025
1836,911200,4402869,0.028421052631578948
1837,577443,3317934,0.01284796573875803
1838,4712508,4863728,0.0
1839,3027281,551353,0.02027027027027027
1840,54650,460554,0.0043859649122807015
1841,194816,4624000,0.0
1842,4413981,2620518,0.0
1843,4223704,4132261,0.02151394422310757
1844,4475147,3779460,0.18254764292878636
1845,2000270,1508782,0.0
1846,2579609,13060,0.009389671361502348
1847,1994441,4322508,0.012875536480686695
1848,2402800,2571618,0.0
1849,1368123,2205635,0.0
1850,2607301,2616078,0.0017873100983020554
1851,3981172,319752,0.002290950744558992
1852,3337108,966537,0.20095693779904306
1853,3925727,49513,0.0
1854,4355658,4383159,0.02
1855,1053284,3420607,0.0
1856,3278182,3593261,0.006870705808869456
1857,4562839,3588368,0.0011904761904761906
1858,11382,4090004,0.0
1859,873234,478223,0.009868421052631578
1860,2665930,3201769,0.0
1861,1327147,726135,0.0
1862,4074547,2309358,0.0
1863,1298087,4530678,0.006285072951739619
1864,2506906,4594495,0.0
1865,2368011,1910808,0.016487000634115408
1866,4589904,3332036,0.01195219123505976
1867,1327726,1118381,0.031207598371777476
1868,3056912,3145991,0.009345794392523364
1869,1471887,2903733,0.0
1870,4338398,13205,0.0
1871,4492909,4131105,0.0
1872,2148641,4595137,5.02209722780233e-05
1873,3971074,703386,0.0
1874,892624,2299269,0.06254295532646048
1875,1322684,4403612,0.004123711340206186
1876,3370067,615287,0.0
1877,3458832,4692905,0.024390243902439025
1878,1249542,273881,0.0
1879,1681099,4334809,0.003952569169960474
1880,4518416,99929,0.0015873015873015873
1881,2661137,972491,3.427474636687688e-05
1882,1310018,1561441,0.060240963855421686
1883,2895223,1124558,0.0
1884,2636592,2664795,0.0
1885,4787702,3377747,0.0045871559633027525
1886,4494681,2715756,0.0
1887,619552,865515,0.0047169811320754715
1888,2172433,1885045,0.0
1889,995638,2582486,0.006568144499178982
1890,4420255,54157,0.0
1891,4079340,303517,0.0
1892,2890110,1502867,0.0
1893,3644551,1776703,0.03546099290780142
1894,4809745,1181373,0.2765957446808511
1895,4583413,77641,0.003663003663003663
1896,4787857,1488238,0.0
1897,3645574,1560542,0.0
1898,2058071,4084063,0.0
1899,2606444,2701313,0.19020172910662825
1900,1607095,1480497,0.0
1901,3231393,4651578,0.0
1902,3287996,2553811,0.0
1903,3142808,1776900,0.0012926577042399173
1904,123691,2655328,0.06779661016949153
1905,4750696,361098,0.14545454545454545
1906,1551800,1103366,0.0
1907,1782783,4078473,0.0016965584100824044
1908,4333506,4342717,0.00894187779433681
1909,2760117,4554989,0.003302146395156852
1910,2791981,2833751,0.009322678843226788
1911,1587881,6364,0.0
1912,2932022,2293392,0.0
1913,2126605,6993,0.0
1914,2307585,4334486,0.017077798861480076
1915,1419142,1312108,0.0392156862745098
1916,1481222,368896,0.0
1917,826234,2402159,0.007695859627520394
1918,3792997,3552185,0.012295081967213115
1919,1676412,3763328,0.0026647286821705426
1920,599191,4727735,0.01762114537444934
1921,1918795,580211,0.016129032258064516
1922,3401659,4743417,0.011574074074074073
1923,2585410,1433994,0.0035087719298245615
1924,2461372,226721,0.004672897196261682
1925,500201,323760,0.0
1926,3042280,3992147,0.05263157894736842
1927,812338,2053308,0.014925373134328358
1928,4442302,4771880,0.0
1929,1596155,959021,0.0027247956403269754
1930,1450153,4522901,0.0
1931,3083369,4586599,0.0
1932,4815111,1432601,0.022988505747126436
1933,4298943,4586468,0.0347661188369153
1934,4135447,4851085,0.0
1935,3353466,4294640,0.047619047619047616
1936,691232,401008,7.679311933650745e-05
1937,2803469,1823430,0.0016666666666666668
1938,3869568,1608239,0.0
1939,1395530,4517152,0.0
1940,4026923,12423,0.0
1941,3560845,3289985,0.0
1942,2089379,163021,0.004289721168124072
1943,2762481,1995073,0.004111842105263158
1944,3079359,4074179,0.0019342359767891683
1945,261562,3418707,0.021646557842441447
1946,2436439,260826,0.0
1947,2795446,1237846,0.0
1948,1497370,239765,0.0045385779122541605
1949,742548,1910658,0.0
1950,3510459,3199855,0.0
1951,113182,3410823,0.002512562814070352
1952,1771597,3195222,0.0
1953,4910,2882216,0.0
1954,3716495,76607,0.0006037918125830214
1955,3772598,877100,0.0
1956,878959,367410,0.01015228426395939
1957,1848218,1725177,0.0
1958,1914584,1103581,0.0008006405124099279
1959,821120,4561588,0.002489110143123833
1960,785893,946768,0.0
1961,4822389,4387818,0.01775147928994083
1962,4348238,991193,0.05555555555555555
1963,306334,975007,0.0
1964,434593,64001,0.0
1965,3275002,1005459,0.0
1966,701764,3193834,0.02717391304347826
1967,3991988,4003532,0.0
1968,3928545,2277157,0.002797202797202797
1969,4066452,2534272,0.001287001287001287
1970,1776036,4742630,0.02102803738317757
1971,3492763,4771141,0.002205071664829107
1972,2018936,163021,0.000333555703802535
1973,4747431,3823314,0.12435233160621761
1974,2833239,1568315,0.01195219123505976
1975,243018,3557617,0.10344827586206896
1976,951929,2631245,0.028037383177570093
1977,2476925,208465,0.0
1978,630604,3190741,0.0
1979,671895,2457054,0.0
1980,2220766,4084740,0.009184845005740528
1981,1270278,2941537,0.0410958904109589
1982,3532343,3627773,0.0
1983,3131854,1027488,0.026737967914438502
1984,90690,1457589,0.0
1985,914875,1990908,0.0
1986,408123,1696091,0.0
1987,443904,4737571,0.007288629737609329
1988,3080022,947544,0.0
1989,1423553,1525727,0.012987012987012988
1990,3578368,159177,0.0
1991,424411,3625439,0.0028208744710860366
1992,729364,1905523,0.008645533141210375
1993,1836328,3815840,0.0
1994,3001970,3578789,0.009813542688910697
1995,1909985,1139895,0.00012268159664521598
1996,2361218,4135197,0.1495176848874598
1997,4418968,4395510,0.26288659793814434
1998,3742712,2221607,0.0
1999,695432,253467,0.0
2000,987119,567045,0.0
