0,source,sink,local_path
1,2184483,1300190,0.0
2,3151356,1452193,4.0
3,1579396,193159,0.0
4,1406432,2481036,7.0
5,2389638,593017,6.0
6,228206,212805,14.0
7,1237964,879115,1.0
8,3318124,1840575,1.0
9,4522929,1552625,2.0
10,3406737,3781412,0.0
11,1567983,3008412,3.0
12,4370932,2906415,1.0
13,286240,474307,0.0
14,4796773,3115614,1.0
15,2207765,4354226,6.0
16,1283384,279636,0.0
17,368544,2431466,4.0
18,3921857,4512147,0.0
19,49037,3175009,1.0
20,61633,1064392,4.0
21,1459453,654182,0.0
22,447597,2736867,0.0
23,2121585,3413796,0.0
24,933347,1131654,18.0
25,3733033,488937,0.0
26,3023014,2817859,2.0
27,1404783,410037,0.0
28,1886158,3656408,11.0
29,3316731,4579088,5.0
30,2369031,1860112,7.0
31,2850334,755258,0.0
32,4606553,2879440,0.0
33,3013323,2064734,4.0
34,1653770,1190291,12.0
35,4540325,202508,0.0
36,4189431,4404645,2.0
37,1590268,3824559,0.0
38,2717491,421433,0.0
39,71500,2156609,0.0
40,2422900,325927,0.0
41,784291,4194667,1.0
42,3836480,4207316,3.0
43,2570161,3824301,0.0
44,2574465,1663756,0.0
45,195757,4324049,20.0
46,3501584,624570,1.0
47,2342205,3520804,0.0
48,2067826,727427,3.0
49,4787138,2365654,21.0
50,2907109,1536763,1.0
51,2979388,2811074,58.0
52,2773866,3562714,19.0
53,3467832,3446682,1.0
54,209191,3142365,23.0
55,1630356,2157727,0.0
56,662368,853327,4.0
57,3151576,4278188,1.0
58,2671870,4797151,0.0
59,3536080,614747,23.0
60,2541283,1592987,5.0
61,3848381,903626,10.0
62,811898,3593324,0.0
63,231650,4016607,20.0
64,1305368,3362916,0.0
65,3275981,2183299,0.0
66,3863858,4710588,1.0
67,938826,4543397,8.0
68,4705108,2629120,0.0
69,617435,2721940,5.0
70,2022904,1202849,3.0
71,4797294,3735230,0.0
72,2450052,2549546,1.0
73,24523,497993,0.0
74,4576342,1043689,3.0
75,1875903,2638090,6.0
76,930131,1305103,3.0
77,3872353,2516690,30.0
78,217062,20388,78.0
79,1628755,1120745,2.0
80,4033899,2555403,46.0
81,4600810,4690043,1.0
82,2852252,3901568,52.0
83,4128817,963520,2.0
84,4603833,3538910,0.0
85,2665129,694605,0.0
86,2506289,2034494,0.0
87,3755683,4027183,0.0
88,281045,1477566,24.0
89,525339,4345638,14.0
90,2872550,3571822,0.0
91,3996001,1317062,0.0
92,1630993,2942968,0.0
93,3519436,273127,0.0
94,1072548,4516657,7.0
95,3385377,21536,11.0
96,1698628,4155714,0.0
97,3421725,3521843,99.0
98,2930692,138960,0.0
99,3738701,228193,0.0
100,1729154,1781627,0.0
101,3763685,3856235,0.0
102,2141424,1303746,0.0
103,4842336,3181505,1.0
104,258948,1471608,0.0
105,721572,98932,1.0
106,1943690,492035,7.0
107,3345713,3762682,0.0
108,2924614,3377440,4.0
109,4112224,1051087,0.0
110,4110767,2609871,0.0
111,3922567,307495,0.0
112,558917,3683147,9.0
113,678764,1677837,1.0
114,4064525,2308522,0.0
115,2628408,2510362,9.0
116,4088436,483355,0.0
117,4294640,2123719,15.0
118,1062857,1809556,0.0
119,3287551,3077116,0.0
120,2921487,2416082,0.0
121,2206017,4727122,3.0
122,1601895,4424787,62.0
123,4538043,4347620,20.0
124,2494024,1709398,2.0
125,2380958,648703,6.0
126,3786904,871332,0.0
127,2705657,852814,1.0
128,2867762,2832683,0.0
129,4814135,2585300,0.0
130,1488632,297642,8.0
131,1789514,2955720,0.0
132,309474,3636323,1.0
133,4115547,879781,1.0
134,4771179,77677,0.0
135,1541973,2681572,0.0
136,660741,517853,1.0
137,4483428,1765722,0.0
138,2190643,2947163,1.0
139,2519581,3743967,2.0
140,4202801,710142,0.0
141,3417866,1598643,0.0
142,697388,943197,1.0
143,3899173,1397388,0.0
144,3150672,3974467,0.0
145,4449837,3538291,2.0
146,35548,3549289,1.0
147,2707088,2136581,0.0
148,1586232,3610552,27.0
149,1735883,1901143,12.0
150,2968005,1495600,1.0
151,2873622,3664409,0.0
152,3691603,3188162,2.0
153,1655116,365416,6.0
154,2312268,4219994,10.0
155,2349671,204712,0.0
156,1026366,792812,2.0
157,3417564,2307183,7.0
158,3687290,1281414,0.0
159,3327760,600051,0.0
160,1299905,4474903,0.0
161,3881924,783583,1.0
162,111970,2294803,57.0
163,3736271,433745,0.0
164,2807537,2703992,0.0
165,934509,1653156,0.0
166,4662733,4764472,2.0
167,1486892,237461,0.0
168,3026000,4750153,1.0
169,2436861,4683579,4.0
170,2295601,494551,0.0
171,2333576,4066830,11.0
172,1599720,3262474,80.0
173,600846,64799,2.0
174,1285894,2023333,10.0
175,1590882,971074,4.0
176,357381,908061,0.0
177,2345122,743875,3.0
178,1164538,4273253,11.0
179,4624816,1789251,0.0
180,470204,3779626,1.0
181,2266717,1367613,0.0
182,2826267,928903,9.0
183,275804,1725270,1.0
184,3980329,4675165,6.0
185,41540,1437899,5.0
186,1810899,2882556,13.0
187,1230845,2027917,0.0
188,2472742,3567788,0.0
189,4174076,5480,3.0
190,4819127,543061,1.0
191,1512639,1757836,11.0
192,594370,207942,0.0
193,4066375,4645447,1.0
194,1326339,639157,2.0
195,1429554,3308151,0.0
196,2622002,3723250,0.0
197,3341679,524043,1.0
198,2241048,4039025,15.0
199,2529024,1545613,0.0
200,644069,2596251,1.0
201,1813318,1054633,4.0
202,3655158,37400,9.0
203,3418483,362485,0.0
204,408243,4594685,2.0
205,2105491,3781492,0.0
206,738704,4658228,1.0
207,2535426,1266511,39.0
208,3014450,2569650,4.0
209,2635308,3237136,0.0
210,2749135,3229933,16.0
211,1147295,4463463,0.0
212,495613,3009965,0.0
213,1376558,291125,0.0
214,2021517,4634127,1.0
215,4519174,520390,3.0
216,604125,4360758,1.0
217,3828465,3963629,0.0
218,2957639,4578655,28.0
219,4325972,1755579,1.0
220,1039233,3674322,0.0
221,1901862,4840530,3.0
222,2408015,1321954,2.0
223,4781379,52592,2.0
224,4583761,4572486,16.0
225,1476555,4751012,8.0
226,1636856,4208957,5.0
227,2038215,4162950,35.0
228,4216378,2118739,18.0
229,1136996,3640654,1.0
230,4178366,3164163,0.0
231,986629,3346537,8.0
232,2303520,663713,1.0
233,4708115,738568,0.0
234,3769409,1960538,40.0
235,2844371,3392930,1.0
236,1320291,3768226,0.0
237,1817011,3254390,0.0
238,3337956,1186643,23.0
239,414390,2341215,0.0
240,1185153,4799044,0.0
241,4182445,4255166,0.0
242,1429988,4034214,0.0
243,784476,4743804,16.0
244,1567741,2167167,0.0
245,378193,3858906,4.0
246,3193737,852669,1.0
247,222154,1096330,138.0
248,837136,4092142,4.0
249,3001803,1421121,0.0
250,4497472,970834,0.0
251,78652,876913,3.0
252,1740390,2913793,1.0
253,4608977,2576561,0.0
254,2146076,3373346,0.0
255,4043972,3448830,4.0
256,2066994,3418202,2.0
257,559972,3695276,0.0
258,2427345,214090,0.0
259,1635607,4683806,0.0
260,4435111,1900279,0.0
261,541055,1731912,9.0
262,1745528,2194526,49.0
263,754926,762964,1.0
264,2093716,3996594,15.0
265,4640383,987793,50.0
266,4298408,420656,1.0
267,4725488,1747009,4.0
268,2264477,2991814,2.0
269,4421319,4161763,3.0
270,4007453,1159092,0.0
271,2690596,3915235,19.0
272,3602451,2065513,3.0
273,504324,2747208,18.0
274,30083,1972008,0.0
275,1025903,2722816,2.0
276,2607838,4292513,4.0
277,132853,1928713,129.0
278,1841790,1805282,0.0
279,699145,2039550,1.0
280,1632938,2917594,0.0
281,740264,775607,1.0
282,2326042,3593013,6.0
283,2597890,4398241,0.0
284,4347620,3709618,0.0
285,2956481,3808878,23.0
286,2421138,2173151,53.0
287,3325878,3941234,1.0
288,3969780,3375372,0.0
289,641527,2264701,2.0
290,3750870,214372,0.0
291,3136757,2292933,0.0
292,194271,4138613,0.0
293,4837795,2032867,3.0
294,4532809,3889649,0.0
295,2019222,2153519,0.0
296,1047207,311498,1.0
297,2970262,1729215,145.0
298,1221209,2747564,0.0
299,268995,1173364,0.0
300,4427946,1339329,8.0
301,1607490,654860,4.0
302,1460872,4581556,9.0
303,2019845,4577899,0.0
304,1704367,3164073,1.0
305,2745910,3104940,0.0
306,2133929,3867352,0.0
307,3871942,4799962,2.0
308,3257910,588337,3.0
309,765302,2762989,1.0
310,3960835,4669648,1.0
311,2629112,1529484,41.0
312,2073048,421699,0.0
313,4524669,2949748,1.0
314,144060,3080263,1.0
315,3764504,3328639,1.0
316,433097,4052222,1.0
317,1986630,2951260,0.0
318,2398278,209191,6.0
319,1974705,1581879,0.0
320,1443500,1164411,16.0
321,3550092,3753484,0.0
322,3107199,690742,13.0
323,2019781,636552,0.0
324,3478606,1281736,0.0
325,919613,1735123,4.0
326,1432948,4331707,2.0
327,4782388,1065417,11.0
328,596337,409262,0.0
329,4106517,3002541,9.0
330,1065985,4673981,0.0
331,3757808,890719,0.0
332,4865292,2472812,0.0
333,1817278,3209863,0.0
334,2535495,1937230,3.0
335,1524949,2845319,1.0
336,2699583,2224526,0.0
337,3589315,1592667,0.0
338,1501709,3370956,0.0
339,2135899,3893892,19.0
340,3380008,1519730,0.0
341,3120092,4618432,0.0
342,1322906,784341,0.0
343,155804,834066,0.0
344,56567,3302825,6.0
345,432620,112551,1.0
346,1239755,165055,0.0
347,2314931,2658417,21.0
348,3043233,857634,0.0
349,4444751,719172,0.0
350,3144674,3401173,5.0
351,2681125,4245138,0.0
352,4355412,3494128,0.0
353,4114591,1582028,1.0
354,4099850,924833,1.0
355,103916,2808644,2.0
356,520324,3222831,14.0
357,3443992,280322,3.0
358,2008046,4864558,0.0
359,1981993,463338,8.0
360,3004094,819288,6.0
361,4467857,2374812,0.0
362,1143671,3610611,1.0
363,1114213,140603,0.0
364,2283170,3108276,0.0
365,3039452,1019859,8.0
366,298011,2396903,60.0
367,3491637,3299008,1.0
368,4345638,1914315,0.0
369,3193210,370765,0.0
370,279329,4093834,0.0
371,1091584,977565,0.0
372,4310710,290077,8.0
373,3725239,1818269,1.0
374,1799182,3537761,1.0
375,4366747,1672058,5.0
376,2921853,1063377,9.0
377,3210136,2558297,1.0
378,1618265,2401545,1.0
379,335479,673405,0.0
380,2393127,315060,0.0
381,2305619,2629421,0.0
382,94280,1191204,1.0
383,3396488,1921136,0.0
384,1184100,1487302,6.0
385,3561479,3836738,1.0
386,2920873,2227745,57.0
387,3576624,4268303,0.0
388,527595,1894941,7.0
389,919165,1264290,0.0
390,4014552,4632479,2.0
391,4135084,17392,8.0
392,245914,1905607,1.0
393,2618052,4188938,0.0
394,4836378,4536767,2.0
395,437876,2566889,49.0
396,2497998,95673,0.0
397,1036152,502401,27.0
398,2585063,3153339,0.0
399,311952,487639,17.0
400,4260998,2255438,4.0
401,795918,448525,0.0
402,2720299,2127901,1.0
403,1459605,3749748,3.0
404,3547614,2860781,0.0
405,3335130,438964,0.0
406,1933312,3256959,2.0
407,3564448,167816,5.0
408,3432616,2332893,19.0
409,2633605,1933805,1.0
410,2832099,593309,4.0
411,2366431,4838273,10.0
412,623567,2164839,0.0
413,3994516,1354897,0.0
414,2315048,2033602,0.0
415,1637898,4121411,1.0
416,892193,4336282,0.0
417,4578655,3601327,24.0
418,4152864,1994852,0.0
419,2533205,2449296,0.0
420,3035063,3658576,0.0
421,1063789,1199206,1.0
422,4717616,489300,0.0
423,3652352,1702417,35.0
424,1024682,1315850,0.0
425,2587055,3472626,2.0
426,2086863,512769,91.0
427,1493935,2241589,5.0
428,941692,3517094,2.0
429,2912801,871888,1.0
430,3606548,626239,3.0
431,2200735,2157328,0.0
432,3544260,2618757,0.0
433,1862492,54381,0.0
434,3445194,2976923,0.0
435,4114513,3383210,0.0
436,3744513,1129682,0.0
437,2055183,1190704,0.0
438,3592571,377102,1.0
439,484479,352855,17.0
440,4518583,1939151,30.0
441,2741551,3680201,18.0
442,2589986,4298355,0.0
443,3446506,3393730,0.0
444,1080614,1486892,64.0
445,3819586,3914665,0.0
446,2232341,2167763,1.0
447,3663392,2116501,0.0
448,135756,1415397,8.0
449,1304570,762511,0.0
450,3268179,1312177,0.0
451,1034420,2582486,38.0
452,1395712,207348,21.0
453,28366,1841875,63.0
454,628921,901150,0.0
455,2156930,302849,4.0
456,4742865,4011635,2.0
457,579052,4286269,7.0
458,3622805,2239775,0.0
459,1097755,19760,3.0
460,4681267,4047729,21.0
461,4214037,1124684,0.0
462,3328824,4725447,11.0
463,1632157,3441172,1.0
464,2733872,2966772,1.0
465,4402871,3812818,71.0
466,1807180,817365,2.0
467,2763391,4023498,1.0
468,1626617,2819030,0.0
469,4130943,4188416,0.0
470,467667,4000293,21.0
471,585290,2615912,0.0
472,3437795,2770964,8.0
473,3206172,4186227,0.0
474,174802,3795595,0.0
475,4371955,1776702,23.0
476,2810159,2277589,0.0
477,2044305,2746365,131.0
478,2952533,3517217,1.0
479,2914124,4682995,1.0
480,61530,3335540,6.0
481,4591296,1929062,2.0
482,4428300,2480985,5.0
483,46090,1450214,7.0
484,659769,20462,0.0
485,636099,1164072,1.0
486,2407305,95886,2.0
487,1475238,1917370,23.0
488,550624,1332575,26.0
489,3206394,2933565,3.0
490,3940380,3051327,11.0
491,273164,1413055,33.0
492,1957538,4839138,0.0
493,2749267,3859663,2.0
494,173719,2037535,0.0
495,384254,3003794,24.0
496,410127,290758,0.0
497,2586954,1166818,0.0
498,172972,4299050,0.0
499,2422604,909677,0.0
500,4326329,732416,0.0
501,3476921,4329139,53.0
502,2346396,3113197,0.0
503,1397316,1548423,0.0
504,4590349,4475906,12.0
505,4462368,1729215,56.0
506,1327440,2866511,0.0
507,505918,80983,1.0
508,1041665,246307,1.0
509,1619831,4149096,0.0
510,1602676,4821149,0.0
511,4498800,2530095,0.0
512,1220744,2494359,8.0
513,3216894,2917270,0.0
514,823636,3470096,1.0
515,2464404,2214631,3.0
516,2225928,937883,0.0
517,3874174,3660958,0.0
518,4510312,4641648,6.0
519,1772905,1164032,1.0
520,497126,1813537,0.0
521,3956535,1366076,0.0
522,311395,4517546,1.0
523,691053,2551093,1.0
524,1202094,4419310,1.0
525,2511862,702114,2.0
526,1537593,3531111,21.0
527,1809060,2755105,0.0
528,4561995,4101406,12.0
529,1183256,851822,52.0
530,2259583,180886,1.0
531,617956,2413499,16.0
532,1294163,515021,1.0
533,2063062,1342577,5.0
534,1800416,2888042,0.0
535,4691181,4610787,0.0
536,1834142,3836704,5.0
537,949172,2071647,1.0
538,2536161,4132261,85.0
539,625451,3547349,90.0
540,2290078,107998,0.0
541,3494888,248970,0.0
542,268519,2884416,0.0
543,158115,4633431,70.0
544,4699529,317786,34.0
545,3256646,751974,1.0
546,3725632,731420,0.0
547,2171358,4477620,1.0
548,931647,1765411,2.0
549,2744198,3642845,1.0
550,1765731,1258166,1.0
551,2649630,1742482,16.0
552,1641756,2486979,26.0
553,4036817,1703634,0.0
554,3849807,2866908,0.0
555,1167211,1840412,95.0
556,4766814,3298954,10.0
557,947762,3341056,0.0
558,3136926,4534450,0.0
559,3730870,3175312,6.0
560,2690278,3761780,16.0
561,2058283,8356,0.0
562,2646810,4575002,0.0
563,3633833,2573172,3.0
564,4247331,82320,14.0
565,3983042,2701676,7.0
566,2093176,2186222,0.0
567,1412983,2528294,8.0
568,3920505,4846084,7.0
569,3320046,4335591,0.0
570,1262238,1048746,0.0
571,3059183,1766159,28.0
572,1495241,4548619,4.0
573,3717996,3452178,10.0
574,908046,458466,2.0
575,319732,3806748,1.0
576,748200,1665032,0.0
577,856916,2741764,92.0
578,2695621,4579955,83.0
579,4016649,3678951,9.0
580,3699726,4642092,0.0
581,4599604,1537367,26.0
582,4323755,1211774,2.0
583,117178,2785207,7.0
584,2934603,2472584,33.0
585,1432887,2529373,1.0
586,4493215,2784278,0.0
587,4159232,4217711,15.0
588,3756910,1193087,50.0
589,1648871,4590454,0.0
590,4458811,3019604,105.0
591,3148390,2002788,0.0
592,769445,2986095,0.0
593,4542296,4029056,6.0
594,3097604,4305969,43.0
595,3135278,1898689,17.0
596,3490385,2303097,0.0
597,2880138,1230311,2.0
598,1799854,1094216,0.0
599,3441024,3198893,0.0
600,1712592,256053,43.0
601,1213060,3485270,0.0
602,674419,1687481,0.0
603,2253113,4199739,10.0
604,1687100,4699308,21.0
605,1687914,1492115,0.0
606,4467644,4597686,5.0
607,1287150,4587728,1.0
608,885888,2401150,0.0
609,4059232,1934540,42.0
610,2167353,2927967,1.0
611,2431787,2243309,27.0
612,4066935,3061931,17.0
613,2912103,2616761,0.0
614,1451983,4398710,0.0
615,1760195,3815591,0.0
616,1268923,4185459,2.0
617,3584579,4561007,0.0
618,3210823,4593452,0.0
619,2679215,4079576,0.0
620,3308965,1499488,3.0
621,1308257,1360090,0.0
622,4556619,524247,1.0
623,3464435,3158801,2.0
624,4834181,1615948,0.0
625,4548696,2910685,4.0
626,1486569,380005,2.0
627,1221273,4569835,0.0
628,1504438,1269021,6.0
629,273892,4626132,1.0
630,4312824,3833152,2.0
631,2240718,1337977,0.0
632,1187945,4097285,11.0
633,1628691,4570236,2.0
634,3764155,1080529,1.0
635,2259251,4196528,1.0
636,2299390,1491019,0.0
637,1049492,398291,24.0
638,233391,2965375,0.0
639,717673,3995418,17.0
640,2941407,2964315,3.0
641,682761,1558128,1.0
642,4352101,697201,2.0
643,4239933,2533625,0.0
644,1068581,2394046,7.0
645,1176065,3366522,1.0
646,2913818,4272458,11.0
647,4159234,597760,0.0
648,4818958,708203,0.0
649,3192626,1092178,1.0
650,3438286,4629375,3.0
651,879908,4254453,0.0
652,1954387,610672,0.0
653,1452,3373263,0.0
654,4207021,606980,0.0
655,1413126,2746611,0.0
656,3149884,128838,0.0
657,2598830,299664,0.0
658,3017206,948009,8.0
659,970600,2125683,3.0
660,1211741,4121054,0.0
661,2835234,570107,16.0
662,675370,1471569,1.0
663,4610268,1275066,0.0
664,1584806,1092555,0.0
665,2904717,762869,0.0
666,3892708,1170664,17.0
667,3976780,1552898,1.0
668,1808958,3153165,14.0
669,3293844,282738,0.0
670,2027803,2619844,1.0
671,250137,2976917,0.0
672,4418160,3626136,69.0
673,3372601,3785031,0.0
674,3318630,701503,95.0
675,3961269,303000,1.0
676,1978642,1969680,8.0
677,1285540,3833101,0.0
678,4399173,2631408,1.0
679,1225417,3677077,0.0
680,1917370,970119,0.0
681,716749,4720136,0.0
682,2164938,2616090,0.0
683,4021250,1378011,64.0
684,1898939,2124762,0.0
685,725231,2353568,0.0
686,1072647,2289244,0.0
687,3316884,1440533,0.0
688,2308616,4597182,1.0
689,2468610,1173627,0.0
690,4280660,4011543,0.0
691,4358480,2619379,3.0
692,4247587,4266094,12.0
693,1362833,4644467,7.0
694,4849080,384166,0.0
695,2933517,1722935,3.0
696,251110,4829418,0.0
697,3046801,4326881,0.0
698,3300747,409240,0.0
699,2205989,736972,7.0
700,4759196,2959134,0.0
701,352777,1582441,9.0
702,4732444,4677915,1.0
703,1450478,3800540,0.0
704,3345046,4255985,0.0
705,807609,2070084,61.0
706,1893341,2401643,2.0
707,3968198,1413750,7.0
708,3502346,4395778,18.0
709,3424526,865480,4.0
710,3997092,847152,0.0
711,871619,88771,1.0
712,3591727,4128045,1.0
713,812874,2576794,0.0
714,2967237,819090,2.0
715,2683846,1765869,0.0
716,3933860,4187117,0.0
717,3755255,3173162,8.0
718,4479676,2054407,0.0
719,1092129,4740893,39.0
720,2978353,487236,0.0
721,2831459,3748022,1.0
722,1861711,3429791,17.0
723,128268,3306286,0.0
724,4447307,3657540,1.0
725,4583130,4195270,8.0
726,1903802,3756910,75.0
727,1226964,4506897,3.0
728,4122877,478112,2.0
729,3531100,4818685,1.0
730,4722544,1565469,5.0
731,492776,2057832,6.0
732,202406,1370056,0.0
733,739365,4478927,0.0
734,3130360,3381180,0.0
735,3971343,774221,0.0
736,1639225,497594,21.0
737,3080878,3107755,0.0
738,314720,466302,2.0
739,4074945,67911,0.0
740,4627005,3010945,4.0
741,3763328,2178305,10.0
742,265346,3088232,400.0
743,3446384,679574,26.0
744,887938,3994705,0.0
745,3223920,2516690,2.0
746,4858799,4350911,1.0
747,4510458,1127255,9.0
748,2270094,2546813,0.0
749,4060750,2393523,5.0
750,4282575,3861442,0.0
751,3251045,3297002,11.0
752,3031208,664506,17.0
753,3434262,3173953,0.0
754,2226291,4082571,0.0
755,2032980,4096612,13.0
756,4143745,683678,0.0
757,2220133,979255,22.0
758,552690,1513515,6.0
759,2089216,4666032,0.0
760,734968,4266986,0.0
761,748396,3222295,0.0
762,3473274,4010152,12.0
763,401726,1700117,23.0
764,4205304,4326349,2.0
765,713973,3737538,0.0
766,268979,3902256,0.0
767,1774406,2445713,1.0
768,1566271,3727886,0.0
769,1747009,542316,4.0
770,3760607,1428975,0.0
771,2062066,3937192,1.0
772,2469227,2769934,0.0
773,463854,2442529,32.0
774,3369814,1205255,0.0
775,268091,1807947,0.0
776,3561896,257577,12.0
777,4181239,2507601,0.0
778,745210,3851609,1.0
779,4247950,4173475,1.0
780,4611286,3527826,0.0
781,3094990,3311965,1.0
782,4459514,1633484,0.0
783,2814285,4198583,20.0
784,2152778,2815618,10.0
785,9202,1609289,6.0
786,2858107,3025604,8.0
787,3881850,3284336,0.0
788,1200874,703387,0.0
789,1730864,4776931,8.0
790,1976020,3906437,3.0
791,3478937,4411245,9.0
792,2606468,2151625,0.0
793,810847,3601552,0.0
794,2518054,3994251,10.0
795,4730476,3723065,24.0
796,2675276,1802531,1.0
797,274343,996371,1.0
798,3650803,3477517,3.0
799,1159131,3007594,6.0
800,4660393,1063328,1.0
801,1430292,3755407,0.0
802,4855215,3292438,1.0
803,155341,4215650,1.0
804,4791237,668241,7.0
805,504848,1473701,5.0
806,812688,440093,1.0
807,1218819,4522612,0.0
808,904699,3825480,2.0
809,3371729,3273144,6.0
810,2518902,2524567,3.0
811,2608048,891969,0.0
812,133167,3827835,1.0
813,1735998,2685390,1.0
814,1851023,2661301,1.0
815,4223007,4651979,40.0
816,2978385,4096612,33.0
817,2982118,2890172,33.0
818,1985096,3281495,0.0
819,2872865,772280,0.0
820,1730546,2700195,0.0
821,3759171,3267798,0.0
822,1474194,1736248,14.0
823,136049,1205898,0.0
824,779856,2791664,0.0
825,2976069,2589511,7.0
826,56121,3118599,0.0
827,752326,4027234,1.0
828,1129405,1073098,0.0
829,4219582,352759,1.0
830,67800,1774334,40.0
831,1562061,3275980,0.0
832,4469172,3056997,8.0
833,1632644,2747148,3.0
834,2103452,2394094,0.0
835,1792282,1275575,0.0
836,2337068,2777919,37.0
837,383188,487074,0.0
838,3624273,1694426,2.0
839,1927607,3784976,1.0
840,2564846,3871166,0.0
841,469289,3658913,4.0
842,3579512,3070342,0.0
843,3609789,1916723,19.0
844,1005255,2558769,1.0
845,4820881,4005729,0.0
846,2666350,3968888,26.0
847,979653,1836007,5.0
848,3156444,3459373,1.0
849,3454223,3088232,13.0
850,1691726,1990675,0.0
851,1938140,1764317,0.0
852,2920273,123591,0.0
853,4778699,1201096,0.0
854,267534,1380378,0.0
855,1135603,2685283,14.0
856,4743153,535280,1.0
857,4164647,4571277,14.0
858,3251800,3853574,13.0
859,142496,2824480,0.0
860,1353165,2287915,4.0
861,4721192,3288243,22.0
862,148935,1140025,22.0
863,754986,4625985,1.0
864,3100893,2493630,0.0
865,1456698,2760565,0.0
866,3167544,3065172,15.0
867,1615945,2471103,0.0
868,923082,3893890,0.0
869,3615734,3970114,0.0
870,2299912,1008064,24.0
871,609330,1397316,10.0
872,2338838,4834648,2.0
873,2017826,2903363,7.0
874,1049150,4124480,23.0
875,2608376,3824501,2.0
876,1482666,1660395,59.0
877,1306100,1678282,0.0
878,2826278,3611999,1.0
879,2395078,2721855,1.0
880,3680790,2927670,15.0
881,4272458,151153,1.0
882,3596185,1595754,4.0
883,370525,4291780,16.0
884,2226097,1974361,0.0
885,431391,1102747,0.0
886,300097,726929,1.0
887,750926,2586375,18.0
888,153480,4192365,1.0
889,3506025,212805,13.0
890,2452484,2199228,1.0
891,1233851,3304718,5.0
892,456126,2103578,2.0
893,3286368,1614313,0.0
894,759809,1677060,0.0
895,3538278,1922398,0.0
896,783972,4757627,0.0
897,2085193,3886160,0.0
898,623444,2262983,1.0
899,1219418,528928,3.0
900,1998627,538998,0.0
901,573693,3400944,2.0
902,1101947,1959052,1.0
903,3887171,617576,7.0
904,4093525,4161490,0.0
905,1711569,1503250,0.0
906,1318170,2766614,2.0
907,2915489,2434223,1.0
908,4713292,1735687,0.0
909,4342160,4836932,0.0
910,563322,1340111,32.0
911,922949,1049281,0.0
912,1455727,1967550,1.0
913,4347727,2401865,9.0
914,1779478,4553620,0.0
915,820951,1133567,60.0
916,1295223,3606238,0.0
917,234766,1989292,22.0
918,495684,2052579,1.0
919,2604474,262528,29.0
920,4457096,3095483,0.0
921,3225386,1483950,84.0
922,3959449,2151517,0.0
923,2695091,2128045,0.0
924,2245867,2784159,0.0
925,1719345,2177982,4361.0
926,3795465,4690299,0.0
927,2902003,1374445,0.0
928,1895458,1253026,2.0
929,888120,888836,133.0
930,4866498,2486525,5.0
931,184687,4696690,11.0
932,2871308,1064883,0.0
933,552693,4180588,9.0
934,460696,978745,0.0
935,3721072,2717219,2.0
936,242742,637362,11.0
937,4147170,3324817,8.0
938,1299015,127123,45.0
939,833087,907052,51.0
940,137437,4005148,0.0
941,2474997,2999710,0.0
942,4137763,2898182,0.0
943,475232,3873884,0.0
944,2519600,3144985,1.0
945,851486,1253335,0.0
946,1484675,2555689,5.0
947,863325,3528798,1.0
948,865410,2270767,44.0
949,1588061,4013191,13.0
950,2975625,2363738,1.0
951,919101,1522214,0.0
952,3893222,4116046,0.0
953,4759359,824031,0.0
954,3298060,3649303,0.0
955,1618544,1613382,0.0
956,2324352,816913,88.0
957,4499487,3804486,0.0
958,861461,2833178,1.0
959,2713798,2885043,1.0
960,2475214,343584,1.0
961,2815706,716282,22.0
962,810494,785119,0.0
963,3743292,29959,9.0
964,4022436,2309371,2.0
965,1576600,3241571,13.0
966,3164595,727760,0.0
967,2342340,2371785,0.0
968,3318025,3258850,3.0
969,854025,2258576,0.0
970,3446567,621120,22.0
971,3067879,2330265,5.0
972,989455,1268920,0.0
973,3517389,843636,12.0
974,2506342,1857594,1.0
975,863783,4395944,9.0
976,1632116,1528823,0.0
977,2359631,4515216,23.0
978,3317934,3629131,26.0
979,2932339,2350634,0.0
980,927463,1514817,0.0
981,3598083,1721413,11.0
982,2429371,9946,0.0
983,1039279,3411931,0.0
984,2895068,3918393,0.0
985,1854023,1483116,1.0
986,725415,2082827,1.0
987,1202857,1678405,1.0
988,3689215,1218296,2.0
989,4528705,1142702,12.0
990,4034438,711824,0.0
991,3782034,3556169,1.0
992,1014721,1666556,0.0
993,3270580,3395510,0.0
994,2324422,4426524,1.0
995,1194190,345813,1.0
996,2625217,1996375,0.0
997,2824005,2211339,0.0
998,1576591,4166917,2.0
999,380525,4664852,0.0
1000,3993072,2416078,4.0
1001,1094048,594102,7.0
1002,4600134,624993,0.0
1003,2764263,2893207,0.0
1004,4177865,2882100,3.0
1005,4623321,4808386,67.0
1006,3718908,4679904,77.0
1007,2745387,3910839,0.0
1008,3195688,112647,2.0
1009,1813368,1770441,154.0
1010,2009930,4758377,11.0
1011,1787403,2443214,0.0
1012,4726874,1894531,0.0
1013,127950,3728341,7.0
1014,3794842,3706176,19.0
1015,3296250,3535207,134.0
1016,4811622,757734,26.0
1017,3683564,2701054,4.0
1018,1283657,689821,17.0
1019,3836659,4321162,31.0
1020,1488401,3872415,85.0
1021,31098,1030864,5.0
1022,2451660,1970291,3.0
1023,718458,3720766,0.0
1024,2002799,4114575,14.0
1025,2005497,2338090,0.0
1026,2118551,3452067,0.0
1027,3778796,254059,5.0
1028,4348766,3973930,0.0
1029,3475909,1973662,0.0
1030,240027,3855745,52.0
1031,4263251,2518627,1.0
1032,942440,2191992,1.0
1033,850459,456126,1.0
1034,3716119,3025121,4.0
1035,988417,1104604,1.0
1036,5221,2981668,3.0
1037,2021460,243830,0.0
1038,4774646,1196225,3.0
1039,2435515,143446,13.0
1040,3941703,211323,1.0
1041,651778,2540894,7.0
1042,477326,3487516,0.0
1043,3861672,3647364,0.0
1044,4749201,2707342,2.0
1045,1255094,3818809,4.0
1046,437391,1021368,0.0
1047,4817391,4563454,0.0
1048,3910665,3985168,1.0
1049,1150281,4486106,0.0
1050,4858996,1582222,1.0
1051,4204662,2133364,0.0
1052,3656099,1380448,0.0
1053,4788248,2048276,0.0
1054,4716646,448823,34.0
1055,2844962,2757201,7.0
1056,2161230,2087517,1.0
1057,3808182,3103806,0.0
1058,419149,4406065,0.0
1059,3847967,357466,1.0
1060,987441,824382,4.0
1061,4762542,2767142,12.0
1062,2914647,4841268,0.0
1063,1275299,1593758,16.0
1064,3757241,3248594,93.0
1065,219686,2015738,4.0
1066,3249932,1068993,0.0
1067,2704231,3435043,0.0
1068,2691310,3640458,3.0
1069,2581947,3759750,0.0
1070,1689039,3927655,0.0
1071,2694816,2207956,5.0
1072,4405100,2051732,23.0
1073,3352123,3510148,0.0
1074,2584682,3162385,0.0
1075,2680834,4254453,2.0
1076,3202510,2092295,0.0
1077,4468086,532755,1.0
1078,575651,4258315,0.0
1079,2883988,824046,89.0
1080,4008358,4483821,0.0
1081,2939315,3155408,4.0
1082,4839526,3833152,0.0
1083,3507863,177506,3.0
1084,4619061,4289016,1.0
1085,4380434,3731768,0.0
1086,3213547,2706025,0.0
1087,4094697,212805,81.0
1088,1927960,1579810,14.0
1089,2640387,100754,2.0
1090,3852854,3785477,1.0
1091,1700836,350886,0.0
1092,871160,3340066,0.0
1093,2772925,2456239,0.0
1094,1548013,1078672,5.0
1095,2242956,3882590,37.0
1096,3603630,3489034,0.0
1097,1064556,3912526,0.0
1098,19760,5113,0.0
1099,740005,4510860,23.0
1100,4765846,605639,6.0
1101,2609436,653633,12.0
1102,2766747,321857,0.0
1103,4094066,1628264,0.0
1104,1246601,1897862,0.0
1105,4232521,2779791,4.0
1106,2554658,3240496,7.0
1107,415254,3129186,3.0
1108,4400995,1187964,18.0
1109,2850445,1118530,0.0
1110,3729828,2294440,6.0
1111,3370783,4790649,44.0
1112,3001815,74323,0.0
1113,3394828,2633571,83.0
1114,117653,1995601,0.0
1115,1675257,4723059,0.0
1116,3897513,733605,0.0
1117,19484,749672,29.0
1118,4284282,4516132,17.0
1119,833524,3841591,0.0
1120,3879365,4329629,3.0
1121,4251792,57883,9.0
1122,2835662,2379122,0.0
1123,2313654,3448488,5.0
1124,3800305,4420839,2.0
1125,399565,2956791,3.0
1126,579536,3165162,0.0
1127,225697,982493,6.0
1128,457555,1106852,0.0
1129,4857001,321177,2.0
1130,4655006,1987945,1.0
1131,3163774,3004014,0.0
1132,4498101,2926541,13.0
1133,2807375,3247071,4.0
1134,3222303,1081619,4.0
1135,4736009,1835245,0.0
1136,401959,2653845,0.0
1137,813047,3009562,1.0
1138,2899933,536723,0.0
1139,4154717,2424452,75.0
1140,1413512,3299579,0.0
1141,2940424,1904054,7.0
1142,602340,107996,1.0
1143,1011757,3739100,7.0
1144,940042,4253433,0.0
1145,3905250,452890,0.0
1146,3066444,685095,0.0
1147,1325436,3202770,1.0
1148,125872,1465269,1.0
1149,3407905,765543,0.0
1150,2623580,2337217,9.0
1151,4211984,2596286,74.0
1152,2349594,959247,2.0
1153,2061150,3837284,2.0
1154,1399058,1796644,38.0
1155,12547,957725,2.0
1156,2361673,2593954,0.0
1157,3305322,3169329,1.0
1158,702865,166306,13.0
1159,4311665,2499401,0.0
1160,4052122,2588244,0.0
1161,2187451,3356265,0.0
1162,2544398,4360802,4.0
1163,1164032,4779044,2.0
1164,4125905,723257,35.0
1165,3169284,2502590,0.0
1166,1360006,475380,0.0
1167,3158482,4350093,1.0
1168,3082677,3108490,1.0
1169,3139086,4343940,28.0
1170,1044619,1269131,0.0
1171,2390374,4143831,0.0
1172,4779046,4399430,0.0
1173,4420475,2868440,10.0
1174,815236,2155768,0.0
1175,1676054,2238637,18.0
1176,842454,1847353,0.0
1177,153792,778021,0.0
1178,336290,87195,20.0
1179,2410512,3528096,2.0
1180,3185337,1129762,4.0
1181,4086406,4539579,17.0
1182,4174741,1729680,0.0
1183,1429183,19269,0.0
1184,1479088,3296983,0.0
1185,4139326,1040056,63.0
1186,4311720,3703326,0.0
1187,322366,3277122,0.0
1188,2153824,4079268,2.0
1189,3690840,3870459,3.0
1190,1351195,899384,2.0
1191,1434155,4593423,125.0
1192,4315651,2905649,0.0
1193,3064744,4544439,0.0
1194,4034922,2589566,0.0
1195,2845752,3671414,20.0
1196,3526944,4061862,3.0
1197,4376408,732151,0.0
1198,1949391,2153670,5.0
1199,654545,2988500,3.0
1200,4223263,1730211,0.0
1201,1073493,777566,0.0
1202,566130,3072002,8.0
1203,2198631,4151869,1.0
1204,193805,2692947,3.0
1205,1076285,3926802,8.0
1206,3623028,873318,0.0
1207,1313574,594010,21.0
1208,4080369,357567,7.0
1209,3541501,2386108,7.0
1210,4388455,290600,2.0
1211,978544,4006430,0.0
1212,2758155,4793999,0.0
1213,3148813,4008655,99.0
1214,886710,2924181,0.0
1215,4600732,1149539,13.0
1216,1509450,4095467,0.0
1217,4572867,1104006,0.0
1218,4222997,2017471,1.0
1219,979255,2387274,0.0
1220,3443847,2887128,1.0
1221,1514261,2948384,9.0
1222,4720585,1171375,0.0
1223,3758681,2083451,26.0
1224,475690,4597102,4.0
1225,1333051,3296285,7.0
1226,4287735,1584619,0.0
1227,404943,2187723,9.0
1228,4403473,287108,2.0
1229,1695500,2846784,7.0
1230,1164371,237082,1.0
1231,2560408,4305715,0.0
1232,185853,1109441,14.0
1233,4325261,1991267,1.0
1234,1223102,3696730,2.0
1235,2819109,242455,0.0
1236,1535073,4743804,112.0
1237,762479,2791241,1.0
1238,4147354,4141931,2.0
1239,547157,624837,14.0
1240,4459145,1145009,35.0
1241,460728,2556091,0.0
1242,4306404,4760153,23.0
1243,2739333,4405133,1.0
1244,3684207,3990211,3.0
1245,925412,184085,14.0
1246,3694046,1520254,47.0
1247,2481712,3463660,0.0
1248,3089257,428189,0.0
1249,1896939,1694355,1.0
1250,2085462,3162560,47.0
1251,4315155,4288798,0.0
1252,2939884,2157122,0.0
1253,2712752,1770518,5.0
1254,629031,3388216,54.0
1255,3259802,4582461,3.0
1256,2870198,4470008,13.0
1257,2628106,1238203,0.0
1258,1181282,657511,3.0
1259,3498717,4516447,0.0
1260,154714,2622445,1.0
1261,2261005,4858197,0.0
1262,3491685,714035,6.0
1263,1574437,137934,0.0
1264,2506473,1266825,1.0
1265,2005701,90125,0.0
1266,272134,3894567,13.0
1267,4523563,4529968,8.0
1268,680757,377629,1.0
1269,362148,3410967,0.0
1270,2472584,3513910,60.0
1271,127619,4234840,2.0
1272,1301087,3467005,2.0
1273,2631035,3967228,3.0
1274,2730650,4519597,0.0
1275,3392535,3653797,2.0
1276,775328,1776702,24.0
1277,2319421,2990704,49.0
1278,4025298,4761250,1.0
1279,4054509,4314283,2.0
1280,4425037,2781628,0.0
1281,2237222,1192436,12.0
1282,3336834,3106848,1.0
1283,2494843,2829288,1.0
1284,3216710,4324862,0.0
1285,1038362,4322367,0.0
1286,3939380,151427,3.0
1287,3474714,837222,8.0
1288,2690307,848246,0.0
1289,4258438,1440232,0.0
1290,1499536,762056,0.0
1291,1410000,3198135,17.0
1292,4079269,890960,0.0
1293,2761066,724868,2.0
1294,1445324,4820881,19.0
1295,2402582,2354103,0.0
1296,4117461,4607502,5.0
1297,572226,791325,6.0
1298,273715,476407,4.0
1299,1747728,3849492,0.0
1300,3561052,4007276,58.0
1301,18331,3593013,0.0
1302,919215,32933,0.0
1303,1304820,4276097,1.0
1304,1525671,1400706,7.0
1305,3494194,3501344,0.0
1306,4305360,2759898,1.0
1307,3473703,1105946,0.0
1308,4793374,2883450,10.0
1309,4043495,325891,0.0
1310,2973142,1374657,8.0
1311,2290322,4486882,8.0
1312,2653433,90257,0.0
1313,4454192,4332029,0.0
1314,3196935,4053811,6.0
1315,3824752,2725607,0.0
1316,1745731,2243983,17.0
1317,3089513,2403010,9.0
1318,2735303,622071,0.0
1319,4559986,3378736,1.0
1320,3600628,2064607,16.0
1321,3905067,3393225,0.0
1322,2096490,1246259,73.0
1323,3029390,379057,0.0
1324,1832518,4370950,0.0
1325,188743,2092812,0.0
1326,2447113,410275,2.0
1327,2307937,4048147,5.0
1328,4690365,1339133,0.0
1329,3200341,3453522,1.0
1330,2956147,2501960,32.0
1331,1227156,3239338,0.0
1332,3440116,1891147,0.0
1333,739545,2223912,0.0
1334,3332801,4155389,14.0
1335,4630411,726638,17.0
1336,3292676,2597381,0.0
1337,4361726,534121,22.0
1338,3768380,1423570,2.0
1339,176774,1047789,0.0
1340,2589604,807761,1.0
1341,2161208,473130,71.0
1342,760911,2675321,14.0
1343,1674134,2435135,4.0
1344,616538,4161676,1.0
1345,554768,3078648,74.0
1346,3214317,1735883,11.0
1347,4398018,3262683,0.0
1348,1361880,1744811,6.0
1349,1223354,4208140,1.0
1350,2377378,2574560,28.0
1351,1440901,3482871,35.0
1352,69444,3789363,0.0
1353,3248527,364458,39.0
1354,632892,2607954,0.0
1355,370983,852119,0.0
1356,3957402,3989690,46.0
1357,289215,938763,2.0
1358,1025283,2977357,47.0
1359,3930883,1625272,3.0
1360,1926769,4183382,1.0
1361,4299096,4188270,23.0
1362,3238785,2616535,0.0
1363,1325894,2598896,1.0
1364,67665,382209,1.0
1365,3658641,1334501,37.0
1366,559652,20388,125.0
1367,1236650,3245665,1.0
1368,444473,3586386,5.0
1369,3893485,105683,0.0
1370,1262578,3434396,0.0
1371,4487749,4513294,0.0
1372,4175026,165651,4.0
1373,456895,3833698,0.0
1374,4794114,577845,0.0
1375,3207642,4238096,0.0
1376,2911256,345296,0.0
1377,1278054,4085567,3.0
1378,1577581,4420285,0.0
1379,1979383,4351306,9.0
1380,1054015,3135338,8.0
1381,1093575,781031,0.0
1382,2795094,3649212,0.0
1383,1233950,3153504,130.0
1384,3567284,1497894,17.0
1385,1710577,1310839,0.0
1386,2686174,10115,0.0
1387,3730580,3067078,0.0
1388,4655510,243176,2.0
1389,4363166,952893,0.0
1390,4805386,2662315,3.0
1391,773004,435747,1.0
1392,2853045,3350833,11.0
1393,622386,4563330,1.0
1394,326452,580398,0.0
1395,1677331,1950471,2.0
1396,3696903,4627252,64.0
1397,993398,3117644,17.0
1398,3946091,261556,2.0
1399,3197538,1772038,0.0
1400,4261799,3995236,0.0
1401,3892940,1131169,1.0
1402,528340,2537385,0.0
1403,712547,1102206,1.0
1404,4819083,3443517,6.0
1405,2586529,2971250,0.0
1406,3144269,3965490,34.0
1407,1453814,4852987,5.0
1408,395117,3296710,0.0
1409,4493888,1975369,1.0
1410,1677157,4671494,0.0
1411,4655993,3793690,1.0
1412,3113932,2656185,0.0
1413,4565735,1072872,17.0
1414,1050485,3041739,9.0
1415,700731,3764731,1.0
1416,1781994,3511998,0.0
1417,3660326,1588708,0.0
1418,4505818,2887963,3.0
1419,1530855,634165,0.0
1420,2145365,3777242,8.0
1421,1629000,3863501,38.0
1422,1139129,294239,32.0
1423,4139305,1108809,0.0
1424,4225437,4674411,0.0
1425,4454647,225124,0.0
1426,3446942,3258677,0.0
1427,292084,2102776,4.0
1428,1427709,4747550,14.0
1429,697912,4612494,24.0
1430,3578545,1604914,0.0
1431,965813,1277950,0.0
1432,2522287,3273144,4.0
1433,2200489,4626853,7.0
1434,551741,4856114,3.0
1435,211987,2616242,3.0
1436,2119957,2608710,0.0
1437,340456,2305549,0.0
1438,143652,336189,2.0
1439,656728,4390738,0.0
1440,2060035,4104762,8.0
1441,1869476,2462897,9.0
1442,884526,3327588,0.0
1443,4798911,2351301,0.0
1444,3711007,101762,7.0
1445,3374895,314924,125.0
1446,4207706,1840022,3.0
1447,796367,831156,0.0
1448,3481117,2900535,6.0
1449,3316377,4094697,0.0
1450,922843,2710045,0.0
1451,976193,3888365,0.0
1452,54323,3358359,22.0
1453,3093160,866014,0.0
1454,1924479,3296013,65.0
1455,3004134,4307753,3.0
1456,2839397,2652623,6.0
1457,2730409,45986,4.0
1458,1695915,4259826,0.0
1459,4461572,3036365,1.0
1460,733542,4853330,0.0
1461,455141,1838184,0.0
1462,532578,4796771,0.0
1463,218953,4117610,1.0
1464,3716915,1548893,0.0
1465,3053148,2617372,1.0
1466,2106673,1599860,1.0
1467,4190805,1636302,0.0
1468,3961117,714236,1.0
1469,1377969,4565646,0.0
1470,1008703,1852018,7.0
1471,614504,1799445,0.0
1472,144710,1125599,0.0
1473,1069609,986979,0.0
1474,4003133,4204052,20.0
1475,2073638,1522373,2.0
1476,779591,1358385,4.0
1477,1426916,4448254,7.0
1478,2338507,696808,0.0
1479,1919947,3056079,5.0
1480,216300,857288,0.0
1481,3998824,2428800,1.0
1482,3504235,1014927,2.0
1483,2299421,2077429,157.0
1484,572208,1306207,0.0
1485,751949,4753457,2.0
1486,4459325,349769,1.0
1487,2021996,1096690,4.0
1488,4582850,4530690,1.0
1489,1283175,301577,1.0
1490,425592,804801,6.0
1491,2044073,3371037,0.0
1492,569377,4812681,1.0
1493,2185449,2828364,11.0
1494,1412406,4302821,3.0
1495,4243983,1853961,1.0
1496,317762,801878,0.0
1497,983607,1480185,80.0
1498,3236313,2234069,1.0
1499,3213568,1682097,0.0
1500,277167,3471248,0.0
1501,3835319,1977385,0.0
1502,3451039,36246,2.0
1503,660986,101003,4.0
1504,1997835,1654051,0.0
1505,1620145,1407969,1.0
1506,4308422,3686117,0.0
1507,3703565,4115825,7.0
1508,2313595,3121459,1.0
1509,3198069,3383073,0.0
1510,4109862,4482088,2.0
1511,63419,1701148,0.0
1512,2739660,3283164,9.0
1513,2169549,2208689,2.0
1514,1450320,1541775,1.0
1515,4278656,4488598,1.0
1516,1381293,3720786,0.0
1517,1548572,2946706,0.0
1518,2641051,1058048,0.0
1519,309574,1226975,14.0
1520,3600303,433609,0.0
1521,1479553,342516,0.0
1522,3653599,4169815,0.0
1523,702070,3353876,15.0
1524,606562,1963907,2.0
1525,1601288,3038110,1.0
1526,2612363,1312254,1.0
1527,4384646,690657,3.0
1528,4170044,2449547,1.0
1529,2787002,2382117,15.0
1530,3656282,183794,1.0
1531,4757732,4796773,18.0
1532,4471609,113182,17.0
1533,158235,2647536,6.0
1534,3863062,1245989,347.0
1535,2369634,2796817,33.0
1536,4779430,2450275,0.0
1537,841644,378843,0.0
1538,2069466,4059533,1.0
1539,4804968,3347711,0.0
1540,1119602,598319,11.0
1541,3200364,1635042,23.0
1542,641893,142116,2.0
1543,3649600,1586497,0.0
1544,3705151,1597846,0.0
1545,2689691,3967571,0.0
1546,2324971,252017,33.0
1547,3855867,4500259,0.0
1548,4392569,1202817,0.0
1549,4096612,4409813,2.0
1550,2157499,3852135,54.0
1551,2434497,1437980,0.0
1552,4668030,2634700,26.0
1553,2913556,3913470,0.0
1554,830202,1086605,7.0
1555,4245940,981592,8.0
1556,4589413,3364546,18.0
1557,294574,3088440,2.0
1558,2814017,4445347,4.0
1559,3533123,3086451,4.0
1560,3229914,2949033,0.0
1561,970731,519315,0.0
1562,4688520,2795159,21.0
1563,269252,2041783,8.0
1564,4604264,2264881,0.0
1565,2722351,3640207,1.0
1566,4013082,3639154,30.0
1567,3291892,4597493,12.0
1568,1367655,803481,0.0
1569,3169340,327965,0.0
1570,339567,3863742,19.0
1571,1983366,2984603,72.0
1572,4259589,3414182,2.0
1573,1108548,2216042,6.0
1574,1337541,2322497,0.0
1575,1829249,1776000,18.0
1576,1150506,1371900,1.0
1577,3798250,1328064,4.0
1578,4724359,2245972,0.0
1579,4802205,4060090,1.0
1580,4533563,1194784,0.0
1581,2548298,2894167,0.0
1582,2976480,2265640,0.0
1583,1140217,2539248,7.0
1584,1708548,3128487,0.0
1585,3394276,1828719,0.0
1586,1336173,1310817,3.0
1587,2947741,3844365,23.0
1588,2945223,149736,11.0
1589,2767192,4337224,2.0
1590,3590756,2009973,1.0
1591,2581909,4597942,71.0
1592,4786573,2444440,4.0
1593,3333959,1274808,0.0
1594,585893,1378923,0.0
1595,1629739,1821613,7.0
1596,758145,2677010,0.0
1597,3468777,1065417,16.0
1598,4217929,3666587,1.0
1599,1157430,2300708,6.0
1600,101964,1699954,0.0
1601,1436505,3795525,8.0
1602,2347696,2595595,24.0
1603,2624184,1348594,1.0
1604,813202,3472025,16.0
1605,3720321,1026468,0.0
1606,285390,4757441,0.0
1607,2753362,4057988,3.0
1608,3146672,2707096,0.0
1609,4358141,958601,14.0
1610,908090,325697,5.0
1611,1863670,4355015,20.0
1612,1550064,3302485,0.0
1613,652476,3793631,5.0
1614,3900509,334414,1.0
1615,1974922,3824251,17.0
1616,2171894,2312075,0.0
1617,7648,1105233,3.0
1618,3283833,1886356,11.0
1619,998253,796021,0.0
1620,4588320,3982440,5.0
1621,3492319,3917621,4.0
1622,558571,3113681,0.0
1623,1813311,1042307,0.0
1624,4452445,815993,7.0
1625,259091,4687278,6.0
1626,2664082,82340,4.0
1627,1148355,1142141,15.0
1628,1486685,2635867,61.0
1629,1086513,1586234,10.0
1630,4689344,2803220,0.0
1631,911669,2442177,0.0
1632,4109446,2322663,1.0
1633,440942,3263590,1.0
1634,4031191,2692426,46.0
1635,3839027,3509400,6.0
1636,1604735,1817126,2.0
1637,3269084,137753,0.0
1638,1624821,4566668,0.0
1639,1395639,4467748,9.0
1640,4392240,4085911,0.0
1641,3035217,2815228,1.0
1642,621120,4490886,0.0
1643,979348,3573012,2.0
1644,4597942,2408952,2.0
1645,4490242,4346020,48.0
1646,4857356,838983,28.0
1647,1433583,146049,9.0
1648,4121724,1229401,0.0
1649,3329198,1801676,3.0
1650,1922454,2405212,77.0
1651,331205,570353,14.0
1652,3178553,2635295,0.0
1653,4373282,2050610,2.0
1654,206364,678525,0.0
1655,1309887,3121740,37.0
1656,2926583,3282169,0.0
1657,4105847,3050073,9.0
1658,2028569,3391808,7.0
1659,381694,299257,0.0
1660,366904,3540943,1.0
1661,3341092,838453,4.0
1662,4768938,213917,1.0
1663,4392592,2251789,18.0
1664,4700777,2492280,4.0
1665,3019958,2913438,4.0
1666,953115,338263,21.0
1667,3431400,1069044,29.0
1668,191334,3397645,142.0
1669,1854613,3025335,2.0
1670,2245414,2926500,28.0
1671,3096596,1595656,21.0
1672,3647315,2031809,0.0
1673,4452360,1798255,0.0
1674,1055988,2289744,0.0
1675,4695321,502697,0.0
1676,1729215,1432887,65.0
1677,756454,1135187,0.0
1678,4825117,2791656,13.0
1679,4095564,1735521,0.0
1680,453052,555666,0.0
1681,660102,3217561,11.0
1682,1314264,2037947,0.0
1683,4283855,3106235,0.0
1684,829732,3438447,15.0
1685,1567106,2392359,4.0
1686,2568622,4345793,0.0
1687,847174,720538,7.0
1688,4810264,3403903,0.0
1689,4544880,3882701,2.0
1690,466787,2391386,4.0
1691,2752758,4350947,2.0
1692,3033736,4180743,9.0
1693,1534141,2365633,0.0
1694,845042,4030437,0.0
1695,3676081,3959120,0.0
1696,4787400,821686,2.0
1697,3990283,3661354,0.0
1698,17605,505563,0.0
1699,13751,4421587,1.0
1700,3492398,1981241,0.0
1701,4148739,4761195,7.0
1702,125210,570302,5.0
1703,2891857,2591738,0.0
1704,2022832,1130429,26.0
1705,610208,1513384,5.0
1706,3318070,606201,1.0
1707,4148694,2251958,28.0
1708,2231843,178786,0.0
1709,4739917,4607148,0.0
1710,3959639,1973051,0.0
1711,4669595,3942609,29.0
1712,3385671,4820082,0.0
1713,2719963,4302399,0.0
1714,425140,4144645,1.0
1715,811736,679375,0.0
1716,224552,1374319,53.0
1717,3865877,1895005,44.0
1718,3749748,1864273,2.0
1719,1932926,4091993,32.0
1720,2413519,2739191,53.0
1721,2887639,2351112,1.0
1722,1881600,1918826,8.0
1723,1564261,1707715,7.0
1724,3383620,3114204,13.0
1725,1989230,3787881,16.0
1726,1392717,297879,0.0
1727,3579607,550309,34.0
1728,4337184,314924,158.0
1729,1498781,717384,8.0
1730,4772392,2426217,10.0
1731,2569366,2811227,52.0
1732,1815785,2417200,4.0
1733,471758,4302865,3.0
1734,2260742,2734382,15.0
1735,4415061,3416132,5.0
1736,2655904,649460,0.0
1737,2175599,2833722,0.0
1738,3609793,4595137,0.0
1739,375041,4290690,1.0
1740,4675165,601790,0.0
1741,4256381,3173632,6.0
1742,1890475,4304551,2.0
1743,3191384,1342069,17.0
1744,786633,1561146,1.0
1745,1464372,1513821,0.0
1746,1411730,4078738,0.0
1747,1542411,3288760,4.0
1748,693550,608504,0.0
1749,597807,2702066,1.0
1750,2678495,1754969,0.0
1751,1075781,4861584,1.0
1752,4679257,676325,12.0
1753,1479593,4778717,0.0
1754,715543,1190849,0.0
1755,1564470,2728864,1.0
1756,1761110,1372302,6.0
1757,1749305,532201,2.0
1758,3473063,453257,0.0
1759,2238031,2167783,0.0
1760,420757,1383958,2.0
1761,39963,4107823,2.0
1762,317792,3561262,4.0
1763,1955823,3652986,9.0
1764,2866126,3512945,1.0
1765,1981615,3096828,41.0
1766,1126100,4651509,7.0
1767,1746838,2163256,22.0
1768,1589761,1672121,19.0
1769,3641679,1888220,3.0
1770,3644646,655904,0.0
1771,75278,571370,7.0
1772,1514802,532005,0.0
1773,606263,4113203,4.0
1774,3821504,1164968,0.0
1775,2271643,744460,9.0
1776,71051,3135365,5.0
1777,3207225,2264276,6.0
1778,1382021,4584115,0.0
1779,2415668,2497732,1.0
1780,1658177,4244067,37.0
1781,2525590,2302024,5.0
1782,4846491,1957800,52.0
1783,3198433,3823314,37.0
1784,1220879,3474208,5.0
1785,2938250,4639113,35.0
1786,3052079,1956921,4.0
1787,4732190,4205082,0.0
1788,2557232,4004905,1.0
1789,183960,2918923,0.0
1790,4113405,606898,0.0
1791,3209795,2480532,76.0
1792,2651013,3145551,0.0
1793,2811239,1424079,5.0
1794,2825828,4177994,1.0
1795,491128,3927131,146.0
1796,4674719,3728872,36.0
1797,552835,4759522,0.0
1798,643076,101940,1.0
1799,604305,1032219,0.0
1800,1958906,3744413,0.0
1801,3733752,742195,11.0
1802,1594321,4625087,0.0
1803,2911862,3784408,4.0
1804,349869,2627884,1.0
1805,651837,4058550,12.0
1806,954573,2008925,0.0
1807,4565915,2813261,58.0
1808,1465907,2324744,0.0
1809,4472299,1521471,0.0
1810,4581538,1067585,0.0
1811,3854337,4422019,0.0
1812,2584054,775014,16.0
1813,3852631,3314478,127.0
1814,1630423,2882556,70.0
1815,1341966,1540392,14.0
1816,156140,2340324,1.0
1817,2871053,427804,2.0
1818,3487420,647017,5.0
1819,4643656,3344354,2.0
1820,1396795,1077087,0.0
1821,4751399,1980682,0.0
1822,3433219,2606817,16.0
1823,3698761,3817973,1.0
1824,651351,965340,0.0
1825,116792,4746621,0.0
1826,4851349,3793469,15.0
1827,3541658,1279255,1.0
1828,3721646,621120,27.0
1829,4528745,2248684,0.0
1830,2112778,316192,9.0
1831,1326251,2031436,22.0
1832,2806721,877557,5.0
1833,3838303,2223881,11.0
1834,2363814,2659912,8.0
1835,1300976,1429102,5.0
1836,911200,4402869,27.0
1837,577443,3317934,12.0
1838,4712508,4863728,0.0
1839,3027281,551353,6.0
1840,54650,460554,1.0
1841,194816,4624000,0.0
1842,4413981,2620518,0.0
1843,4223704,4132261,27.0
1844,4475147,3779460,182.0
1845,2000270,1508782,0.0
1846,2579609,13060,2.0
1847,1994441,4322508,3.0
1848,2402800,2571618,0.0
1849,1368123,2205635,0.0
1850,2607301,2616078,4.0
1851,3981172,319752,2.0
1852,3337108,966537,126.0
1853,3925727,49513,0.0
1854,4355658,4383159,1.0
1855,1053284,3420607,0.0
1856,3278182,3593261,11.0
1857,4562839,3588368,1.0
1858,11382,4090004,0.0
1859,873234,478223,6.0
1860,2665930,3201769,0.0
1861,1327147,726135,0.0
1862,4074547,2309358,0.0
1863,1298087,4530678,84.0
1864,2506906,4594495,0.0
1865,2368011,1910808,26.0
1866,4589904,3332036,3.0
1867,1327726,1118381,23.0
1868,3056912,3145991,6.0
1869,1471887,2903733,0.0
1870,4338398,13205,0.0
1871,4492909,4131105,0.0
1872,2148641,4595137,1.0
1873,3971074,703386,0.0
1874,892624,2299269,91.0
1875,1322684,4403612,2.0
1876,3370067,615287,0.0
1877,3458832,4692905,1.0
1878,1249542,273881,0.0
1879,1681099,4334809,1.0
1880,4518416,99929,2.0
1881,2661137,972491,1.0
1882,1310018,1561441,25.0
1883,2895223,1124558,0.0
1884,2636592,2664795,0.0
1885,4787702,3377747,1.0
1886,4494681,2715756,0.0
1887,619552,865515,2.0
1888,2172433,1885045,0.0
1889,995638,2582486,8.0
1890,4420255,54157,0.0
1891,4079340,303517,0.0
1892,2890110,1502867,0.0
1893,3644551,1776703,10.0
1894,4809745,1181373,26.0
1895,4583413,77641,3.0
1896,4787857,1488238,0.0
1897,3645574,1560542,0.0
1898,2058071,4084063,0.0
1899,2606444,2701313,132.0
1900,1607095,1480497,0.0
1901,3231393,4651578,0.0
1902,3287996,2553811,0.0
1903,3142808,1776900,5.0
1904,123691,2655328,4.0
1905,4750696,361098,8.0
1906,1551800,1103366,0.0
1907,1782783,4078473,7.0
1908,4333506,4342717,6.0
1909,2760117,4554989,12.0
1910,2791981,2833751,98.0
1911,1587881,6364,0.0
1912,2932022,2293392,0.0
1913,2126605,6993,0.0
1914,2307585,4334486,9.0
1915,1419142,1312108,4.0
1916,1481222,368896,0.0
1917,826234,2402159,100.0
1918,3792997,3552185,3.0
1919,1676412,3763328,22.0
1920,599191,4727735,4.0
1921,1918795,580211,1.0
1922,3401659,4743417,15.0
1923,2585410,1433994,1.0
1924,2461372,226721,1.0
1925,500201,323760,0.0
1926,3042280,3992147,6.0
1927,812338,2053308,2.0
1928,4442302,4771880,0.0
1929,1596155,959021,1.0
1930,1450153,4522901,0.0
1931,3083369,4586599,0.0
1932,4815111,1432601,8.0
1933,4298943,4586468,55.0
1934,4135447,4851085,0.0
1935,3353466,4294640,47.0
1936,691232,401008,2.0
1937,2803469,1823430,1.0
1938,3869568,1608239,0.0
1939,1395530,4517152,0.0
1940,4026923,12423,0.0
1941,3560845,3289985,0.0
1942,2089379,163021,26.0
1943,2762481,1995073,15.0
1944,3079359,4074179,2.0
1945,261562,3418707,61.0
1946,2436439,260826,0.0
1947,2795446,1237846,0.0
1948,1497370,239765,3.0
1949,742548,1910658,0.0
1950,3510459,3199855,0.0
1951,113182,3410823,1.0
1952,1771597,3195222,0.0
1953,4910,2882216,0.0
1954,3716495,76607,5.0
1955,3772598,877100,0.0
1956,878959,367410,2.0
1957,1848218,1725177,0.0
1958,1914584,1103581,6.0
1959,821120,4561588,4.0
1960,785893,946768,0.0
1961,4822389,4387818,6.0
1962,4348238,991193,1.0
1963,306334,975007,0.0
1964,434593,64001,0.0
1965,3275002,1005459,0.0
1966,701764,3193834,5.0
1967,3991988,4003532,0.0
1968,3928545,2277157,2.0
1969,4066452,2534272,1.0
1970,1776036,4742630,9.0
1971,3492763,4771141,2.0
1972,2018936,163021,2.0
1973,4747431,3823314,24.0
1974,2833239,1568315,3.0
1975,243018,3557617,3.0
1976,951929,2631245,9.0
1977,2476925,208465,0.0
1978,630604,3190741,0.0
1979,671895,2457054,0.0
1980,2220766,4084740,8.0
1981,1270278,2941537,6.0
1982,3532343,3627773,0.0
1983,3131854,1027488,5.0
1984,90690,1457589,0.0
1985,914875,1990908,0.0
1986,408123,1696091,0.0
1987,443904,4737571,15.0
1988,3080022,947544,0.0
1989,1423553,1525727,1.0
1990,3578368,159177,0.0
1991,424411,3625439,2.0
1992,729364,1905523,3.0
1993,1836328,3815840,0.0
1994,3001970,3578789,20.0
1995,1909985,1139895,11.0
1996,2361218,4135197,93.0
1997,4418968,4395510,51.0
1998,3742712,2221607,0.0
1999,695432,253467,0.0
2000,987119,567045,0.0
