0,source,sink,resource_allocation
1,2184483,1300190,0
2,3151356,1452193,0.0007395088590716332
3,1579396,193159,0
4,1406432,2481036,0.032616871212827
5,2389638,593017,0.006229280633719201
6,228206,212805,0.045945261389900884
7,1237964,879115,1.6169717353340663e-05
8,3318124,1840575,0.0017452006980802793
9,4522929,1552625,8.556217239857661e-06
10,3406737,3781412,0
11,1567983,3008412,2.6816681106174636e-05
12,4370932,2906415,0.0004885197850512946
13,286240,474307,0
14,4796773,3115614,5.690547999772378e-05
15,2207765,4354226,0.01792525187979742
16,1283384,279636,0
17,368544,2431466,0.0012150148378344545
18,3921857,4512147,0
19,49037,3175009,1.3112054304884109e-06
20,61633,1064392,0.01382131246186817
21,1459453,654182,0
22,447597,2736867,0
23,2121585,3413796,0
24,933347,1131654,0.001305559916695177
25,3733033,488937,0
26,3023014,2817859,0.0028525641025641023
27,1404783,410037,0
28,1886158,3656408,0.009958880008853538
29,3316731,4579088,0.001132617787515363
30,2369031,1860112,0.00511039563854432
31,2850334,755258,0
32,4606553,2879440,0
33,3013323,2064734,0.0001903380420584395
34,1653770,1190291,0.14173480542216926
35,4540325,202508,0
36,4189431,4404645,0.0014922997826993373
37,1590268,3824559,0
38,2717491,421433,0
39,71500,2156609,0
40,2422900,325927,0
41,784291,4194667,0.0004508566275924256
42,3836480,4207316,0.004223054601019685
43,2570161,3824301,0
44,2574465,1663756,0
45,195757,4324049,0.0003019951826588431
46,3501584,624570,1.1426482014717308e-05
47,2342205,3520804,0
48,2067826,727427,0.00011422004727732
49,4787138,2365654,0.02409008979921655
50,2907109,1536763,0.002898550724637681
51,2979388,2811074,0.00289176257999946
52,2773866,3562714,0.0009118842723400774
53,3467832,3446682,0.00015375153751537516
54,209191,3142365,0.003928998698712256
55,1630356,2157727,0
56,662368,853327,0.0016483979957808814
57,3151576,4278188,1.1176431142007733e-05
58,2671870,4797151,0
59,3536080,614747,0.0016360595268481532
60,2541283,1592987,0.0008364443929153962
61,3848381,903626,0.006211425892449507
62,811898,3593324,0
63,231650,4016607,0.003125608729430031
64,1305368,3362916,0
65,3275981,2183299,0
66,3863858,4710588,9.427825283541846e-06
67,938826,4543397,0.0005016778079850886
68,4705108,2629120,0
69,617435,2721940,0.00021316638620809446
70,2022904,1202849,2.0572936052857464e-05
71,4797294,3735230,0
72,2450052,2549546,0.020833333333333332
73,24523,497993,0
74,4576342,1043689,0.00016976870385085064
75,1875903,2638090,0.013325037915799112
76,930131,1305103,0.0003389788047862334
77,3872353,2516690,0.4773498414728299
78,217062,20388,2.6299382431648004
79,1628755,1120745,0.009877399953735832
80,4033899,2555403,0.015368722524153316
81,4600810,4690043,1.621060822202049e-05
82,2852252,3901568,0.00388882016679562
83,4128817,963520,2.5434578044177527e-05
84,4603833,3538910,0
85,2665129,694605,0
86,2506289,2034494,0
87,3755683,4027183,0
88,281045,1477566,1.0832269152916216
89,525339,4345638,0.4181337422282702
90,2872550,3571822,0
91,3996001,1317062,0
92,1630993,2942968,0
93,3519436,273127,0
94,1072548,4516657,0.011036313685123414
95,3385377,21536,0.0004168085645369659
96,1698628,4155714,0
97,3421725,3521843,0.5727640678834238
98,2930692,138960,0
99,3738701,228193,0
100,1729154,1781627,0
101,3763685,3856235,0
102,2141424,1303746,0
103,4842336,3181505,0.0027624309392265192
104,258948,1471608,0
105,721572,98932,0.0030303030303030303
106,1943690,492035,0.21283020715659048
107,3345713,3762682,0
108,2924614,3377440,0.001775104787616835
109,4112224,1051087,0
110,4110767,2609871,0
111,3922567,307495,0
112,558917,3683147,0.0003517469571077195
113,678764,1677837,4.8773350241428086e-05
114,4064525,2308522,0
115,2628408,2510362,0.003838109513118666
116,4088436,483355,0
117,4294640,2123719,0.05317943642624723
118,1062857,1809556,0
119,3287551,3077116,0
120,2921487,2416082,0
121,2206017,4727122,0.0008708961720543257
122,1601895,4424787,0.002373231335784122
123,4538043,4347620,0.1342349451975307
124,2494024,1709398,0.0033340598210764476
125,2380958,648703,0.007652251229536421
126,3786904,871332,0
127,2705657,852814,0.0001397819401733296
128,2867762,2832683,0
129,4814135,2585300,0
130,1488632,297642,0.00011553443529687765
131,1789514,2955720,0
132,309474,3636323,0.0011148272017837235
133,4115547,879781,1.1639411045801083e-05
134,4771179,77677,0
135,1541973,2681572,0
136,660741,517853,0.0055248618784530384
137,4483428,1765722,0
138,2190643,2947163,0.02
139,2519581,3743967,0.0017238952997466928
140,4202801,710142,0
141,3417866,1598643,0
142,697388,943197,8.378788259641891e-06
143,3899173,1397388,0
144,3150672,3974467,0
145,4449837,3538291,1.6830350075956677e-05
146,35548,3549289,0.0014858841010401188
147,2707088,2136581,0
148,1586232,3610552,0.20299581949000986
149,1735883,1901143,0.0001846040749228335
150,2968005,1495600,5.0973595677439085e-05
151,2873622,3664409,0
152,3691603,3188162,0.0039332937156440345
153,1655116,365416,0.002953017383742437
154,2312268,4219994,0.04556258693824021
155,2349671,204712,0
156,1026366,792812,1.7371491541220067e-05
157,3417564,2307183,0.00038172738915534125
158,3687290,1281414,0
159,3327760,600051,0
160,1299905,4474903,0
161,3881924,783583,0.0007209805335255948
162,111970,2294803,0.0810864794783558
163,3736271,433745,0
164,2807537,2703992,0
165,934509,1653156,0
166,4662733,4764472,0.0010911271550500558
167,1486892,237461,0
168,3026000,4750153,0.014925373134328358
169,2436861,4683579,0.0007827488576093353
170,2295601,494551,0
171,2333576,4066830,0.00030967154289049734
172,1599720,3262474,0.06002613339273115
173,600846,64799,0.002075476328693035
174,1285894,2023333,0.0002382147412448602
175,1590882,971074,0.0057685019638190485
176,357381,908061,0
177,2345122,743875,0.004332812519325562
178,1164538,4273253,0.013596954327548094
179,4624816,1789251,0
180,470204,3779626,2.690551589981462e-06
181,2266717,1367613,0
182,2826267,928903,0.00010070245790477258
183,275804,1725270,1.3112054304884109e-06
184,3980329,4675165,0.010508692544243515
185,41540,1437899,0.005350728954817372
186,1810899,2882556,0.024814392678709603
187,1230845,2027917,0
188,2472742,3567788,0
189,4174076,5480,4.273934816791302e-05
190,4819127,543061,1.3112054304884109e-06
191,1512639,1757836,0.15213732275456468
192,594370,207942,0
193,4066375,4645447,0.000513347022587269
194,1326339,639157,6.204354849615591e-05
195,1429554,3308151,0
196,2622002,3723250,0
197,3341679,524043,1.63481502068041e-05
198,2241048,4039025,0.029892940473933333
199,2529024,1545613,0
200,644069,2596251,1.1426482014717308e-05
201,1813318,1054633,0.0041444442832991825
202,3655158,37400,0.00023072917989777462
203,3418483,362485,0
204,408243,4594685,6.108189374458967e-05
205,2105491,3781492,0
206,738704,4658228,0.002105263157894737
207,2535426,1266511,0.0008420044788546899
208,3014450,2569650,5.466639975164627e-05
209,2635308,3237136,0
210,2749135,3229933,0.30607445418678436
211,1147295,4463463,0
212,495613,3009965,0
213,1376558,291125,0
214,2021517,4634127,2.690551589981462e-06
215,4519174,520390,0.0014461479517744696
216,604125,4360758,0.005405405405405406
217,3828465,3963629,0
218,2957639,4578655,0.027818768860256988
219,4325972,1755579,0.0037735849056603774
220,1039233,3674322,0
221,1901862,4840530,0.0050843878468745645
222,2408015,1321954,2.9144650097600414e-05
223,4781379,52592,0.011799206486113507
224,4583761,4572486,0.13497787431719413
225,1476555,4751012,0.01245982932197505
226,1636856,4208957,0.14838487287894253
227,2038215,4162950,0.2012724093018748
228,4216378,2118739,0.5056292580654929
229,1136996,3640654,5.831583858175881e-05
230,4178366,3164163,0
231,986629,3346537,0.014203135758067633
232,2303520,663713,0.00034002040122407346
233,4708115,738568,0
234,3769409,1960538,0.06086647889339011
235,2844371,3392930,3.333222225925803e-05
236,1320291,3768226,0
237,1817011,3254390,0
238,3337956,1186643,0.2846106183638967
239,414390,2341215,0
240,1185153,4799044,0
241,4182445,4255166,0
242,1429988,4034214,0
243,784476,4743804,0.09568246025314406
244,1567741,2167167,0
245,378193,3858906,0.046867182227261675
246,3193737,852669,4.12847824291966e-05
247,222154,1096330,1.3027063256441185
248,837136,4092142,0.037155303231329276
249,3001803,1421121,0
250,4497472,970834,0
251,78652,876913,0.0010892050462805556
252,1740390,2913793,0.03125
253,4608977,2576561,0
254,2146076,3373346,0
255,4043972,3448830,6.88423877302689e-05
256,2066994,3418202,0.0069114321716465575
257,559972,3695276,0
258,2427345,214090,0
259,1635607,4683806,0
260,4435111,1900279,0
261,541055,1731912,0.002058514166523651
262,1745528,2194526,0.0844793267192705
263,754926,762964,0.00011845534233593936
264,2093716,3996594,0.006088343736440489
265,4640383,987793,0.0034578782302187336
266,4298408,420656,1.3112054304884109e-06
267,4725488,1747009,0.0205839730315346
268,2264477,2991814,0.013514824718944003
269,4421319,4161763,9.803046877954916e-05
270,4007453,1159092,0
271,2690596,3915235,0.0020848697828066134
272,3602451,2065513,4.838149846447752e-05
273,504324,2747208,0.00029260727339568734
274,30083,1972008,0
275,1025903,2722816,0.008933458440847603
276,2607838,4292513,0.008981540637263126
277,132853,1928713,0.011493433009403335
278,1841790,1805282,0
279,699145,2039550,2.496984890744426e-06
280,1632938,2917594,0
281,740264,775607,1.3112054304884109e-06
282,2326042,3593013,0.0002846361864975042
283,2597890,4398241,0
284,4347620,3709618,0
285,2956481,3808878,0.0015721785347961143
286,2421138,2173151,1.1331976190727726
287,3325878,3941234,0.009523809523809525
288,3969780,3375372,0
289,641527,2264701,0.00043031435032727294
290,3750870,214372,0
291,3136757,2292933,0
292,194271,4138613,0
293,4837795,2032867,0.000290327300534862
294,4532809,3889649,0
295,2019222,2153519,0
296,1047207,311498,4.397150646381145e-05
297,2970262,1729215,0.17999602087967181
298,1221209,2747564,0
299,268995,1173364,0
300,4427946,1339329,0.005373181997524934
301,1607490,654860,0.007412022875282575
302,1460872,4581556,0.09075601622685
303,2019845,4577899,0
304,1704367,3164073,1.1426482014717308e-05
305,2745910,3104940,0
306,2133929,3867352,0
307,3871942,4799962,3.187989597807163e-05
308,3257910,588337,0.0025572832707483483
309,765302,2762989,0.000170590242238144
310,3960835,4669648,2.496984890744426e-06
311,2629112,1529484,0.04897911959991816
312,2073048,421699,0
313,4524669,2949748,0.0002574002574002574
314,144060,3080263,7.24501180936925e-06
315,3764504,3328639,0.004672897196261682
316,433097,4052222,1.3112054304884109e-06
317,1986630,2951260,0
318,2398278,209191,0.013811718476558998
319,1974705,1581879,0
320,1443500,1164411,0.006198081521959703
321,3550092,3753484,0
322,3107199,690742,0.0008030986163662354
323,2019781,636552,0
324,3478606,1281736,0
325,919613,1735123,4.4286400742381786e-05
326,1432948,4331707,0.003996186142986183
327,4782388,1065417,0.29137167069520414
328,596337,409262,0
329,4106517,3002541,0.0006045673132163203
330,1065985,4673981,0
331,3757808,890719,0
332,4865292,2472812,0
333,1817278,3209863,0
334,2535495,1937230,0.012906985286891477
335,1524949,2845319,1.3112054304884109e-06
336,2699583,2224526,0
337,3589315,1592667,0
338,1501709,3370956,0
339,2135899,3893892,0.0023263317553615824
340,3380008,1519730,0
341,3120092,4618432,0
342,1322906,784341,0
343,155804,834066,0
344,56567,3302825,0.0016867930685515314
345,432620,112551,1.6614883612740293e-05
346,1239755,165055,0
347,2314931,2658417,0.0007980542867358768
348,3043233,857634,0
349,4444751,719172,0
350,3144674,3401173,0.0019089288150448348
351,2681125,4245138,0
352,4355412,3494128,0
353,4114591,1582028,0.002881844380403458
354,4099850,924833,1.3112054304884109e-06
355,103916,2808644,0.0006019004434224355
356,520324,3222831,0.00026867048815170915
357,3443992,280322,4.03243915000826e-05
358,2008046,4864558,0
359,1981993,463338,0.0001997354835768039
360,3004094,819288,0.006365987489879463
361,4467857,2374812,0
362,1143671,3610611,0.002277904328018223
363,1114213,140603,0
364,2283170,3108276,0
365,3039452,1019859,0.008229930651691482
366,298011,2396903,0.31965358487946177
367,3491637,3299008,0.003246753246753247
368,4345638,1914315,0
369,3193210,370765,0
370,279329,4093834,0
371,1091584,977565,0
372,4310710,290077,0.0013272008348910644
373,3725239,1818269,9.314456035767511e-05
374,1799182,3537761,6.754474839581223e-05
375,4366747,1672058,6.349654929813725e-05
376,2921853,1063377,0.2947470256219418
377,3210136,2558297,1.3112054304884109e-06
378,1618265,2401545,0.006493506493506494
379,335479,673405,0
380,2393127,315060,0
381,2305619,2629421,0
382,94280,1191204,9.56846234810066e-05
383,3396488,1921136,0
384,1184100,1487302,0.00013668741972899885
385,3561479,3836738,1.3112054304884109e-06
386,2920873,2227745,0.0031600199670580565
387,3576624,4268303,0
388,527595,1894941,0.002160612750664429
389,919165,1264290,0
390,4014552,4632479,0.0010145915842666177
391,4135084,17392,0.005788995303024457
392,245914,1905607,1.1426482014717308e-05
393,2618052,4188938,0
394,4836378,4536767,0.0029221972126720667
395,437876,2566889,4.756455760284233
396,2497998,95673,0
397,1036152,502401,0.016105191830763577
398,2585063,3153339,0
399,311952,487639,0.013946799836239008
400,4260998,2255438,0.07366027819003446
401,795918,448525,0
402,2720299,2127901,9.833905338827209e-06
403,1459605,3749748,0.08755495295616089
404,3547614,2860781,0
405,3335130,438964,0
406,1933312,3256959,0.010086898870551465
407,3564448,167816,0.0030850138132538707
408,3432616,2332893,0.0167724883750793
409,2633605,1933805,3.1556691596453026e-05
410,2832099,593309,0.0020737094428472376
411,2366431,4838273,0.001473744187131044
412,623567,2164839,0
413,3994516,1354897,0
414,2315048,2033602,0
415,1637898,4121411,0.0001413827230312456
416,892193,4336282,0
417,4578655,3601327,0.0063249884028974005
418,4152864,1994852,0
419,2533205,2449296,0
420,3035063,3658576,0
421,1063789,1199206,0.0041841004184100415
422,4717616,489300,0
423,3652352,1702417,0.254111801832303
424,1024682,1315850,0
425,2587055,3472626,1.891614501913237e-05
426,2086863,512769,0.14038550176746337
427,1493935,2241589,0.037425047720183714
428,941692,3517094,3.808190321232837e-06
429,2912801,871888,0.00014914243102162565
430,3606548,626239,7.053018583633355e-05
431,2200735,2157328,0
432,3544260,2618757,0
433,1862492,54381,0
434,3445194,2976923,0
435,4114513,3383210,0
436,3744513,1129682,0
437,2055183,1190704,0
438,3592571,377102,0.004347826086956522
439,484479,352855,0.00044606589218941506
440,4518583,1939151,0.011796161973323976
441,2741551,3680201,0.04283035360190274
442,2589986,4298355,0
443,3446506,3393730,0
444,1080614,1486892,0.27812823692813254
445,3819586,3914665,0
446,2232341,2167763,3.359312012899758e-05
447,3663392,2116501,0
448,135756,1415397,0.4017399221170234
449,1304570,762511,0
450,3268179,1312177,0
451,1034420,2582486,0.3817041767850651
452,1395712,207348,0.0016628273658029823
453,28366,1841875,4.431550959010575
454,628921,901150,0
455,2156930,302849,0.024596281534616203
456,4742865,4011635,0.00012023534322572166
457,579052,4286269,0.0031536502776223422
458,3622805,2239775,0
459,1097755,19760,0.039110613624277354
460,4681267,4047729,0.001171343143497345
461,4214037,1124684,0
462,3328824,4725447,0.0001359500235471488
463,1632157,3441172,0.000835421888053467
464,2733872,2966772,1.6614883612740293e-05
465,4402871,3812818,0.5011315387732806
466,1807180,817365,4.458961778656686e-06
467,2763391,4023498,1.3112054304884109e-06
468,1626617,2819030,0
469,4130943,4188416,0
470,467667,4000293,0.018884274499516983
471,585290,2615912,0
472,3437795,2770964,0.0005790985924403042
473,3206172,4186227,0
474,174802,3795595,0
475,4371955,1776702,0.21459390363129022
476,2810159,2277589,0
477,2044305,2746365,0.019360039120164926
478,2952533,3517217,0.001834862385321101
479,2914124,4682995,0.005649717514124294
480,61530,3335540,0.0007368282387180117
481,4591296,1929062,1.7868157313411062e-05
482,4428300,2480985,0.008334107427475567
483,46090,1450214,0.001531392513065862
484,659769,20462,0
485,636099,1164072,1.3112054304884109e-06
486,2407305,95886,0.0001155719134550459
487,1475238,1917370,0.03213239410544183
488,550624,1332575,0.5663244235496367
489,3206394,2933565,0.00010589278844167712
490,3940380,3051327,0.005805093377184944
491,273164,1413055,0.02259564441832443
492,1957538,4839138,0
493,2749267,3859663,0.002414672760255911
494,173719,2037535,0
495,384254,3003794,0.010727424867811976
496,410127,290758,0
497,2586954,1166818,0
498,172972,4299050,0
499,2422604,909677,0
500,4326329,732416,0
501,3476921,4329139,0.29241684432757287
502,2346396,3113197,0
503,1397316,1548423,0
504,4590349,4475906,0.019694481525770795
505,4462368,1729215,0.06937799869045688
506,1327440,2866511,0
507,505918,80983,1.3112054304884109e-06
508,1041665,246307,1.1426482014717308e-05
509,1619831,4149096,0
510,1602676,4821149,0
511,4498800,2530095,0
512,1220744,2494359,0.0006859421887913909
513,3216894,2917270,0
514,823636,3470096,2.496984890744426e-06
515,2464404,2214631,0.009673674437290192
516,2225928,937883,0
517,3874174,3660958,0
518,4510312,4641648,0.18865645760599614
519,1772905,1164032,0.012345679012345678
520,497126,1813537,0
521,3956535,1366076,0
522,311395,4517546,0.0017391304347826088
523,691053,2551093,2.846894038603883e-05
524,1202094,4419310,7.24501180936925e-06
525,2511862,702114,0.0077333484689389
526,1537593,3531111,0.4774361726375702
527,1809060,2755105,0
528,4561995,4101406,0.0018002738026211245
529,1183256,851822,0.6466467189289188
530,2259583,180886,2.496984890744426e-06
531,617956,2413499,0.000545275220444948
532,1294163,515021,0.0064516129032258064
533,2063062,1342577,0.0010542815120361882
534,1800416,2888042,0
535,4691181,4610787,0
536,1834142,3836704,0.0002890158717199614
537,949172,2071647,0.0020964360587002098
538,2536161,4132261,0.19039814644663175
539,625451,3547349,0.009627470184971966
540,2290078,107998,0
541,3494888,248970,0
542,268519,2884416,0
543,158115,4633431,1.494265881003728
544,4699529,317786,0.10266852367967347
545,3256646,751974,0.00041322314049586776
546,3725632,731420,0
547,2171358,4477620,2.4932681759250024e-05
548,931647,1765411,0.004098533632395147
549,2744198,3642845,1.6453321925696797e-05
550,1765731,1258166,3.835385264449814e-05
551,2649630,1742482,0.0012918099392817224
552,1641756,2486979,0.23419469988164499
553,4036817,1703634,0
554,3849807,2866908,0
555,1167211,1840412,0.3569235215688679
556,4766814,3298954,0.006775912127648769
557,947762,3341056,0
558,3136926,4534450,0
559,3730870,3175312,0.3544665744507873
560,2690278,3761780,0.0838259337891994
561,2058283,8356,0
562,2646810,4575002,0
563,3633833,2573172,0.008204212655944882
564,4247331,82320,0.0004545243936239418
565,3983042,2701676,0.013962076229361726
566,2093176,2186222,0
567,1412983,2528294,0.5666913681899273
568,3920505,4846084,0.004831522340819363
569,3320046,4335591,0
570,1262238,1048746,0
571,3059183,1766159,0.22898792790149655
572,1495241,4548619,0.0016914697536151901
573,3717996,3452178,0.00017141310487836221
574,908046,458466,1.1437685162339227e-05
575,319732,3806748,7.931472081218273e-05
576,748200,1665032,0
577,856916,2741764,0.032938081699234796
578,2695621,4579955,0.003103020379144996
579,4016649,3678951,0.0017748784939089688
580,3699726,4642092,0
581,4599604,1537367,0.04538265452824356
582,4323755,1211774,3.82374636927387e-05
583,117178,2785207,0.0001220830195798751
584,2934603,2472584,0.43881708004166214
585,1432887,2529373,0.00046992481203007516
586,4493215,2784278,0
587,4159232,4217711,0.00861504908083125
588,3756910,1193087,0.04585550580410978
589,1648871,4590454,0
590,4458811,3019604,6.591299023718876
591,3148390,2002788,0
592,769445,2986095,0
593,4542296,4029056,0.007873733232201167
594,3097604,4305969,0.001608268399817398
595,3135278,1898689,0.019969628868331663
596,3490385,2303097,0
597,2880138,1230311,2.674136334459111e-05
598,1799854,1094216,0
599,3441024,3198893,0
600,1712592,256053,0.006903537934032643
601,1213060,3485270,0
602,674419,1687481,0
603,2253113,4199739,0.00021515670600743512
604,1687100,4699308,0.07330016310931364
605,1687914,1492115,0
606,4467644,4597686,0.0005116350814465997
607,1287150,4587728,1.1426482014717308e-05
608,885888,2401150,0
609,4059232,1934540,0.032948633517969124
610,2167353,2927967,0.0038461538461538464
611,2431787,2243309,0.0016212444705537407
612,4066935,3061931,0.021706573361566398
613,2912103,2616761,0
614,1451983,4398710,0
615,1760195,3815591,0
616,1268923,4185459,3.0217507945550867e-05
617,3584579,4561007,0
618,3210823,4593452,0
619,2679215,4079576,0
620,3308965,1499488,0.021042435665855126
621,1308257,1360090,0
622,4556619,524247,0.0005361930294906167
623,3464435,3158801,4.0318604792745015e-05
624,4834181,1615948,0
625,4548696,2910685,0.00044099168323266614
626,1486569,380005,0.01693283497564843
627,1221273,4569835,0
628,1504438,1269021,0.0004025094897457723
629,273892,4626132,1.4515684196774615e-05
630,4312824,3833152,1.7926089043228703e-05
631,2240718,1337977,0
632,1187945,4097285,0.00011763409495546383
633,1628691,4570236,0.010557717250324256
634,3764155,1080529,2.496984890744426e-06
635,2259251,4196528,1.3112054304884109e-06
636,2299390,1491019,0
637,1049492,398291,0.0330282311319058
638,233391,2965375,0
639,717673,3995418,0.07171074576479057
640,2941407,2964315,0.0025732278492844795
641,682761,1558128,0.00202020202020202
642,4352101,697201,2.3414729162709914e-05
643,4239933,2533625,0
644,1068581,2394046,0.015833770238203253
645,1176065,3366522,6.367317831036854e-06
646,2913818,4272458,0.3026522935300708
647,4159234,597760,0
648,4818958,708203,0
649,3192626,1092178,0.002638522427440633
650,3438286,4629375,0.00026265046449440557
651,879908,4254453,0
652,1954387,610672,0
653,1452,3373263,0
654,4207021,606980,0
655,1413126,2746611,0
656,3149884,128838,0
657,2598830,299664,0
658,3017206,948009,0.00028698942877801106
659,970600,2125683,8.10348268327962e-05
660,1211741,4121054,0
661,2835234,570107,0.07853507402960513
662,675370,1471569,0.0005711022272986865
663,4610268,1275066,0
664,1584806,1092555,0
665,2904717,762869,0
666,3892708,1170664,0.19322688006262068
667,3976780,1552898,0.0029411764705882353
668,1808958,3153165,0.0009798041293760397
669,3293844,282738,0
670,2027803,2619844,2.846894038603883e-05
671,250137,2976917,0
672,4418160,3626136,0.01151309694474321
673,3372601,3785031,0
674,3318630,701503,1.0761864073564271
675,3961269,303000,1.0126479731850816e-05
676,1978642,1969680,0.0038104593921963717
677,1285540,3833101,0
678,4399173,2631408,2.690551589981462e-06
679,1225417,3677077,0
680,1917370,970119,0
681,716749,4720136,0
682,2164938,2616090,0
683,4021250,1378011,0.0020240956651194405
684,1898939,2124762,0
685,725231,2353568,0
686,1072647,2289244,0
687,3316884,1440533,0
688,2308616,4597182,7.989773090444231e-05
689,2468610,1173627,0
690,4280660,4011543,0
691,4358480,2619379,0.012428526144687393
692,4247587,4266094,0.0021753554005735113
693,1362833,4644467,0.030367922597695652
694,4849080,384166,0
695,2933517,1722935,9.30017991100083e-05
696,251110,4829418,0
697,3046801,4326881,0
698,3300747,409240,0
699,2205989,736972,0.00027778399434630243
700,4759196,2959134,0
701,352777,1582441,0.012802960592540389
702,4732444,4677915,6.612881893929374e-05
703,1450478,3800540,0
704,3345046,4255985,0
705,807609,2070084,0.2299593947307815
706,1893341,2401643,0.0008267847460098256
707,3968198,1413750,0.0027786260994755395
708,3502346,4395778,0.1070280300895701
709,3424526,865480,4.912596623821325e-05
710,3997092,847152,0
711,871619,88771,0.009708737864077669
712,3591727,4128045,1.1426482014717308e-05
713,812874,2576794,0
714,2967237,819090,0.001743516115375412
715,2683846,1765869,0
716,3933860,4187117,0
717,3755255,3173162,0.008387507554081564
718,4479676,2054407,0
719,1092129,4740893,0.0027710711508719277
720,2978353,487236,0
721,2831459,3748022,0.0006858710562414266
722,1861711,3429791,0.2716886824952138
723,128268,3306286,0
724,4447307,3657540,1.3112054304884109e-06
725,4583130,4195270,0.01605454033507556
726,1903802,3756910,0.12808464192754937
727,1226964,4506897,4.014620963083873e-05
728,4122877,478112,0.001327152229214085
729,3531100,4818685,0.00040584415584415587
730,4722544,1565469,0.0033730816332740794
731,492776,2057832,0.144055967656669
732,202406,1370056,0
733,739365,4478927,0
734,3130360,3381180,0
735,3971343,774221,0
736,1639225,497594,0.5254042333495337
737,3080878,3107755,0
738,314720,466302,0.004343120647468474
739,4074945,67911,0
740,4627005,3010945,0.00031246880802022266
741,3763328,2178305,0.0006822402300308205
742,265346,3088232,0.8092919082974681
743,3446384,679574,0.10773667175087075
744,887938,3994705,0
745,3223920,2516690,0.06250131120543048
746,4858799,4350911,1.3112054304884109e-06
747,4510458,1127255,0.033180548837657406
748,2270094,2546813,0
749,4060750,2393523,0.00017954403226060433
750,4282575,3861442,0
751,3251045,3297002,0.00011396041134148049
752,3031208,664506,0.13127585781172163
753,3434262,3173953,0
754,2226291,4082571,0
755,2032980,4096612,0.04391078096163585
756,4143745,683678,0
757,2220133,979255,0.07953128000672416
758,552690,1513515,6.170769634869069e-05
759,2089216,4666032,0
760,734968,4266986,0
761,748396,3222295,0
762,3473274,4010152,0.006877337536748001
763,401726,1700117,0.1653549722199026
764,4205304,4326349,0.00033531254143583247
765,713973,3737538,0
766,268979,3902256,0
767,1774406,2445713,0.00026191723415400735
768,1566271,3727886,0
769,1747009,542316,0.01167636962750324
770,3760607,1428975,0
771,2062066,3937192,0.00010448229025180232
772,2469227,2769934,0
773,463854,2442529,0.0018167918481056893
774,3369814,1205255,0
775,268091,1807947,0
776,3561896,257577,0.004490189258493003
777,4181239,2507601,0
778,745210,3851609,0.00072992700729927
779,4247950,4173475,0.00145985401459854
780,4611286,3527826,0
781,3094990,3311965,5.399276496949409e-05
782,4459514,1633484,0
783,2814285,4198583,0.0014472253606117446
784,2152778,2815618,0.0002070014606936595
785,9202,1609289,0.002310459565645689
786,2858107,3025604,0.0003809966089377496
787,3881850,3284336,0
788,1200874,703387,0
789,1730864,4776931,0.0035727087550965213
790,1976020,3906437,0.0024719461113249467
791,3478937,4411245,0.007208822480013452
792,2606468,2151625,0
793,810847,3601552,0
794,2518054,3994251,0.001994733034227229
795,4730476,3723065,0.030235426635981118
796,2675276,1802531,1.3112054304884109e-06
797,274343,996371,0.00028818443804034583
798,3650803,3477517,0.0010759889676883955
799,1159131,3007594,0.009221872530970667
800,4660393,1063328,0.0004100041000410004
801,1430292,3755407,0
802,4855215,3292438,0.0004987531172069825
803,155341,4215650,0.00641025641025641
804,4791237,668241,0.0031704123879003204
805,504848,1473701,0.0037855461844846414
806,812688,440093,0.5
807,1218819,4522612,0
808,904699,3825480,9.689993690130302e-06
809,3371729,3273144,0.005377422140234942
810,2518902,2524567,6.498741911214299e-06
811,2608048,891969,0
812,133167,3827835,0.0005235602094240838
813,1735998,2685390,2.426477724934485e-06
814,1851023,2661301,0.0005197505197505198
815,4223007,4651979,0.010320292315383953
816,2978385,4096612,0.7153891104258244
817,2982118,2890172,0.0006320505599054632
818,1985096,3281495,0
819,2872865,772280,0
820,1730546,2700195,0
821,3759171,3267798,0
822,1474194,1736248,0.044108146335245166
823,136049,1205898,0
824,779856,2791664,0
825,2976069,2589511,0.3297814077266845
826,56121,3118599,0
827,752326,4027234,0.00020665426741062204
828,1129405,1073098,0
829,4219582,352759,0.0007336757153338225
830,67800,1774334,0.18336111457955817
831,1562061,3275980,0
832,4469172,3056997,0.002305740423239717
833,1632644,2747148,0.0031323444608248687
834,2103452,2394094,0
835,1792282,1275575,0
836,2337068,2777919,0.08043107042024884
837,383188,487074,0
838,3624273,1694426,8.523292724957676e-05
839,1927607,3784976,9.839614287119945e-05
840,2564846,3871166,0
841,469289,3658913,0.011460557000425444
842,3579512,3070342,0
843,3609789,1916723,0.343685628701966
844,1005255,2558769,0.001184834123222749
845,4820881,4005729,0
846,2666350,3968888,0.0017264426379833787
847,979653,1836007,0.10110235690808843
848,3156444,3459373,8.422967748456491e-06
849,3454223,3088232,0.007944914229637492
850,1691726,1990675,0
851,1938140,1764317,0
852,2920273,123591,0
853,4778699,1201096,0
854,267534,1380378,0
855,1135603,2685283,0.10795878626418173
856,4743153,535280,2.690551589981462e-06
857,4164647,4571277,0.0029675722662177192
858,3251800,3853574,0.011969394460357403
859,142496,2824480,0
860,1353165,2287915,0.015832696116456657
861,4721192,3288243,0.8378580635647307
862,148935,1140025,0.2768300322101299
863,754986,4625985,1.3112054304884109e-06
864,3100893,2493630,0
865,1456698,2760565,0
866,3167544,3065172,0.0011568488011220687
867,1615945,2471103,0
868,923082,3893890,0
869,3615734,3970114,0
870,2299912,1008064,0.0010223715356401412
871,609330,1397316,0.004829219239606804
872,2338838,4834648,2.527524263427347e-05
873,2017826,2903363,0.019562600948943982
874,1049150,4124480,0.062362330894221316
875,2608376,3824501,0.0027870638056828986
876,1482666,1660395,0.002333065103671989
877,1306100,1678282,0
878,2826278,3611999,2.9763676409310076e-05
879,2395078,2721855,0.0006779661016949153
880,3680790,2927670,0.0634868911864777
881,4272458,151153,7.24501180936925e-06
882,3596185,1595754,0.05985694307690112
883,370525,4291780,0.0013475695004852568
884,2226097,1974361,0
885,431391,1102747,0
886,300097,726929,3.445661911653229e-05
887,750926,2586375,0.00026132374066154955
888,153480,4192365,0.001968503937007874
889,3506025,212805,0.011001760620131832
890,2452484,2199228,3.445661911653229e-05
891,1233851,3304718,0.020772734277905713
892,456126,2103578,0.002690410337018038
893,3286368,1614313,0
894,759809,1677060,0
895,3538278,1922398,0
896,783972,4757627,0
897,2085193,3886160,0
898,623444,2262983,1.5710178624730964e-05
899,1219418,528928,0.00129612211854908
900,1998627,538998,0
901,573693,3400944,0.0003998763708350321
902,1101947,1959052,0.009174311926605505
903,3887171,617576,0.0062710966411722545
904,4093525,4161490,0
905,1711569,1503250,0
906,1318170,2766614,0.00762595515793341
907,2915489,2434223,0.025
908,4713292,1735687,0
909,4342160,4836932,0
910,563322,1340111,0.07852234917510607
911,922949,1049281,0
912,1455727,1967550,6.6711140760507e-05
913,4347727,2401865,0.012715432161840803
914,1779478,4553620,0
915,820951,1133567,0.013292881866277674
916,1295223,3606238,0
917,234766,1989292,0.03495164022642926
918,495684,2052579,1.0126479731850816e-05
919,2604474,262528,0.0023693773272883837
920,4457096,3095483,0
921,3225386,1483950,2.9846654251440023
922,3959449,2151517,0
923,2695091,2128045,0
924,2245867,2784159,0
925,1719345,2177982,70.17387282899296
926,3795465,4690299,0
927,2902003,1374445,0
928,1895458,1253026,0.014463156130870092
929,888120,888836,0.6866395090301749
930,4866498,2486525,8.175795380562587e-05
931,184687,4696690,0.01588625838689052
932,2871308,1064883,0
933,552693,4180588,0.050711488885373905
934,460696,978745,0
935,3721072,2717219,0.002304071971011676
936,242742,637362,0.041362482209417455
937,4147170,3324817,0.00032880432649078285
938,1299015,127123,0.06543478852066832
939,833087,907052,0.9003516784502769
940,137437,4005148,0
941,2474997,2999710,0
942,4137763,2898182,0
943,475232,3873884,0
944,2519600,3144985,2.9763676409310076e-05
945,851486,1253335,0
946,1484675,2555689,0.002957710160231347
947,863325,3528798,0.006329113924050633
948,865410,2270767,0.1373231401194435
949,1588061,4013191,0.11705882354930865
950,2975625,2363738,1.3112054304884109e-06
951,919101,1522214,0
952,3893222,4116046,0
953,4759359,824031,0
954,3298060,3649303,0
955,1618544,1613382,0
956,2324352,816913,0.027676996798799265
957,4499487,3804486,0
958,861461,2833178,1.3112054304884109e-06
959,2713798,2885043,1.0126479731850816e-05
960,2475214,343584,0.0006031363088057901
961,2815706,716282,0.015354989066361246
962,810494,785119,0
963,3743292,29959,0.05875250490103957
964,4022436,2309371,3.464342768974644e-05
965,1576600,3241571,0.0950670107953703
966,3164595,727760,0
967,2342340,2371785,0
968,3318025,3258850,0.009810919621737703
969,854025,2258576,0
970,3446567,621120,2.200082534580311
971,3067879,2330265,0.03555129375011959
972,989455,1268920,0
973,3517389,843636,0.004122505522276499
974,2506342,1857594,1.3112054304884109e-06
975,863783,4395944,0.014934609435636875
976,1632116,1528823,0
977,2359631,4515216,0.20911379552483333
978,3317934,3629131,0.6042293269399708
979,2932339,2350634,0
980,927463,1514817,0
981,3598083,1721413,0.006154172728290717
982,2429371,9946,0
983,1039279,3411931,0
984,2895068,3918393,0
985,1854023,1483116,0.006211180124223602
986,725415,2082827,0.005649717514124294
987,1202857,1678405,2.690551589981462e-06
988,3689215,1218296,0.003774896111090866
989,4528705,1142702,0.005693957017759687
990,4034438,711824,0
991,3782034,3556169,1.3112054304884109e-06
992,1014721,1666556,0
993,3270580,3395510,0
994,2324422,4426524,1.5220468486019999e-05
995,1194190,345813,7.24501180936925e-06
996,2625217,1996375,0
997,2824005,2211339,0
998,1576591,4166917,1.7635221929493605e-05
999,380525,4664852,0
1000,3993072,2416078,0.004753647817010107
1001,1094048,594102,0.0010716858334947723
1002,4600134,624993,0
1003,2764263,2893207,0
1004,4177865,2882100,0.0005078095174150713
1005,4623321,4808386,0.0109224604868209
1006,3718908,4679904,0.6572004987928919
1007,2745387,3910839,0
1008,3195688,112647,0.007782200449071239
1009,1813368,1770441,2.122322816769095
1010,2009930,4758377,0.00014250421490349404
1011,1787403,2443214,0
1012,4726874,1894531,0
1013,127950,3728341,0.005679519977536884
1014,3794842,3706176,0.22342018799922764
1015,3296250,3535207,0.35756691000393076
1016,4811622,757734,0.003956383965605355
1017,3683564,2701054,0.007051057013763341
1018,1283657,689821,0.008158303439079783
1019,3836659,4321162,0.07731042426265924
1020,1488401,3872415,0.007293538413594
1021,31098,1030864,0.0030129324980421417
1022,2451660,1970291,0.0007478709415837054
1023,718458,3720766,0
1024,2002799,4114575,0.04910830279013199
1025,2005497,2338090,0
1026,2118551,3452067,0
1027,3778796,254059,0.00019115621235833263
1028,4348766,3973930,0
1029,3475909,1973662,0
1030,240027,3855745,0.011271834954718438
1031,4263251,2518627,1.3112054304884109e-06
1032,942440,2191992,1.3112054304884109e-06
1033,850459,456126,9.44518956495457e-06
1034,3716119,3025121,0.011262701565525281
1035,988417,1104604,1.3112054304884109e-06
1036,5221,2981668,0.00021884520779502775
1037,2021460,243830,0
1038,4774646,1196225,0.0018562130495928405
1039,2435515,143446,0.007922018908748663
1040,3941703,211323,0.0016474464579901153
1041,651778,2540894,0.002408036115512709
1042,477326,3487516,0
1043,3861672,3647364,0
1044,4749201,2707342,0.003806080593442533
1045,1255094,3818809,0.0007764951290577726
1046,437391,1021368,0
1047,4817391,4563454,0
1048,3910665,3985168,7.24501180936925e-06
1049,1150281,4486106,0
1050,4858996,1582222,0.00013024225058609013
1051,4204662,2133364,0
1052,3656099,1380448,0
1053,4788248,2048276,0
1054,4716646,448823,0.2423578748655712
1055,2844962,2757201,0.005823915095635747
1056,2161230,2087517,7.24501180936925e-06
1057,3808182,3103806,0
1058,419149,4406065,0
1059,3847967,357466,3.953350464518679e-05
1060,987441,824382,0.0012350713688522364
1061,4762542,2767142,0.013678934158628725
1062,2914647,4841268,0
1063,1275299,1593758,0.05433287551022534
1064,3757241,3248594,0.15052045610897108
1065,219686,2015738,0.0016424648176553648
1066,3249932,1068993,0
1067,2704231,3435043,0
1068,2691310,3640458,0.001007807031315748
1069,2581947,3759750,0
1070,1689039,3927655,0
1071,2694816,2207956,0.0066146848648632834
1072,4405100,2051732,0.004298325888976853
1073,3352123,3510148,0
1074,2584682,3162385,0
1075,2680834,4254453,0.013440860215053764
1076,3202510,2092295,0
1077,4468086,532755,9.44518956495457e-06
1078,575651,4258315,0
1079,2883988,824046,0.02021160713950013
1080,4008358,4483821,0
1081,2939315,3155408,6.812325165832986e-05
1082,4839526,3833152,0
1083,3507863,177506,0.0003062095991739764
1084,4619061,4289016,1.3112054304884109e-06
1085,4380434,3731768,0
1086,3213547,2706025,0
1087,4094697,212805,0.09883130672270736
1088,1927960,1579810,0.0006793446415037536
1089,2640387,100754,2.4296296746037525e-05
1090,3852854,3785477,9.44518956495457e-06
1091,1700836,350886,0
1092,871160,3340066,0
1093,2772925,2456239,0
1094,1548013,1078672,0.014113899457828219
1095,2242956,3882590,0.0008882617771066194
1096,3603630,3489034,0
1097,1064556,3912526,0
1098,19760,5113,0
1099,740005,4510860,0.007642046564314754
1100,4765846,605639,0.010632763995715073
1101,2609436,653633,0.0661453272703436
1102,2766747,321857,0
1103,4094066,1628264,0
1104,1246601,1897862,0
1105,4232521,2779791,0.008923999616366592
1106,2554658,3240496,0.002769571942030731
1107,415254,3129186,0.06197989417142093
1108,4400995,1187964,0.017133000823561513
1109,2850445,1118530,0
1110,3729828,2294440,0.0019945490389729078
1111,3370783,4790649,0.14307454404006864
1112,3001815,74323,0
1113,3394828,2633571,0.1919811958119071
1114,117653,1995601,0
1115,1675257,4723059,0
1116,3897513,733605,0
1117,19484,749672,0.0013340576172329905
1118,4284282,4516132,0.00294192574409808
1119,833524,3841591,0
1120,3879365,4329629,0.008176302240674012
1121,4251792,57883,0.0006519730334557303
1122,2835662,2379122,0
1123,2313654,3448488,0.003055531116225356
1124,3800305,4420839,0.0002297070190938263
1125,399565,2956791,1.99779076745735e-05
1126,579536,3165162,0
1127,225697,982493,0.002086592539370674
1128,457555,1106852,0
1129,4857001,321177,1.089654369707584e-05
1130,4655006,1987945,0.007751937984496124
1131,3163774,3004014,0
1132,4498101,2926541,0.023581446710937322
1133,2807375,3247071,0.00017864720813268149
1134,3222303,1081619,0.0022316300393991737
1135,4736009,1835245,0
1136,401959,2653845,0
1137,813047,3009562,0.0031847133757961785
1138,2899933,536723,0
1139,4154717,2424452,1.1258562145343123
1140,1413512,3299579,0
1141,2940424,1904054,0.00396399243745836
1142,602340,107996,1.3112054304884109e-06
1143,1011757,3739100,0.1268018124561099
1144,940042,4253433,0
1145,3905250,452890,0
1146,3066444,685095,0
1147,1325436,3202770,1.0126479731850816e-05
1148,125872,1465269,0.0045662100456621
1149,3407905,765543,0
1150,2623580,2337217,0.007203811986006943
1151,4211984,2596286,0.012724414051171194
1152,2349594,959247,0.003959276018099547
1153,2061150,3837284,1.7926089043228703e-05
1154,1399058,1796644,0.34760201612548897
1155,12547,957725,5.4398225925089675e-05
1156,2361673,2593954,0
1157,3305322,3169329,2.496984890744426e-06
1158,702865,166306,0.011341391252057478
1159,4311665,2499401,0
1160,4052122,2588244,0
1161,2187451,3356265,0
1162,2544398,4360802,0.0004445729643526293
1163,1164032,4779044,0.01822803195352215
1164,4125905,723257,0.4399775424785645
1165,3169284,2502590,0
1166,1360006,475380,0
1167,3158482,4350093,0.002702702702702703
1168,3082677,3108490,0.0034965034965034965
1169,3139086,4343940,0.007637193221960526
1170,1044619,1269131,0
1171,2390374,4143831,0
1172,4779046,4399430,0
1173,4420475,2868440,0.011387447732506337
1174,815236,2155768,0
1175,1676054,2238637,0.3579363515944293
1176,842454,1847353,0
1177,153792,778021,0
1178,336290,87195,0.09239020220651363
1179,2410512,3528096,0.0030450116346713205
1180,3185337,1129762,0.001663950518533146
1181,4086406,4539579,0.00021238154104959576
1182,4174741,1729680,0
1183,1429183,19269,0
1184,1479088,3296983,0
1185,4139326,1040056,0.17922895696134772
1186,4311720,3703326,0
1187,322366,3277122,0
1188,2153824,4079268,0.0020349035476273005
1189,3690840,3870459,0.0046237897060301255
1190,1351195,899384,4.929441206106225e-05
1191,1434155,4593423,0.5284825467067814
1192,4315651,2905649,0
1193,3064744,4544439,0
1194,4034922,2589566,0
1195,2845752,3671414,0.001706910910225026
1196,3526944,4061862,2.968649610585474e-05
1197,4376408,732151,0
1198,1949391,2153670,0.03456463967972919
1199,654545,2988500,5.699660043335156e-06
1200,4223263,1730211,0
1201,1073493,777566,0
1202,566130,3072002,0.0003258529986325662
1203,2198631,4151869,0.004347826086956522
1204,193805,2692947,8.996087027142045e-05
1205,1076285,3926802,0.04042833035868085
1206,3623028,873318,0
1207,1313574,594010,0.0006753834730301668
1208,4080369,357567,0.003783750345130557
1209,3541501,2386108,0.00011563279967227922
1210,4388455,290600,0.0003869796327745324
1211,978544,4006430,0
1212,2758155,4793999,0
1213,3148813,4008655,0.383482419689619
1214,886710,2924181,0
1215,4600732,1149539,0.013942486614842443
1216,1509450,4095467,0
1217,4572867,1104006,0
1218,4222997,2017471,0.0005022601707684581
1219,979255,2387274,0
1220,3443847,2887128,2.690551589981462e-06
1221,1514261,2948384,0.09387260515384603
1222,4720585,1171375,0
1223,3758681,2083451,0.034355527776462814
1224,475690,4597102,0.10030767444560548
1225,1333051,3296285,0.018028003363390055
1226,4287735,1584619,0
1227,404943,2187723,0.00045157186472208946
1228,4403473,287108,4.677851645455604e-05
1229,1695500,2846784,0.0005554619011804076
1230,1164371,237082,1.3112054304884109e-06
1231,2560408,4305715,0
1232,185853,1109441,0.07804574696231457
1233,4325261,1991267,0.002207505518763797
1234,1223102,3696730,0.002419860998347412
1235,2819109,242455,0
1236,1535073,4743804,0.5114625690703865
1237,762479,2791241,0.0008984725965858042
1238,4147354,4141931,2.514772081299175e-05
1239,547157,624837,0.03468462726367878
1240,4459145,1145009,0.04973859889877883
1241,460728,2556091,0
1242,4306404,4760153,0.000928180522140522
1243,2739333,4405133,1.1426482014717308e-05
1244,3684207,3990211,0.008446023121201206
1245,925412,184085,0.01717273957876567
1246,3694046,1520254,0.2169904910800672
1247,2481712,3463660,0
1248,3089257,428189,0
1249,1896939,1694355,9.44518956495457e-06
1250,2085462,3162560,0.5526998401336318
1251,4315155,4288798,0
1252,2939884,2157122,0
1253,2712752,1770518,0.0004127400132737572
1254,629031,3388216,0.5008842801840053
1255,3259802,4582461,0.0023075857396526508
1256,2870198,4470008,0.09572738901607485
1257,2628106,1238203,0
1258,1181282,657511,0.0004510514435335579
1259,3498717,4516447,0
1260,154714,2622445,3.762510346903454e-05
1261,2261005,4858197,0
1262,3491685,714035,0.07966957410401004
1263,1574437,137934,0
1264,2506473,1266825,1.3112054304884109e-06
1265,2005701,90125,0
1266,272134,3894567,0.005067082515606204
1267,4523563,4529968,0.20484552230417416
1268,680757,377629,1.9619768879122606e-06
1269,362148,3410967,0
1270,2472584,3513910,0.07214981375481341
1271,127619,4234840,2.5955241694503446e-05
1272,1301087,3467005,1.7717453376764425e-05
1273,2631035,3967228,3.8167845359308415e-05
1274,2730650,4519597,0
1275,3392535,3653797,1.669020137432382e-05
1276,775328,1776702,0.5639317545033146
1277,2319421,2990704,1.5990037736351472
1278,4025298,4761250,0.00010451505016722408
1279,4054509,4314283,0.0015856361805513318
1280,4425037,2781628,0
1281,2237222,1192436,0.048239801500929096
1282,3336834,3106848,1.3112054304884109e-06
1283,2494843,2829288,0.0002257336343115124
1284,3216710,4324862,0
1285,1038362,4322367,0
1286,3939380,151427,0.00029482069767723494
1287,3474714,837222,0.0010633350628544193
1288,2690307,848246,0
1289,4258438,1440232,0
1290,1499536,762056,0
1291,1410000,3198135,0.018180909769849235
1292,4079269,890960,0
1293,2761066,724868,7.986030201518246e-05
1294,1445324,4820881,0.008958901084613528
1295,2402582,2354103,0
1296,4117461,4607502,0.0030585483850588176
1297,572226,791325,0.005202524918554916
1298,273715,476407,0.060446233551038855
1299,1747728,3849492,0
1300,3561052,4007276,0.08264364268701024
1301,18331,3593013,0
1302,919215,32933,0
1303,1304820,4276097,0.0001945903872348706
1304,1525671,1400706,0.030751807769934702
1305,3494194,3501344,0
1306,4305360,2759898,0.0005530973451327434
1307,3473703,1105946,0
1308,4793374,2883450,0.06054141753881988
1309,4043495,325891,0
1310,2973142,1374657,0.0007242267362900643
1311,2290322,4486882,0.005422491635988345
1312,2653433,90257,0
1313,4454192,4332029,0
1314,3196935,4053811,0.0003457206512556907
1315,3824752,2725607,0
1316,1745731,2243983,0.016303670088461036
1317,3089513,2403010,0.00045855429472140593
1318,2735303,622071,0
1319,4559986,3378736,2.426477724934485e-06
1320,3600628,2064607,0.006771063279719938
1321,3905067,3393225,0
1322,2096490,1246259,3.8343879859980436
1323,3029390,379057,0
1324,1832518,4370950,0
1325,188743,2092812,0
1326,2447113,410275,0.006496862310815799
1327,2307937,4048147,0.022950675708604432
1328,4690365,1339133,0
1329,3200341,3453522,0.0021598272138228943
1330,2956147,2501960,0.0964626560148003
1331,1227156,3239338,0
1332,3440116,1891147,0
1333,739545,2223912,0
1334,3332801,4155389,0.011528164343755469
1335,4630411,726638,0.00027630496455367505
1336,3292676,2597381,0
1337,4361726,534121,0.31008208379471863
1338,3768380,1423570,1.3951082594197836e-05
1339,176774,1047789,0
1340,2589604,807761,1.3112054304884109e-06
1341,2161208,473130,0.122089413274078
1342,760911,2675321,0.00865966530580674
1343,1674134,2435135,0.0028903792020845056
1344,616538,4161676,2.426477724934485e-06
1345,554768,3078648,0.15968022852059408
1346,3214317,1735883,0.1506784443317144
1347,4398018,3262683,0
1348,1361880,1744811,0.0009122895993903272
1349,1223354,4208140,1.3112054304884109e-06
1350,2377378,2574560,0.05682500338476112
1351,1440901,3482871,0.010932796267307608
1352,69444,3789363,0
1353,3248527,364458,0.08647212251642244
1354,632892,2607954,0
1355,370983,852119,0
1356,3957402,3989690,0.11034429355948097
1357,289215,938763,2.809273297149788e-05
1358,1025283,2977357,0.13637196780695193
1359,3930883,1625272,0.0004077640410842932
1360,1926769,4183382,1.3112054304884109e-06
1361,4299096,4188270,0.02814707207033918
1362,3238785,2616535,0
1363,1325894,2598896,0.006666666666666667
1364,67665,382209,0.0005649717514124294
1365,3658641,1334501,0.02060686540140088
1366,559652,20388,2.1987747216533315
1367,1236650,3245665,0.002044989775051125
1368,444473,3586386,0.0006836305632772524
1369,3893485,105683,0
1370,1262578,3434396,0
1371,4487749,4513294,0
1372,4175026,165651,0.0003492622098208953
1373,456895,3833698,0
1374,4794114,577845,0
1375,3207642,4238096,0
1376,2911256,345296,0
1377,1278054,4085567,0.0016934394934435522
1378,1577581,4420285,0
1379,1979383,4351306,0.02038603857864611
1380,1054015,3135338,0.0010250327182920334
1381,1093575,781031,0
1382,2795094,3649212,0
1383,1233950,3153504,0.2803003751489181
1384,3567284,1497894,0.02218268989533114
1385,1710577,1310839,0
1386,2686174,10115,0
1387,3730580,3067078,0
1388,4655510,243176,0.004328725828983163
1389,4363166,952893,0
1390,4805386,2662315,0.0007728920703211986
1391,773004,435747,7.24501180936925e-06
1392,2853045,3350833,0.05426699097594102
1393,622386,4563330,0.00023089355806972986
1394,326452,580398,0
1395,1677331,1950471,0.0006322267094345734
1396,3696903,4627252,0.2392456540177146
1397,993398,3117644,0.01594072087625942
1398,3946091,261556,0.0013855106775479873
1399,3197538,1772038,0
1400,4261799,3995236,0
1401,3892940,1131169,3.835385264449814e-05
1402,528340,2537385,0
1403,712547,1102206,0.0016863406408094434
1404,4819083,3443517,0.006889810347553952
1405,2586529,2971250,0
1406,3144269,3965490,0.37474635477748214
1407,1453814,4852987,5.957251007464858e-05
1408,395117,3296710,0
1409,4493888,1975369,1.4528759679786136e-05
1410,1677157,4671494,0
1411,4655993,3793690,0.0005042864346949068
1412,3113932,2656185,0
1413,4565735,1072872,0.0025482393255774802
1414,1050485,3041739,0.0006692267835864968
1415,700731,3764731,0.0001682935038707506
1416,1781994,3511998,0
1417,3660326,1588708,0
1418,4505818,2887963,0.000797998300143409
1419,1530855,634165,0
1420,2145365,3777242,0.00609895282613054
1421,1629000,3863501,0.04466865692086978
1422,1139129,294239,0.2412300006797029
1423,4139305,1108809,0
1424,4225437,4674411,0
1425,4454647,225124,0
1426,3446942,3258677,0
1427,292084,2102776,0.008646007142717814
1428,1427709,4747550,0.01340187852316731
1429,697912,4612494,0.11741390335237906
1430,3578545,1604914,0
1431,965813,1277950,0
1432,2522287,3273144,0.010148131582779869
1433,2200489,4626853,0.003941670778916958
1434,551741,4856114,0.0011453583729318856
1435,211987,2616242,2.016914040338765e-05
1436,2119957,2608710,0
1437,340456,2305549,0
1438,143652,336189,7.361082014491479e-05
1439,656728,4390738,0
1440,2060035,4104762,0.020682443815557547
1441,1869476,2462897,0.0005521878080406857
1442,884526,3327588,0
1443,4798911,2351301,0
1444,3711007,101762,9.200789755406269e-05
1445,3374895,314924,0.35542382678640577
1446,4207706,1840022,0.003123025516557194
1447,796367,831156,0
1448,3481117,2900535,0.0013708228648765593
1449,3316377,4094697,0
1450,922843,2710045,0
1451,976193,3888365,0
1452,54323,3358359,0.04442713261658684
1453,3093160,866014,0
1454,1924479,3296013,0.1463241001002464
1455,3004134,4307753,5.3998384682796204e-05
1456,2839397,2652623,0.09677862033504878
1457,2730409,45986,0.006983181772176905
1458,1695915,4259826,0
1459,4461572,3036365,2.32067020955652e-05
1460,733542,4853330,0
1461,455141,1838184,0
1462,532578,4796771,0
1463,218953,4117610,0.001893939393939394
1464,3716915,1548893,0
1465,3053148,2617372,0.00819672131147541
1466,2106673,1599860,1.3112054304884109e-06
1467,4190805,1636302,0
1468,3961117,714236,9.44518956495457e-06
1469,1377969,4565646,0
1470,1008703,1852018,0.05595584815702695
1471,614504,1799445,0
1472,144710,1125599,0
1473,1069609,986979,0
1474,4003133,4204052,0.1902547187570453
1475,2073638,1522373,0.016841369671558352
1476,779591,1358385,0.0022565377182126836
1477,1426916,4448254,0.012439637436755873
1478,2338507,696808,0
1479,1919947,3056079,0.001974192930465447
1480,216300,857288,0
1481,3998824,2428800,5.4080363420042185e-05
1482,3504235,1014927,0.00022368968792477387
1483,2299421,2077429,0.2171757528223211
1484,572208,1306207,0
1485,751949,4753457,0.00029134132787583285
1486,4459325,349769,0.0018214936247723133
1487,2021996,1096690,0.011939990753504957
1488,4582850,4530690,1.3112054304884109e-06
1489,1283175,301577,0.000966183574879227
1490,425592,804801,0.0003426743138571919
1491,2044073,3371037,0
1492,569377,4812681,1.3112054304884109e-06
1493,2185449,2828364,0.01328897423495313
1494,1412406,4302821,0.0059881814302706685
1495,4243983,1853961,0.000819672131147541
1496,317762,801878,0
1497,983607,1480185,0.08580315722320374
1498,3236313,2234069,0.0004868549172346641
1499,3213568,1682097,0
1500,277167,3471248,0
1501,3835319,1977385,0
1502,3451039,36246,0.0025498528931023213
1503,660986,101003,0.01177040689440586
1504,1997835,1654051,0
1505,1620145,1407969,0.0026109660574412533
1506,4308422,3686117,0
1507,3703565,4115825,0.018610053479257822
1508,2313595,3121459,4.5216133116295895e-05
1509,3198069,3383073,0
1510,4109862,4482088,0.0003992419654782401
1511,63419,1701148,0
1512,2739660,3283164,0.00019107199267003822
1513,2169549,2208689,0.0008941683482876312
1514,1450320,1541775,0.0026041666666666665
1515,4278656,4488598,0.012345679012345678
1516,1381293,3720786,0
1517,1548572,2946706,0
1518,2641051,1058048,0
1519,309574,1226975,0.005029614615770914
1520,3600303,433609,0
1521,1479553,342516,0
1522,3653599,4169815,0
1523,702070,3353876,0.10472108472045694
1524,606562,1963907,0.0013642411027082295
1525,1601288,3038110,0.00016490765171503957
1526,2612363,1312254,1.1639411045801083e-05
1527,4384646,690657,0.007043430712433197
1528,4170044,2449547,0.010869565217391304
1529,2787002,2382117,0.03758572890934952
1530,3656282,183794,1.1426482014717308e-05
1531,4757732,4796773,2.4763325430957934
1532,4471609,113182,0.039655174135054816
1533,158235,2647536,0.0071115518185714
1534,3863062,1245989,1.157061977424264
1535,2369634,2796817,0.05754141920194338
1536,4779430,2450275,0
1537,841644,378843,0
1538,2069466,4059533,0.0022026431718061676
1539,4804968,3347711,0
1540,1119602,598319,0.0002821477514949887
1541,3200364,1635042,0.01856191884361767
1542,641893,142116,6.176052467857682e-06
1543,3649600,1586497,0
1544,3705151,1597846,0
1545,2689691,3967571,0
1546,2324971,252017,0.2703956854467428
1547,3855867,4500259,0
1548,4392569,1202817,0
1549,4096612,4409813,2.0201326753772882e-05
1550,2157499,3852135,0.3817573846934792
1551,2434497,1437980,0
1552,4668030,2634700,0.0011516940157039696
1553,2913556,3913470,0
1554,830202,1086605,0.006041573082175875
1555,4245940,981592,0.0004858061434764601
1556,4589413,3364546,0.0024623629944135013
1557,294574,3088440,0.00012106857349506898
1558,2814017,4445347,0.06172384221402668
1559,3533123,3086451,0.0010247450868890314
1560,3229914,2949033,0
1561,970731,519315,0
1562,4688520,2795159,0.03772633012626756
1563,269252,2041783,0.013101978978662113
1564,4604264,2264881,0
1565,2722351,3640207,1.9619768879122606e-06
1566,4013082,3639154,0.02807552036905166
1567,3291892,4597493,0.001531097619755702
1568,1367655,803481,0
1569,3169340,327965,0
1570,339567,3863742,0.07795309847125016
1571,1983366,2984603,2.3317324159971626
1572,4259589,3414182,7.349504679437816e-05
1573,1108548,2216042,0.006241511698052355
1574,1337541,2322497,0
1575,1829249,1776000,0.30444825778409806
1576,1150506,1371900,1.0126479731850816e-05
1577,3798250,1328064,0.006586456969910575
1578,4724359,2245972,0
1579,4802205,4060090,8.165931732810714e-05
1580,4533563,1194784,0
1581,2548298,2894167,0
1582,2976480,2265640,0
1583,1140217,2539248,0.00025921794610860016
1584,1708548,3128487,0
1585,3394276,1828719,0
1586,1336173,1310817,0.000665995485487309
1587,2947741,3844365,0.13520831026755487
1588,2945223,149736,0.002062684733929365
1589,2767192,4337224,0.02929220468675275
1590,3590756,2009973,1.1782310039706385e-05
1591,2581909,4597942,0.06939347607059404
1592,4786573,2444440,0.005395517111206552
1593,3333959,1274808,0
1594,585893,1378923,0
1595,1629739,1821613,0.1572046944096705
1596,758145,2677010,0
1597,3468777,1065417,0.04035516119481594
1598,4217929,3666587,9.427825283541846e-06
1599,1157430,2300708,0.007603742599197805
1600,101964,1699954,0
1601,1436505,3795525,0.00024926232298822464
1602,2347696,2595595,0.05788734174970831
1603,2624184,1348594,9.082239680305163e-06
1604,813202,3472025,0.002853730788250848
1605,3720321,1026468,0
1606,285390,4757441,0
1607,2753362,4057988,0.0005613007777056734
1608,3146672,2707096,0
1609,4358141,958601,0.36815027778815085
1610,908090,325697,0.0050040923927735575
1611,1863670,4355015,0.49958002803340285
1612,1550064,3302485,0
1613,652476,3793631,0.0010471956320848973
1614,3900509,334414,3.1178873195522716e-05
1615,1974922,3824251,0.03711895347166197
1616,2171894,2312075,0
1617,7648,1105233,0.003716420985599781
1618,3283833,1886356,0.0032814853495121803
1619,998253,796021,0
1620,4588320,3982440,0.000205615577233192
1621,3492319,3917621,0.11299988225099834
1622,558571,3113681,0
1623,1813311,1042307,0
1624,4452445,815993,0.007003556837349707
1625,259091,4687278,0.0011615657268455287
1626,2664082,82340,0.003948204555732588
1627,1148355,1142141,0.002346875501345946
1628,1486685,2635867,0.3519948467292531
1629,1086513,1586234,0.017874028335262495
1630,4689344,2803220,0
1631,911669,2442177,0
1632,4109446,2322663,0.000777000777000777
1633,440942,3263590,0.0011723329425556857
1634,4031191,2692426,1.93730876676144
1635,3839027,3509400,0.021344565921025113
1636,1604735,1817126,0.0039811919178477165
1637,3269084,137753,0
1638,1624821,4566668,0
1639,1395639,4467748,0.003392309902472661
1640,4392240,4085911,0
1641,3035217,2815228,1.3112054304884109e-06
1642,621120,4490886,0
1643,979348,3573012,0.000888161216895456
1644,4597942,2408952,0.00022036027857238837
1645,4490242,4346020,2.136813262944656
1646,4857356,838983,0.1386085561701827
1647,1433583,146049,0.11145243543030336
1648,4121724,1229401,0
1649,3329198,1801676,0.00018523010034215176
1650,1922454,2405212,0.844083486114546
1651,331205,570353,0.013004156672934709
1652,3178553,2635295,0
1653,4373282,2050610,2.8041365627457602e-05
1654,206364,678525,0
1655,1309887,3121740,0.0007257608045748332
1656,2926583,3282169,0
1657,4105847,3050073,0.004183845001132346
1658,2028569,3391808,0.1127591609581604
1659,381694,299257,0
1660,366904,3540943,6.6711140760507e-05
1661,3341092,838453,0.0037817748925718098
1662,4768938,213917,0.0002663825253063399
1663,4392592,2251789,0.029514910690142122
1664,4700777,2492280,0.0001508262159468663
1665,3019958,2913438,0.005371866107924463
1666,953115,338263,0.26440842708908613
1667,3431400,1069044,0.026593285470193594
1668,191334,3397645,0.22054044247229598
1669,1854613,3025335,0.004541550331647134
1670,2245414,2926500,0.10593839281900094
1671,3096596,1595656,0.05589091968128804
1672,3647315,2031809,0
1673,4452360,1798255,0
1674,1055988,2289744,0
1675,4695321,502697,0
1676,1729215,1432887,0.11579763735152296
1677,756454,1135187,0
1678,4825117,2791656,0.001005429701325924
1679,4095564,1735521,0
1680,453052,555666,0
1681,660102,3217561,0.12306558518043859
1682,1314264,2037947,0
1683,4283855,3106235,0
1684,829732,3438447,0.046443606972672954
1685,1567106,2392359,2.9410524538116817e-05
1686,2568622,4345793,0
1687,847174,720538,0.00956854947015371
1688,4810264,3403903,0
1689,4544880,3882701,0.00021697655543353032
1690,466787,2391386,3.5450875887019944e-05
1691,2752758,4350947,0.0023106456170526443
1692,3033736,4180743,0.17469830824571972
1693,1534141,2365633,0
1694,845042,4030437,0
1695,3676081,3959120,0
1696,4787400,821686,0.00020573720887207737
1697,3990283,3661354,0
1698,17605,505563,0
1699,13751,4421587,1.0126479731850816e-05
1700,3492398,1981241,0
1701,4148739,4761195,0.004445726455699751
1702,125210,570302,0.009079537610349946
1703,2891857,2591738,0
1704,2022832,1130429,0.3654203290142558
1705,610208,1513384,0.00047669913648693257
1706,3318070,606201,2.9763676409310076e-05
1707,4148694,2251958,0.0007434610380825263
1708,2231843,178786,0
1709,4739917,4607148,0
1710,3959639,1973051,0
1711,4669595,3942609,0.014523679650108395
1712,3385671,4820082,0
1713,2719963,4302399,0
1714,425140,4144645,1.9619768879122606e-06
1715,811736,679375,0
1716,224552,1374319,0.002999092984200592
1717,3865877,1895005,0.005766237389911176
1718,3749748,1864273,0.00038645093622708397
1719,1932926,4091993,0.34464894433065574
1720,2413519,2739191,0.012972370717762565
1721,2887639,2351112,2.1376199739210364e-05
1722,1881600,1918826,0.016780722674894832
1723,1564261,1707715,0.002736212841217665
1724,3383620,3114204,0.019384183810697533
1725,1989230,3787881,0.0004466124430129566
1726,1392717,297879,0
1727,3579607,550309,0.005423169069329655
1728,4337184,314924,0.3454378334808066
1729,1498781,717384,0.002295734392525215
1730,4772392,2426217,0.0025714759133954627
1731,2569366,2811227,0.34406517011190607
1732,1815785,2417200,0.06089631478417325
1733,471758,4302865,3.885614866471176e-05
1734,2260742,2734382,0.007105641808181452
1735,4415061,3416132,0.0015530486951785053
1736,2655904,649460,0
1737,2175599,2833722,0
1738,3609793,4595137,0
1739,375041,4290690,6.84931506849315e-05
1740,4675165,601790,0
1741,4256381,3173632,0.00018314783299517066
1742,1890475,4304551,0.0002002817950173267
1743,3191384,1342069,0.027303925177221012
1744,786633,1561146,1.1426482014717308e-05
1745,1464372,1513821,0
1746,1411730,4078738,0
1747,1542411,3288760,0.010300551318506457
1748,693550,608504,0
1749,597807,2702066,0.002631578947368421
1750,2678495,1754969,0
1751,1075781,4861584,1.1782310039706385e-05
1752,4679257,676325,0.00042054152641207905
1753,1479593,4778717,0
1754,715543,1190849,0
1755,1564470,2728864,0.0001520450053215752
1756,1761110,1372302,0.05591139935638681
1757,1749305,532201,9.25057177055026e-05
1758,3473063,453257,0
1759,2238031,2167783,0
1760,420757,1383958,4.354148170633715e-05
1761,39963,4107823,0.0003921312185733111
1762,317792,3561262,4.338606334307828e-05
1763,1955823,3652986,0.0002239548962672946
1764,2866126,3512945,1.6453321925696797e-05
1765,1981615,3096828,0.09902801805171026
1766,1126100,4651509,0.004249283975390692
1767,1746838,2163256,0.028910746645390433
1768,1589761,1672121,0.0038568970402248584
1769,3641679,1888220,0.011527713968180106
1770,3644646,655904,0
1771,75278,571370,0.0013750380862867424
1772,1514802,532005,0
1773,606263,4113203,0.004301125959984977
1774,3821504,1164968,0
1775,2271643,744460,0.0006157712566579443
1776,71051,3135365,0.11717397848046038
1777,3207225,2264276,0.0002684529077220745
1778,1382021,4584115,0
1779,2415668,2497732,1.1426482014717308e-05
1780,1658177,4244067,2.0448982858238973
1781,2525590,2302024,0.013113549628479094
1782,4846491,1957800,0.0029450213645303624
1783,3198433,3823314,0.36607999368917166
1784,1220879,3474208,0.005585165359042056
1785,2938250,4639113,0.08500627143348939
1786,3052079,1956921,0.004646861062597784
1787,4732190,4205082,0
1788,2557232,4004905,1.9619768879122606e-06
1789,183960,2918923,0
1790,4113405,606898,0
1791,3209795,2480532,0.554267251871616
1792,2651013,3145551,0
1793,2811239,1424079,0.0004068198838283022
1794,2825828,4177994,0.002824858757062147
1795,491128,3927131,1.3771478416305478
1796,4674719,3728872,0.00943797001722463
1797,552835,4759522,0
1798,643076,101940,1.3112054304884109e-06
1799,604305,1032219,0
1800,1958906,3744413,0
1801,3733752,742195,0.04658191465114698
1802,1594321,4625087,0
1803,2911862,3784408,0.00023874272063842725
1804,349869,2627884,0.0049504950495049506
1805,651837,4058550,0.011171432097565485
1806,954573,2008925,0
1807,4565915,2813261,0.004773265799452268
1808,1465907,2324744,0
1809,4472299,1521471,0
1810,4581538,1067585,0
1811,3854337,4422019,0
1812,2584054,775014,0.009503206813196918
1813,3852631,3314478,0.2537390320824721
1814,1630423,2882556,0.06105710193934493
1815,1341966,1540392,0.011456755565036397
1816,156140,2340324,0.0022675736961451248
1817,2871053,427804,0.05115089514066496
1818,3487420,647017,0.009567954117243087
1819,4643656,3344354,0.0016558252462497572
1820,1396795,1077087,0
1821,4751399,1980682,0
1822,3433219,2606817,0.0004353825600562065
1823,3698761,3817973,0.011904761904761904
1824,651351,965340,0
1825,116792,4746621,0
1826,4851349,3793469,0.00444279242220427
1827,3541658,1279255,9.44518956495457e-06
1828,3721646,621120,0.12321751774403716
1829,4528745,2248684,0
1830,2112778,316192,0.01818117848434728
1831,1326251,2031436,3.1532239063981264
1832,2806721,877557,0.0003633799386126501
1833,3838303,2223881,0.008384993224578079
1834,2363814,2659912,0.00024156052469647348
1835,1300976,1429102,4.5830448121332e-05
1836,911200,4402869,0.03583485048024651
1837,577443,3317934,0.013119593995405075
1838,4712508,4863728,0
1839,3027281,551353,0.0002923515060221274
1840,54650,460554,7.24501180936925e-06
1841,194816,4624000,0
1842,4413981,2620518,0
1843,4223704,4132261,0.04821644186303463
1844,4475147,3779460,0.6714726022011768
1845,2000270,1508782,0
1846,2579609,13060,1.3601387933713343e-05
1847,1994441,4322508,0.015244299640398666
1848,2402800,2571618,0
1849,1368123,2205635,0
1850,2607301,2616078,0.0001574490538834487
1851,3981172,319752,0.0007774423071006983
1852,3337108,966537,18.923385916056148
1853,3925727,49513,0
1854,4355658,4383159,0.011764705882352941
1855,1053284,3420607,0
1856,3278182,3593261,0.0005162632743292118
1857,4562839,3588368,1.3112054304884109e-06
1858,11382,4090004,0
1859,873234,478223,0.0005950976096114642
1860,2665930,3201769,0
1861,1327147,726135,0
1862,4074547,2309358,0
1863,1298087,4530678,0.3968523408751172
1864,2506906,4594495,0
1865,2368011,1910808,0.005043833546228373
1866,4589904,3332036,0.0026026579634047427
1867,1327726,1118381,0.007888787020207459
1868,3056912,3145991,0.0007648604880775261
1869,1471887,2903733,0
1870,4338398,13205,0
1871,4492909,4131105,0
1872,2148641,4595137,1.1426482014717308e-05
1873,3971074,703386,0
1874,892624,2299269,0.14333227564101564
1875,1322684,4403612,6.423776997700243e-05
1876,3370067,615287,0
1877,3458832,4692905,0.000779423226812159
1878,1249542,273881,0
1879,1681099,4334809,0.00032562683165092806
1880,4518416,99929,4.805036375481222e-05
1881,2661137,972491,1.1639411045801083e-05
1882,1310018,1561441,0.02320966991749417
1883,2895223,1124558,0
1884,2636592,2664795,0
1885,4787702,3377747,1.3112054304884109e-06
1886,4494681,2715756,0
1887,619552,865515,5.554555140965105e-05
1888,2172433,1885045,0
1889,995638,2582486,0.04829166233091477
1890,4420255,54157,0
1891,4079340,303517,0
1892,2890110,1502867,0
1893,3644551,1776703,0.008585413963709276
1894,4809745,1181373,0.3807799588007396
1895,4583413,77641,0.0003960494690720476
1896,4787857,1488238,0
1897,3645574,1560542,0
1898,2058071,4084063,0
1899,2606444,2701313,0.286734691363904
1900,1607095,1480497,0
1901,3231393,4651578,0
1902,3287996,2553811,0
1903,3142808,1776900,0.0006319509218394777
1904,123691,2655328,0.060859014692782154
1905,4750696,361098,0.05985184336795553
1906,1551800,1103366,0
1907,1782783,4078473,0.0038560266652216354
1908,4333506,4342717,6.682143997068865e-05
1909,2760117,4554989,0.002154729886697677
1910,2791981,2833751,0.7773583736722541
1911,1587881,6364,0
1912,2932022,2293392,0
1913,2126605,6993,0
1914,2307585,4334486,0.010234233164432399
1915,1419142,1312108,0.0028705666577771996
1916,1481222,368896,0
1917,826234,2402159,0.004706927829431442
1918,3792997,3552185,0.0059134243976071265
1919,1676412,3763328,1.3633831029103942
1920,599191,4727735,0.00044890906999477717
1921,1918795,580211,0.0004329004329004329
1922,3401659,4743417,0.0005953561638991949
1923,2585410,1433994,1.1426482014717308e-05
1924,2461372,226721,1.3112054304884109e-06
1925,500201,323760,0
1926,3042280,3992147,0.015610147673760484
1927,812338,2053308,0.026234567901234566
1928,4442302,4771880,0
1929,1596155,959021,1.1782310039706385e-05
1930,1450153,4522901,0
1931,3083369,4586599,0
1932,4815111,1432601,0.005964043449074693
1933,4298943,4586468,0.0011778901970481241
1934,4135447,4851085,0
1935,3353466,4294640,0.1372154597565982
1936,691232,401008,5.826735702859935e-05
1937,2803469,1823430,0.00016742005692281934
1938,3869568,1608239,0
1939,1395530,4517152,0
1940,4026923,12423,0
1941,3560845,3289985,0
1942,2089379,163021,0.0879886612759441
1943,2762481,1995073,0.00021345350178799967
1944,3079359,4074179,0.0003572998278207095
1945,261562,3418707,0.1371310287506499
1946,2436439,260826,0
1947,2795446,1237846,0
1948,1497370,239765,0.0005404699601615134
1949,742548,1910658,0
1950,3510459,3199855,0
1951,113182,3410823,2.9763676409310076e-05
1952,1771597,3195222,0
1953,4910,2882216,0
1954,3716495,76607,0.0003433039008750588
1955,3772598,877100,0
1956,878959,367410,0.003338081528094351
1957,1848218,1725177,0
1958,1914584,1103581,8.908288414885896e-05
1959,821120,4561588,0.003271219658736416
1960,785893,946768,0
1961,4822389,4387818,0.021659055216134787
1962,4348238,991193,0.014705882352941176
1963,306334,975007,0
1964,434593,64001,0
1965,3275002,1005459,0
1966,701764,3193834,0.012310804387197831
1967,3991988,4003532,0
1968,3928545,2277157,0.000349711514630075
1969,4066452,2534272,1.4615609470914937e-05
1970,1776036,4742630,0.00017095161105369326
1971,3492763,4771141,0.00010587820837143966
1972,2018936,163021,0.009315804353972293
1973,4747431,3823314,0.2297721373345933
1974,2833239,1568315,0.0130585764845697
1975,243018,3557617,0.042294482358713595
1976,951929,2631245,0.05125035669707498
1977,2476925,208465,0
1978,630604,3190741,0
1979,671895,2457054,0
1980,2220766,4084740,0.004063243507641514
1981,1270278,2941537,0.010145547037872377
1982,3532343,3627773,0
1983,3131854,1027488,0.03335978328348101
1984,90690,1457589,0
1985,914875,1990908,0
1986,408123,1696091,0
1987,443904,4737571,0.0002534007247647903
1988,3080022,947544,0
1989,1423553,1525727,2.426477724934485e-06
1990,3578368,159177,0
1991,424411,3625439,3.635916377396733e-05
1992,729364,1905523,0.0013436384274709682
1993,1836328,3815840,0
1994,3001970,3578789,0.02880579339901972
1995,1909985,1139895,0.0901772022348326
1996,2361218,4135197,2.5982601380693495
1997,4418968,4395510,2.0146023899875556
1998,3742712,2221607,0
1999,695432,253467,0
2000,987119,567045,0
